pdb_id,ligand,source,scenario,pose_name,method,mapping_coverage,rmsd_angstrom,n_atoms_ref,n_atoms_pose,n_atoms_mapped,pose_path,error
7K6J,VYY,diffdock_sdf,diffdock,rank2_confidence-0.13|idx_2,atom_name,0.1481481481481481,4.704240618859416,27.0,27.0,4.0,output/diffdock_workflow/poses/7K6J/complex_0/rank2_confidence-0.13.sdf,No sub-structure match found between the reference and probe mol
7K6J,VYY,diffdock_sdf,diffdock,rank1|idx_1,atom_name,0.1481481481481481,4.457808173574774,27.0,27.0,4.0,output/diffdock_workflow/poses/7K6J/complex_0/rank1.sdf,No sub-structure match found between the reference and probe mol
7K6J,VYY,diffdock_sdf,diffdock,rank1_confidence-0.06|idx_1,atom_name,0.1481481481481481,4.457808173574774,27.0,27.0,4.0,output/diffdock_workflow/poses/7K6J/complex_0/rank1_confidence-0.06.sdf,No sub-structure match found between the reference and probe mol
7K6J,VYY,diffdock_sdf,diffdock,rank4_confidence-0.28|idx_4,atom_name,0.1481481481481481,3.6843519280224832,27.0,27.0,4.0,output/diffdock_workflow/poses/7K6J/complex_0/rank4_confidence-0.28.sdf,No sub-structure match found between the reference and probe mol
7K6J,VYY,diffdock_sdf,diffdock,rank3_confidence-0.23|idx_3,atom_name,0.1481481481481481,3.579725002270283,27.0,27.0,4.0,output/diffdock_workflow/poses/7K6J/complex_0/rank3_confidence-0.23.sdf,No sub-structure match found between the reference and probe mol
6C7X,EO7,diffdock_sdf,diffdock,rank4_confidence0.09|idx_4,atom_name,0.1666666666666666,6.418195145910891,24.0,24.0,4.0,output/diffdock_workflow/poses/6C7X/complex_0/rank4_confidence0.09.sdf,No sub-structure match found between the reference and probe mol
6C7X,EO7,diffdock_sdf,diffdock,rank1|idx_1,atom_name,0.1666666666666666,6.3893520923294895,24.0,24.0,4.0,output/diffdock_workflow/poses/6C7X/complex_0/rank1.sdf,No sub-structure match found between the reference and probe mol
6C7X,EO7,diffdock_sdf,diffdock,rank1_confidence0.22|idx_1,atom_name,0.1666666666666666,6.3893520923294895,24.0,24.0,4.0,output/diffdock_workflow/poses/6C7X/complex_0/rank1_confidence0.22.sdf,No sub-structure match found between the reference and probe mol
6C7X,EO7,diffdock_sdf,diffdock,rank3_confidence0.11|idx_3,atom_name,0.1666666666666666,6.316104449504088,24.0,24.0,4.0,output/diffdock_workflow/poses/6C7X/complex_0/rank3_confidence0.11.sdf,No sub-structure match found between the reference and probe mol
6C7X,EO7,diffdock_sdf,diffdock,rank2_confidence0.14|idx_2,atom_name,0.1666666666666666,6.276178489938027,24.0,24.0,4.0,output/diffdock_workflow/poses/6C7X/complex_0/rank2_confidence0.14.sdf,No sub-structure match found between the reference and probe mol
7K6K,VZ1,diffdock_sdf,diffdock,rank4_confidence-0.49|idx_4,atom_name,0.1785714285714285,5.60523069209466,28.0,28.0,5.0,output/diffdock_workflow/poses/7K6K/complex_0/rank4_confidence-0.49.sdf,No sub-structure match found between the reference and probe mol
7K6K,VZ1,diffdock_sdf,diffdock,rank3_confidence-0.46|idx_3,atom_name,0.1785714285714285,5.492500005551957,28.0,28.0,5.0,output/diffdock_workflow/poses/7K6K/complex_0/rank3_confidence-0.46.sdf,No sub-structure match found between the reference and probe mol
7K6K,VZ1,diffdock_sdf,diffdock,rank1|idx_1,atom_name,0.1785714285714285,5.389574674036548,28.0,28.0,5.0,output/diffdock_workflow/poses/7K6K/complex_0/rank1.sdf,No sub-structure match found between the reference and probe mol
7K6K,VZ1,diffdock_sdf,diffdock,rank1_confidence-0.40|idx_1,atom_name,0.1785714285714285,5.389574674036548,28.0,28.0,5.0,output/diffdock_workflow/poses/7K6K/complex_0/rank1_confidence-0.40.sdf,No sub-structure match found between the reference and probe mol
7K6K,VZ1,diffdock_sdf,diffdock,rank2_confidence-0.43|idx_2,atom_name,0.1785714285714285,4.955945899865474,28.0,28.0,5.0,output/diffdock_workflow/poses/7K6K/complex_0/rank2_confidence-0.43.sdf,No sub-structure match found between the reference and probe mol
7K6L,VZD,diffdock_sdf,diffdock,rank2_confidence-0.56|idx_2,atom_name,0.1851851851851851,5.185445315394709,27.0,27.0,5.0,output/diffdock_workflow/poses/7K6L/complex_0/rank2_confidence-0.56.sdf,No sub-structure match found between the reference and probe mol
7K6L,VZD,diffdock_sdf,diffdock,rank1|idx_1,atom_name,0.1851851851851851,3.749201198958097,27.0,27.0,5.0,output/diffdock_workflow/poses/7K6L/complex_0/rank1.sdf,No sub-structure match found between the reference and probe mol
7K6L,VZD,diffdock_sdf,diffdock,rank1_confidence-0.38|idx_1,atom_name,0.1851851851851851,3.749201198958097,27.0,27.0,5.0,output/diffdock_workflow/poses/7K6L/complex_0/rank1_confidence-0.38.sdf,No sub-structure match found between the reference and probe mol
7K6L,VZD,diffdock_sdf,diffdock,rank4_confidence-0.66|idx_4,atom_name,0.1851851851851851,3.156104308343296,27.0,27.0,5.0,output/diffdock_workflow/poses/7K6L/complex_0/rank4_confidence-0.66.sdf,No sub-structure match found between the reference and probe mol
7K6L,VZD,diffdock_sdf,diffdock,rank3_confidence-0.63|idx_3,atom_name,0.1851851851851851,3.14849992307515,27.0,27.0,5.0,output/diffdock_workflow/poses/7K6L/complex_0/rank3_confidence-0.63.sdf,No sub-structure match found between the reference and probe mol
7JNX,VGS,diffdock_sdf,diffdock,rank2_confidence0.14|idx_2,atom_name,0.1875,2.0255056661500337,16.0,16.0,3.0,output/diffdock_workflow/poses/7JNX/complex_0/rank2_confidence0.14.sdf,No sub-structure match found between the reference and probe mol
7JNX,VGS,diffdock_sdf,diffdock,rank4_confidence0.08|idx_4,atom_name,0.1875,2.0062720803229066,16.0,16.0,3.0,output/diffdock_workflow/poses/7JNX/complex_0/rank4_confidence0.08.sdf,No sub-structure match found between the reference and probe mol
7JNX,VGS,diffdock_sdf,diffdock,rank3_confidence0.10|idx_3,atom_name,0.1875,1.998759019066232,16.0,16.0,3.0,output/diffdock_workflow/poses/7JNX/complex_0/rank3_confidence0.10.sdf,No sub-structure match found between the reference and probe mol
7JNX,VGS,diffdock_sdf,diffdock,rank1|idx_1,atom_name,0.1875,1.9616859032020169,16.0,16.0,3.0,output/diffdock_workflow/poses/7JNX/complex_0/rank1.sdf,No sub-structure match found between the reference and probe mol
7JNX,VGS,diffdock_sdf,diffdock,rank1_confidence0.16|idx_1,atom_name,0.1875,1.9616859032020169,16.0,16.0,3.0,output/diffdock_workflow/poses/7JNX/complex_0/rank1_confidence0.16.sdf,No sub-structure match found between the reference and probe mol
3M5E,JDR,diffdock_sdf,diffdock,rank4_confidence-0.02|idx_4,atom_name,0.217391304347826,4.179446138580823,23.0,23.0,5.0,output/diffdock_workflow/poses/3M5E/complex_0/rank4_confidence-0.02.sdf,No sub-structure match found between the reference and probe mol
3M5E,JDR,diffdock_sdf,diffdock,rank1|idx_1,atom_name,0.217391304347826,4.011424350325408,23.0,23.0,5.0,output/diffdock_workflow/poses/3M5E/complex_0/rank1.sdf,No sub-structure match found between the reference and probe mol
3M5E,JDR,diffdock_sdf,diffdock,rank1_confidence0.03|idx_1,atom_name,0.217391304347826,4.011424350325408,23.0,23.0,5.0,output/diffdock_workflow/poses/3M5E/complex_0/rank1_confidence0.03.sdf,No sub-structure match found between the reference and probe mol
3M5E,JDR,diffdock_sdf,diffdock,rank2_confidence0.03|idx_2,atom_name,0.217391304347826,3.961240963072664,23.0,23.0,5.0,output/diffdock_workflow/poses/3M5E/complex_0/rank2_confidence0.03.sdf,No sub-structure match found between the reference and probe mol
3M5E,JDR,diffdock_sdf,diffdock,rank3_confidence0.01|idx_3,atom_name,0.217391304347826,3.929378631477176,23.0,23.0,5.0,output/diffdock_workflow/poses/3M5E/complex_0/rank3_confidence0.01.sdf,No sub-structure match found between the reference and probe mol
3MHO,J43,diffdock_sdf,diffdock,rank4_confidence-0.61|idx_4,atom_name,0.2272727272727272,4.1409190338229,22.0,22.0,5.0,output/diffdock_workflow/poses/3MHO/complex_0/rank4_confidence-0.61.sdf,No sub-structure match found between the reference and probe mol
3MHO,J43,diffdock_sdf,diffdock,rank3_confidence-0.48|idx_3,atom_name,0.2272727272727272,3.0399285818522888,22.0,22.0,5.0,output/diffdock_workflow/poses/3MHO/complex_0/rank3_confidence-0.48.sdf,No sub-structure match found between the reference and probe mol
3MHO,J43,diffdock_sdf,diffdock,rank1|idx_1,atom_name,0.2272727272727272,2.435278659416358,22.0,22.0,5.0,output/diffdock_workflow/poses/3MHO/complex_0/rank1.sdf,No sub-structure match found between the reference and probe mol
3MHO,J43,diffdock_sdf,diffdock,rank1_confidence-0.37|idx_1,atom_name,0.2272727272727272,2.435278659416358,22.0,22.0,5.0,output/diffdock_workflow/poses/3MHO/complex_0/rank1_confidence-0.37.sdf,No sub-structure match found between the reference and probe mol
3MHO,J43,diffdock_sdf,diffdock,rank2_confidence-0.41|idx_2,atom_name,0.2272727272727272,2.424895360539259,22.0,22.0,5.0,output/diffdock_workflow/poses/3MHO/complex_0/rank2_confidence-0.41.sdf,No sub-structure match found between the reference and probe mol
7K6I,VYV,diffdock_sdf,diffdock,rank3_confidence-0.29|idx_3,atom_name,0.2307692307692307,5.377032510431548,26.0,26.0,6.0,output/diffdock_workflow/poses/7K6I/complex_0/rank3_confidence-0.29.sdf,No sub-structure match found between the reference and probe mol
7K6I,VYV,diffdock_sdf,diffdock,rank1|idx_1,atom_name,0.2307692307692307,5.288223752443509,26.0,26.0,6.0,output/diffdock_workflow/poses/7K6I/complex_0/rank1.sdf,No sub-structure match found between the reference and probe mol
7K6I,VYV,diffdock_sdf,diffdock,rank1_confidence0.02|idx_1,atom_name,0.2307692307692307,5.288223752443509,26.0,26.0,6.0,output/diffdock_workflow/poses/7K6I/complex_0/rank1_confidence0.02.sdf,No sub-structure match found between the reference and probe mol
7K6I,VYV,diffdock_sdf,diffdock,rank2_confidence-0.02|idx_2,atom_name,0.2307692307692307,5.223106359706807,26.0,26.0,6.0,output/diffdock_workflow/poses/7K6I/complex_0/rank2_confidence-0.02.sdf,No sub-structure match found between the reference and probe mol
7K6I,VYV,diffdock_sdf,diffdock,rank4_confidence-0.32|idx_4,atom_name,0.2307692307692307,5.074430799960478,26.0,26.0,6.0,output/diffdock_workflow/poses/7K6I/complex_0/rank4_confidence-0.32.sdf,No sub-structure match found between the reference and probe mol
6YRI,DHC,diffdock_sdf,diffdock,rank3_confidence-0.07|idx_3,atom_name,0.2307692307692307,0.3401062831152824,13.0,13.0,3.0,output/diffdock_workflow/poses/6YRI/complex_0/rank3_confidence-0.07.sdf,No sub-structure match found between the reference and probe mol
6YRI,DHC,diffdock_sdf,diffdock,rank4_confidence-0.14|idx_4,atom_name,0.2307692307692307,0.3149219237647008,13.0,13.0,3.0,output/diffdock_workflow/poses/6YRI/complex_0/rank4_confidence-0.14.sdf,No sub-structure match found between the reference and probe mol
6YRI,DHC,diffdock_sdf,diffdock,rank1|idx_1,atom_name,0.2307692307692307,0.1223546265260388,13.0,13.0,3.0,output/diffdock_workflow/poses/6YRI/complex_0/rank1.sdf,No sub-structure match found between the reference and probe mol
6YRI,DHC,diffdock_sdf,diffdock,rank1_confidence0.14|idx_1,atom_name,0.2307692307692307,0.1223546265260388,13.0,13.0,3.0,output/diffdock_workflow/poses/6YRI/complex_0/rank1_confidence0.14.sdf,No sub-structure match found between the reference and probe mol
6YRI,DHC,diffdock_sdf,diffdock,rank2_confidence0.09|idx_2,atom_name,0.2307692307692307,0.0807502158269392,13.0,13.0,3.0,output/diffdock_workflow/poses/6YRI/complex_0/rank2_confidence0.09.sdf,No sub-structure match found between the reference and probe mol
6WKA,U4V,diffdock_sdf,diffdock,rank4_confidence-0.99|idx_4,atom_name,0.2424242424242424,5.500415557330833,33.0,33.0,8.0,output/diffdock_workflow/poses/6WKA/complex_0/rank4_confidence-0.99.sdf,No sub-structure match found between the reference and probe mol
6WKA,U4V,diffdock_sdf,diffdock,rank1|idx_1,atom_name,0.2424242424242424,5.329002607152291,33.0,33.0,8.0,output/diffdock_workflow/poses/6WKA/complex_0/rank1.sdf,No sub-structure match found between the reference and probe mol
6WKA,U4V,diffdock_sdf,diffdock,rank1_confidence-0.90|idx_1,atom_name,0.2424242424242424,5.329002607152291,33.0,33.0,8.0,output/diffdock_workflow/poses/6WKA/complex_0/rank1_confidence-0.90.sdf,No sub-structure match found between the reference and probe mol
6WKA,U4V,diffdock_sdf,diffdock,rank3_confidence-0.92|idx_3,atom_name,0.2424242424242424,4.505858263854807,33.0,33.0,8.0,output/diffdock_workflow/poses/6WKA/complex_0/rank3_confidence-0.92.sdf,No sub-structure match found between the reference and probe mol
6WKA,U4V,diffdock_sdf,diffdock,rank2_confidence-0.91|idx_2,atom_name,0.2424242424242424,3.5834665062130204,33.0,33.0,8.0,output/diffdock_workflow/poses/6WKA/complex_0/rank2_confidence-0.91.sdf,No sub-structure match found between the reference and probe mol
4HT0,V50,diffdock_sdf,diffdock,rank4_confidence-0.64|idx_4,atom_name,0.2608695652173913,2.5423082752771724,23.0,23.0,6.0,output/diffdock_workflow/poses/4HT0/complex_0/rank4_confidence-0.64.sdf,No sub-structure match found between the reference and probe mol
4HT0,V50,diffdock_sdf,diffdock,rank3_confidence-0.47|idx_3,atom_name,0.2608695652173913,2.511279023618708,23.0,23.0,6.0,output/diffdock_workflow/poses/4HT0/complex_0/rank3_confidence-0.47.sdf,No sub-structure match found between the reference and probe mol
4HT0,V50,diffdock_sdf,diffdock,rank2_confidence-0.25|idx_2,atom_name,0.2608695652173913,2.510802916995716,23.0,23.0,6.0,output/diffdock_workflow/poses/4HT0/complex_0/rank2_confidence-0.25.sdf,No sub-structure match found between the reference and probe mol
4HT0,V50,diffdock_sdf,diffdock,rank1|idx_1,atom_name,0.2608695652173913,2.262622204566763,23.0,23.0,6.0,output/diffdock_workflow/poses/4HT0/complex_0/rank1.sdf,No sub-structure match found between the reference and probe mol
4HT0,V50,diffdock_sdf,diffdock,rank1_confidence-0.22|idx_1,atom_name,0.2608695652173913,2.262622204566763,23.0,23.0,6.0,output/diffdock_workflow/poses/4HT0/complex_0/rank1_confidence-0.22.sdf,No sub-structure match found between the reference and probe mol
6C7W,LMS,diffdock_sdf,diffdock,rank1|idx_1,atom_name,0.2608695652173913,0.7172305670320395,23.0,23.0,6.0,output/diffdock_workflow/poses/6C7W/complex_0/rank1.sdf,No sub-structure match found between the reference and probe mol
6C7W,LMS,diffdock_sdf,diffdock,rank1_confidence0.43|idx_1,atom_name,0.2608695652173913,0.7172305670320395,23.0,23.0,6.0,output/diffdock_workflow/poses/6C7W/complex_0/rank1_confidence0.43.sdf,No sub-structure match found between the reference and probe mol
6C7W,LMS,diffdock_sdf,diffdock,rank4_confidence0.41|idx_4,atom_name,0.2608695652173913,0.6861703302207356,23.0,23.0,6.0,output/diffdock_workflow/poses/6C7W/complex_0/rank4_confidence0.41.sdf,No sub-structure match found between the reference and probe mol
6C7W,LMS,diffdock_sdf,diffdock,rank2_confidence0.42|idx_2,atom_name,0.2608695652173913,0.6630496443645726,23.0,23.0,6.0,output/diffdock_workflow/poses/6C7W/complex_0/rank2_confidence0.42.sdf,No sub-structure match found between the reference and probe mol
6C7W,LMS,diffdock_sdf,diffdock,rank3_confidence0.41|idx_3,atom_name,0.2608695652173913,0.6441940141650001,23.0,23.0,6.0,output/diffdock_workflow/poses/6C7W/complex_0/rank3_confidence0.41.sdf,No sub-structure match found between the reference and probe mol
6R6J,JTW,diffdock_sdf,diffdock,rank1|idx_1,atom_name,0.2692307692307692,1.9754118575024544,52.0,26.0,7.0,output/diffdock_workflow/poses/6R6J/complex_0/rank1.sdf,No sub-structure match found between the reference and probe mol
6R6J,JTW,diffdock_sdf,diffdock,rank1_confidence0.30|idx_1,atom_name,0.2692307692307692,1.9754118575024544,52.0,26.0,7.0,output/diffdock_workflow/poses/6R6J/complex_0/rank1_confidence0.30.sdf,No sub-structure match found between the reference and probe mol
6R6J,JTW,diffdock_sdf,diffdock,rank3_confidence0.12|idx_3,atom_name,0.2692307692307692,1.6866582464368556,52.0,26.0,7.0,output/diffdock_workflow/poses/6R6J/complex_0/rank3_confidence0.12.sdf,No sub-structure match found between the reference and probe mol
6R6J,JTW,diffdock_sdf,diffdock,rank4_confidence0.11|idx_4,atom_name,0.2692307692307692,1.4195435956653375,52.0,26.0,7.0,output/diffdock_workflow/poses/6R6J/complex_0/rank4_confidence0.11.sdf,No sub-structure match found between the reference and probe mol
6R6J,JTW,diffdock_sdf,diffdock,rank2_confidence0.14|idx_2,atom_name,0.2692307692307692,1.3961733498864104,52.0,26.0,7.0,output/diffdock_workflow/poses/6R6J/complex_0/rank2_confidence0.14.sdf,No sub-structure match found between the reference and probe mol
5LLH,V49,diffdock_sdf,diffdock,rank1|idx_1,atom_name,0.2916666666666667,2.62138884449881,24.0,24.0,7.0,output/diffdock_workflow/poses/5LLH/complex_0/rank1.sdf,No sub-structure match found between the reference and probe mol
5LLH,V49,diffdock_sdf,diffdock,rank1_confidence0.57|idx_1,atom_name,0.2916666666666667,2.62138884449881,24.0,24.0,7.0,output/diffdock_workflow/poses/5LLH/complex_0/rank1_confidence0.57.sdf,No sub-structure match found between the reference and probe mol
5LLH,V49,diffdock_sdf,diffdock,rank2_confidence0.48|idx_2,atom_name,0.2916666666666667,2.604919808455413,24.0,24.0,7.0,output/diffdock_workflow/poses/5LLH/complex_0/rank2_confidence0.48.sdf,No sub-structure match found between the reference and probe mol
5LLH,V49,diffdock_sdf,diffdock,rank4_confidence0.46|idx_4,atom_name,0.2916666666666667,2.005925170001797,24.0,24.0,7.0,output/diffdock_workflow/poses/5LLH/complex_0/rank4_confidence0.46.sdf,No sub-structure match found between the reference and probe mol
5LLH,V49,diffdock_sdf,diffdock,rank3_confidence0.48|idx_3,atom_name,0.2916666666666667,1.9679954948381737,24.0,24.0,7.0,output/diffdock_workflow/poses/5LLH/complex_0/rank3_confidence0.48.sdf,No sub-structure match found between the reference and probe mol
6R6F,EA3,diffdock_sdf,diffdock,rank2_confidence0.21|idx_2,atom_name,0.2916666666666667,1.86759360258842,24.0,24.0,7.0,output/diffdock_workflow/poses/6R6F/complex_0/rank2_confidence0.21.sdf,No sub-structure match found between the reference and probe mol
6R6F,EA3,diffdock_sdf,diffdock,rank4_confidence0.19|idx_4,atom_name,0.2916666666666667,1.658624566018177,24.0,24.0,7.0,output/diffdock_workflow/poses/6R6F/complex_0/rank4_confidence0.19.sdf,No sub-structure match found between the reference and probe mol
6R6F,EA3,diffdock_sdf,diffdock,rank1|idx_1,atom_name,0.2916666666666667,1.6571873266861838,24.0,24.0,7.0,output/diffdock_workflow/poses/6R6F/complex_0/rank1.sdf,No sub-structure match found between the reference and probe mol
6R6F,EA3,diffdock_sdf,diffdock,rank1_confidence0.39|idx_1,atom_name,0.2916666666666667,1.6571873266861838,24.0,24.0,7.0,output/diffdock_workflow/poses/6R6F/complex_0/rank1_confidence0.39.sdf,No sub-structure match found between the reference and probe mol
6R6F,EA3,diffdock_sdf,diffdock,rank3_confidence0.20|idx_3,atom_name,0.2916666666666667,1.6562176002949107,24.0,24.0,7.0,output/diffdock_workflow/poses/6R6F/complex_0/rank3_confidence0.20.sdf,No sub-structure match found between the reference and probe mol
4PZH,V13,diffdock_sdf,diffdock,rank3_confidence0.07|idx_3,atom_name,0.3,2.6775797311298453,20.0,20.0,6.0,output/diffdock_workflow/poses/4PZH/complex_0/rank3_confidence0.07.sdf,No sub-structure match found between the reference and probe mol
4PZH,V13,diffdock_sdf,diffdock,rank2_confidence0.08|idx_2,atom_name,0.3,2.674905851869796,20.0,20.0,6.0,output/diffdock_workflow/poses/4PZH/complex_0/rank2_confidence0.08.sdf,No sub-structure match found between the reference and probe mol
4PZH,V13,diffdock_sdf,diffdock,rank1|idx_1,atom_name,0.3,2.648964349836737,20.0,20.0,6.0,output/diffdock_workflow/poses/4PZH/complex_0/rank1.sdf,No sub-structure match found between the reference and probe mol
4PZH,V13,diffdock_sdf,diffdock,rank1_confidence0.14|idx_1,atom_name,0.3,2.648964349836737,20.0,20.0,6.0,output/diffdock_workflow/poses/4PZH/complex_0/rank1_confidence0.14.sdf,No sub-structure match found between the reference and probe mol
4PZH,V13,diffdock_sdf,diffdock,rank4_confidence0.05|idx_4,atom_name,0.3,2.559375270248851,20.0,20.0,6.0,output/diffdock_workflow/poses/4PZH/complex_0/rank4_confidence0.05.sdf,No sub-structure match found between the reference and probe mol
3MHL,J71,diffdock_sdf,diffdock,rank2_confidence0.07|idx_2,atom_name,0.3043478260869565,3.9867490730006416,23.0,23.0,7.0,output/diffdock_workflow/poses/3MHL/complex_0/rank2_confidence0.07.sdf,No sub-structure match found between the reference and probe mol
3MHL,J71,diffdock_sdf,diffdock,rank1|idx_1,atom_name,0.3043478260869565,3.562801894313219,23.0,23.0,7.0,output/diffdock_workflow/poses/3MHL/complex_0/rank1.sdf,No sub-structure match found between the reference and probe mol
3MHL,J71,diffdock_sdf,diffdock,rank1_confidence0.17|idx_1,atom_name,0.3043478260869565,3.562801894313219,23.0,23.0,7.0,output/diffdock_workflow/poses/3MHL/complex_0/rank1_confidence0.17.sdf,No sub-structure match found between the reference and probe mol
3MHL,J71,diffdock_sdf,diffdock,rank4_confidence-0.05|idx_4,atom_name,0.3043478260869565,3.403100081377162,23.0,23.0,7.0,output/diffdock_workflow/poses/3MHL/complex_0/rank4_confidence-0.05.sdf,No sub-structure match found between the reference and probe mol
3MHL,J71,diffdock_sdf,diffdock,rank3_confidence-0.01|idx_3,atom_name,0.3043478260869565,3.347558104680045,23.0,23.0,7.0,output/diffdock_workflow/poses/3MHL/complex_0/rank3_confidence-0.01.sdf,No sub-structure match found between the reference and probe mol
5LLC,V26,diffdock_sdf,diffdock,rank2_confidence0.19|idx_2,atom_name,0.3076923076923077,5.7904334470513685,26.0,26.0,8.0,output/diffdock_workflow/poses/5LLC/complex_0/rank2_confidence0.19.sdf,No sub-structure match found between the reference and probe mol
5LLC,V26,diffdock_sdf,diffdock,rank4_confidence-0.13|idx_4,atom_name,0.3076923076923077,5.331215699368791,26.0,26.0,8.0,output/diffdock_workflow/poses/5LLC/complex_0/rank4_confidence-0.13.sdf,No sub-structure match found between the reference and probe mol
5LLC,V26,diffdock_sdf,diffdock,rank1|idx_1,atom_name,0.3076923076923077,2.9339959368716846,26.0,26.0,8.0,output/diffdock_workflow/poses/5LLC/complex_0/rank1.sdf,No sub-structure match found between the reference and probe mol
5LLC,V26,diffdock_sdf,diffdock,rank1_confidence0.50|idx_1,atom_name,0.3076923076923077,2.9339959368716846,26.0,26.0,8.0,output/diffdock_workflow/poses/5LLC/complex_0/rank1_confidence0.50.sdf,No sub-structure match found between the reference and probe mol
5LLC,V26,diffdock_sdf,diffdock,rank3_confidence-0.02|idx_3,atom_name,0.3076923076923077,2.9057802731067297,26.0,26.0,8.0,output/diffdock_workflow/poses/5LLC/complex_0/rank3_confidence-0.02.sdf,No sub-structure match found between the reference and probe mol
3DC3,AZM,diffdock_sdf,diffdock,rank4_confidence0.70|idx_4,atom_name,0.3076923076923077,2.8809444836562115,13.0,13.0,4.0,output/diffdock_workflow/poses/3DC3/complex_0/rank4_confidence0.70.sdf,No sub-structure match found between the reference and probe mol
3DC3,AZM,diffdock_sdf,diffdock,rank3_confidence0.72|idx_3,atom_name,0.3076923076923077,2.870973660070389,13.0,13.0,4.0,output/diffdock_workflow/poses/3DC3/complex_0/rank3_confidence0.72.sdf,No sub-structure match found between the reference and probe mol
4K0S,AZM,diffdock_sdf,diffdock,rank4_confidence0.47|idx_4,atom_name,0.3076923076923077,2.866871406669159,13.0,13.0,4.0,output/diffdock_workflow/poses/4K0S/complex_0/rank4_confidence0.47.sdf,No sub-structure match found between the reference and probe mol
3DC3,AZM,diffdock_sdf,diffdock,rank2_confidence0.72|idx_2,atom_name,0.3076923076923077,2.8624995762134384,13.0,13.0,4.0,output/diffdock_workflow/poses/3DC3/complex_0/rank2_confidence0.72.sdf,No sub-structure match found between the reference and probe mol
4K0S,AZM,diffdock_sdf,diffdock,rank3_confidence0.49|idx_3,atom_name,0.3076923076923077,2.8578499286445918,13.0,13.0,4.0,output/diffdock_workflow/poses/4K0S/complex_0/rank3_confidence0.49.sdf,No sub-structure match found between the reference and probe mol
5TXY,7Q1,diffdock_sdf,diffdock,rank4_confidence0.54|idx_4,atom_name,0.3076923076923077,1.6224959828758645,13.0,13.0,4.0,output/diffdock_workflow/poses/5TXY/complex_0/rank4_confidence0.54.sdf,No sub-structure match found between the reference and probe mol
5TXY,7Q1,diffdock_sdf,diffdock,rank3_confidence0.56|idx_3,atom_name,0.3076923076923077,1.621535656446584,13.0,13.0,4.0,output/diffdock_workflow/poses/5TXY/complex_0/rank3_confidence0.56.sdf,No sub-structure match found between the reference and probe mol
5TXY,7Q1,diffdock_sdf,diffdock,rank1|idx_1,atom_name,0.3076923076923077,1.617551644628222,13.0,13.0,4.0,output/diffdock_workflow/poses/5TXY/complex_0/rank1.sdf,No sub-structure match found between the reference and probe mol
5TXY,7Q1,diffdock_sdf,diffdock,rank1_confidence0.63|idx_1,atom_name,0.3076923076923077,1.617551644628222,13.0,13.0,4.0,output/diffdock_workflow/poses/5TXY/complex_0/rank1_confidence0.63.sdf,No sub-structure match found between the reference and probe mol
5TXY,7Q1,diffdock_sdf,diffdock,rank2_confidence0.57|idx_2,atom_name,0.3076923076923077,1.6125984478597402,13.0,13.0,4.0,output/diffdock_workflow/poses/5TXY/complex_0/rank2_confidence0.57.sdf,No sub-structure match found between the reference and probe mol
5TY8,7Q1,diffdock_sdf,diffdock,rank2_confidence0.63|idx_2,atom_name,0.3076923076923077,1.586313729516303,13.0,13.0,4.0,output/diffdock_workflow/poses/5TY8/complex_0/rank2_confidence0.63.sdf,No sub-structure match found between the reference and probe mol
5TY8,7Q1,diffdock_sdf,diffdock,rank1|idx_1,atom_name,0.3076923076923077,1.5861303850992357,13.0,13.0,4.0,output/diffdock_workflow/poses/5TY8/complex_0/rank1.sdf,No sub-structure match found between the reference and probe mol
5TY8,7Q1,diffdock_sdf,diffdock,rank1_confidence0.63|idx_1,atom_name,0.3076923076923077,1.5861303850992357,13.0,13.0,4.0,output/diffdock_workflow/poses/5TY8/complex_0/rank1_confidence0.63.sdf,No sub-structure match found between the reference and probe mol
5TY8,7Q1,diffdock_sdf,diffdock,rank3_confidence0.62|idx_3,atom_name,0.3076923076923077,1.5831962230810284,13.0,13.0,4.0,output/diffdock_workflow/poses/5TY8/complex_0/rank3_confidence0.62.sdf,No sub-structure match found between the reference and probe mol
5TY8,7Q1,diffdock_sdf,diffdock,rank4_confidence0.61|idx_4,atom_name,0.3076923076923077,1.5811142377545482,13.0,13.0,4.0,output/diffdock_workflow/poses/5TY8/complex_0/rank4_confidence0.61.sdf,No sub-structure match found between the reference and probe mol
6SFQ,7Q1,diffdock_sdf,diffdock,rank2_confidence0.59|idx_2,atom_name,0.3076923076923077,1.579263035092694,13.0,13.0,4.0,output/diffdock_workflow/poses/6SFQ/complex_0/rank2_confidence0.59.sdf,No sub-structure match found between the reference and probe mol
6SFQ,7Q1,diffdock_sdf,diffdock,rank3_confidence0.57|idx_3,atom_name,0.3076923076923077,1.5763796721289858,13.0,13.0,4.0,output/diffdock_workflow/poses/6SFQ/complex_0/rank3_confidence0.57.sdf,No sub-structure match found between the reference and probe mol
6SFQ,7Q1,diffdock_sdf,diffdock,rank4_confidence0.57|idx_4,atom_name,0.3076923076923077,1.5762100870789946,13.0,13.0,4.0,output/diffdock_workflow/poses/6SFQ/complex_0/rank4_confidence0.57.sdf,No sub-structure match found between the reference and probe mol
6SFQ,7Q1,diffdock_sdf,diffdock,rank1|idx_1,atom_name,0.3076923076923077,1.5688795565711686,13.0,13.0,4.0,output/diffdock_workflow/poses/6SFQ/complex_0/rank1.sdf,No sub-structure match found between the reference and probe mol
6SFQ,7Q1,diffdock_sdf,diffdock,rank1_confidence0.61|idx_1,atom_name,0.3076923076923077,1.5688795565711686,13.0,13.0,4.0,output/diffdock_workflow/poses/6SFQ/complex_0/rank1_confidence0.61.sdf,No sub-structure match found between the reference and probe mol
4K0S,AZM,diffdock_sdf,diffdock,rank2_confidence0.57|idx_2,atom_name,0.3076923076923077,1.0943523253843368,13.0,13.0,4.0,output/diffdock_workflow/poses/4K0S/complex_0/rank2_confidence0.57.sdf,No sub-structure match found between the reference and probe mol
4K0S,AZM,diffdock_sdf,diffdock,rank1|idx_1,atom_name,0.3076923076923077,1.0453744924294643,13.0,13.0,4.0,output/diffdock_workflow/poses/4K0S/complex_0/rank1.sdf,No sub-structure match found between the reference and probe mol
4K0S,AZM,diffdock_sdf,diffdock,rank1_confidence0.59|idx_1,atom_name,0.3076923076923077,1.0453744924294643,13.0,13.0,4.0,output/diffdock_workflow/poses/4K0S/complex_0/rank1_confidence0.59.sdf,No sub-structure match found between the reference and probe mol
3DC3,AZM,diffdock_sdf,diffdock,rank1|idx_1,atom_name,0.3076923076923077,0.9923691249252632,13.0,13.0,4.0,output/diffdock_workflow/poses/3DC3/complex_0/rank1.sdf,No sub-structure match found between the reference and probe mol
3DC3,AZM,diffdock_sdf,diffdock,rank1_confidence0.92|idx_1,atom_name,0.3076923076923077,0.9923691249252632,13.0,13.0,4.0,output/diffdock_workflow/poses/3DC3/complex_0/rank1_confidence0.92.sdf,No sub-structure match found between the reference and probe mol
3MHM,J75,diffdock_sdf,diffdock,rank4_confidence-1.00|idx_4,atom_name,0.3103448275862069,5.913393940307978,29.0,29.0,9.0,output/diffdock_workflow/poses/3MHM/complex_0/rank4_confidence-1.00.sdf,No sub-structure match found between the reference and probe mol
3MHM,J75,diffdock_sdf,diffdock,rank2_confidence-0.94|idx_2,atom_name,0.3103448275862069,5.788708962294438,29.0,29.0,9.0,output/diffdock_workflow/poses/3MHM/complex_0/rank2_confidence-0.94.sdf,No sub-structure match found between the reference and probe mol
3MHM,J75,diffdock_sdf,diffdock,rank1|idx_1,atom_name,0.3103448275862069,5.503220178818083,29.0,29.0,9.0,output/diffdock_workflow/poses/3MHM/complex_0/rank1.sdf,No sub-structure match found between the reference and probe mol
3MHM,J75,diffdock_sdf,diffdock,rank1_confidence-0.36|idx_1,atom_name,0.3103448275862069,5.503220178818083,29.0,29.0,9.0,output/diffdock_workflow/poses/3MHM/complex_0/rank1_confidence-0.36.sdf,No sub-structure match found between the reference and probe mol
3MHM,J75,diffdock_sdf,diffdock,rank3_confidence-1.00|idx_3,atom_name,0.3103448275862069,5.1421345969498455,29.0,29.0,9.0,output/diffdock_workflow/poses/3MHM/complex_0/rank3_confidence-1.00.sdf,No sub-structure match found between the reference and probe mol
4MO8,2VQ,diffdock_sdf,diffdock,rank3_confidence-0.45|idx_3,atom_name,0.3125,3.199590365277767,16.0,16.0,5.0,output/diffdock_workflow/poses/4MO8/complex_0/rank3_confidence-0.45.sdf,No sub-structure match found between the reference and probe mol
4MO8,2VQ,diffdock_sdf,diffdock,rank1|idx_1,atom_name,0.3125,3.1736216313539494,16.0,16.0,5.0,output/diffdock_workflow/poses/4MO8/complex_0/rank1.sdf,No sub-structure match found between the reference and probe mol
4MO8,2VQ,diffdock_sdf,diffdock,rank1_confidence-0.03|idx_1,atom_name,0.3125,3.1736216313539494,16.0,16.0,5.0,output/diffdock_workflow/poses/4MO8/complex_0/rank1_confidence-0.03.sdf,No sub-structure match found between the reference and probe mol
4MO8,2VQ,diffdock_sdf,diffdock,rank2_confidence-0.45|idx_2,atom_name,0.3125,3.113401420028041,16.0,16.0,5.0,output/diffdock_workflow/poses/4MO8/complex_0/rank2_confidence-0.45.sdf,No sub-structure match found between the reference and probe mol
5O07,1VQ,diffdock_sdf,diffdock,rank3_confidence0.04|idx_3,atom_name,0.3125,1.578176365479269,16.0,16.0,5.0,output/diffdock_workflow/poses/5O07/complex_0/rank3_confidence0.04.sdf,No sub-structure match found between the reference and probe mol
5O07,1VQ,diffdock_sdf,diffdock,rank4_confidence-0.03|idx_4,atom_name,0.3125,1.5770835095053752,16.0,16.0,5.0,output/diffdock_workflow/poses/5O07/complex_0/rank4_confidence-0.03.sdf,No sub-structure match found between the reference and probe mol
4MO8,2VQ,diffdock_sdf,diffdock,rank4_confidence-0.49|idx_4,atom_name,0.3125,1.576994846392398,16.0,16.0,5.0,output/diffdock_workflow/poses/4MO8/complex_0/rank4_confidence-0.49.sdf,No sub-structure match found between the reference and probe mol
5O07,1VQ,diffdock_sdf,diffdock,rank1|idx_1,atom_name,0.3125,1.247821225434356,16.0,16.0,5.0,output/diffdock_workflow/poses/5O07/complex_0/rank1.sdf,No sub-structure match found between the reference and probe mol
5O07,1VQ,diffdock_sdf,diffdock,rank1_confidence0.11|idx_1,atom_name,0.3125,1.247821225434356,16.0,16.0,5.0,output/diffdock_workflow/poses/5O07/complex_0/rank1_confidence0.11.sdf,No sub-structure match found between the reference and probe mol
5O07,1VQ,diffdock_sdf,diffdock,rank2_confidence0.05|idx_2,atom_name,0.3125,1.218613245607131,16.0,16.0,5.0,output/diffdock_workflow/poses/5O07/complex_0/rank2_confidence0.05.sdf,No sub-structure match found between the reference and probe mol
6G6T,ENN,diffdock_sdf,diffdock,rank1|idx_1,atom_name,0.3157894736842105,2.977323140624471,19.0,19.0,6.0,output/diffdock_workflow/poses/6G6T/complex_0/rank1.sdf,No sub-structure match found between the reference and probe mol
6G6T,ENN,diffdock_sdf,diffdock,rank1_confidence0.11|idx_1,atom_name,0.3157894736842105,2.977323140624471,19.0,19.0,6.0,output/diffdock_workflow/poses/6G6T/complex_0/rank1_confidence0.11.sdf,No sub-structure match found between the reference and probe mol
6G6T,ENN,diffdock_sdf,diffdock,rank4_confidence0.03|idx_4,atom_name,0.3157894736842105,2.8136038498648617,19.0,19.0,6.0,output/diffdock_workflow/poses/6G6T/complex_0/rank4_confidence0.03.sdf,No sub-structure match found between the reference and probe mol
6G6T,ENN,diffdock_sdf,diffdock,rank3_confidence0.04|idx_3,atom_name,0.3157894736842105,2.554402031854374,19.0,19.0,6.0,output/diffdock_workflow/poses/6G6T/complex_0/rank3_confidence0.04.sdf,No sub-structure match found between the reference and probe mol
6G6T,ENN,diffdock_sdf,diffdock,rank2_confidence0.06|idx_2,atom_name,0.3157894736842105,2.4899582773093267,19.0,19.0,6.0,output/diffdock_workflow/poses/6G6T/complex_0/rank2_confidence0.06.sdf,No sub-structure match found between the reference and probe mol
3M3X,JS7,diffdock_sdf,diffdock,rank4_confidence0.09|idx_4,atom_name,0.3333333333333333,4.515567948338792,24.0,24.0,8.0,output/diffdock_workflow/poses/3M3X/complex_0/rank4_confidence0.09.sdf,No sub-structure match found between the reference and probe mol
5A6H,OE2,diffdock_sdf,diffdock,rank4_confidence-0.24|idx_4,atom_name,0.3333333333333333,4.38023729138732,21.0,21.0,7.0,output/diffdock_workflow/poses/5A6H/complex_0/rank4_confidence-0.24.sdf,No sub-structure match found between the reference and probe mol
3M3X,JS7,diffdock_sdf,diffdock,rank3_confidence0.13|idx_3,atom_name,0.3333333333333333,4.345044552174734,24.0,24.0,8.0,output/diffdock_workflow/poses/3M3X/complex_0/rank3_confidence0.13.sdf,No sub-structure match found between the reference and probe mol
3M3X,JS7,diffdock_sdf,diffdock,rank2_confidence0.19|idx_2,atom_name,0.3333333333333333,4.310625603550436,24.0,24.0,8.0,output/diffdock_workflow/poses/3M3X/complex_0/rank2_confidence0.19.sdf,No sub-structure match found between the reference and probe mol
5A6H,OE2,diffdock_sdf,diffdock,rank1|idx_1,atom_name,0.3333333333333333,4.273235071187137,21.0,21.0,7.0,output/diffdock_workflow/poses/5A6H/complex_0/rank1.sdf,No sub-structure match found between the reference and probe mol
5A6H,OE2,diffdock_sdf,diffdock,rank1_confidence0.16|idx_1,atom_name,0.3333333333333333,4.273235071187137,21.0,21.0,7.0,output/diffdock_workflow/poses/5A6H/complex_0/rank1_confidence0.16.sdf,No sub-structure match found between the reference and probe mol
3M3X,JS7,diffdock_sdf,diffdock,rank1|idx_1,atom_name,0.3333333333333333,4.251183124505269,24.0,24.0,8.0,output/diffdock_workflow/poses/3M3X/complex_0/rank1.sdf,No sub-structure match found between the reference and probe mol
3M3X,JS7,diffdock_sdf,diffdock,rank1_confidence0.21|idx_1,atom_name,0.3333333333333333,4.251183124505269,24.0,24.0,8.0,output/diffdock_workflow/poses/3M3X/complex_0/rank1_confidence0.21.sdf,No sub-structure match found between the reference and probe mol
5A6H,OE2,diffdock_sdf,diffdock,rank2_confidence-0.08|idx_2,atom_name,0.3333333333333333,3.801879023435097,21.0,21.0,7.0,output/diffdock_workflow/poses/5A6H/complex_0/rank2_confidence-0.08.sdf,No sub-structure match found between the reference and probe mol
5A6H,OE2,diffdock_sdf,diffdock,rank3_confidence-0.21|idx_3,atom_name,0.3333333333333333,3.320142982538048,21.0,21.0,7.0,output/diffdock_workflow/poses/5A6H/complex_0/rank3_confidence-0.21.sdf,No sub-structure match found between the reference and probe mol
4Q8X,7FH,diffdock_sdf,diffdock,rank4_confidence0.39|idx_4,atom_name,0.3333333333333333,2.4605149598649025,24.0,12.0,4.0,output/diffdock_workflow/poses/4Q8X/complex_0/rank4_confidence0.39.sdf,No sub-structure match found between the reference and probe mol
4Q8X,7FH,diffdock_sdf,diffdock,rank2_confidence0.43|idx_2,atom_name,0.3333333333333333,2.4114564117438766,24.0,12.0,4.0,output/diffdock_workflow/poses/4Q8X/complex_0/rank2_confidence0.43.sdf,No sub-structure match found between the reference and probe mol
4Q8X,7FH,diffdock_sdf,diffdock,rank3_confidence0.42|idx_3,atom_name,0.3333333333333333,2.4079356271012213,24.0,12.0,4.0,output/diffdock_workflow/poses/4Q8X/complex_0/rank3_confidence0.42.sdf,No sub-structure match found between the reference and probe mol
4Q8X,7FH,diffdock_sdf,diffdock,rank1|idx_1,atom_name,0.3333333333333333,2.396671194141384,24.0,12.0,4.0,output/diffdock_workflow/poses/4Q8X/complex_0/rank1.sdf,No sub-structure match found between the reference and probe mol
4Q8X,7FH,diffdock_sdf,diffdock,rank1_confidence0.47|idx_1,atom_name,0.3333333333333333,2.396671194141384,24.0,12.0,4.0,output/diffdock_workflow/poses/4Q8X/complex_0/rank1_confidence0.47.sdf,No sub-structure match found between the reference and probe mol
6SD7,L7T,diffdock_sdf,diffdock,rank1|idx_1,atom_name,0.3333333333333333,2.3431786327787667,15.0,15.0,5.0,output/diffdock_workflow/poses/6SD7/complex_0/rank1.sdf,No sub-structure match found between the reference and probe mol
6SD7,L7T,diffdock_sdf,diffdock,rank1_confidence0.39|idx_1,atom_name,0.3333333333333333,2.3431786327787667,15.0,15.0,5.0,output/diffdock_workflow/poses/6SD7/complex_0/rank1_confidence0.39.sdf,No sub-structure match found between the reference and probe mol
6SD7,L7T,diffdock_sdf,diffdock,rank4_confidence-0.46|idx_4,atom_name,0.3333333333333333,2.0615766846051398,15.0,15.0,5.0,output/diffdock_workflow/poses/6SD7/complex_0/rank4_confidence-0.46.sdf,No sub-structure match found between the reference and probe mol
6SD7,L7T,diffdock_sdf,diffdock,rank2_confidence-0.44|idx_2,atom_name,0.3333333333333333,2.053386529169504,15.0,15.0,5.0,output/diffdock_workflow/poses/6SD7/complex_0/rank2_confidence-0.44.sdf,No sub-structure match found between the reference and probe mol
4Q83,3FH,diffdock_sdf,diffdock,rank2_confidence0.85|idx_2,atom_name,0.3333333333333333,1.3212203701571956,12.0,12.0,4.0,output/diffdock_workflow/poses/4Q83/complex_0/rank2_confidence0.85.sdf,No sub-structure match found between the reference and probe mol
4Q83,3FH,diffdock_sdf,diffdock,rank4_confidence0.83|idx_4,atom_name,0.3333333333333333,1.3205519137936228,12.0,12.0,4.0,output/diffdock_workflow/poses/4Q83/complex_0/rank4_confidence0.83.sdf,No sub-structure match found between the reference and probe mol
4Q83,3FH,diffdock_sdf,diffdock,rank3_confidence0.84|idx_3,atom_name,0.3333333333333333,1.3188407498472752,12.0,12.0,4.0,output/diffdock_workflow/poses/4Q83/complex_0/rank3_confidence0.84.sdf,No sub-structure match found between the reference and probe mol
4Q83,3FH,diffdock_sdf,diffdock,rank1|idx_1,atom_name,0.3333333333333333,1.3184795050194626,12.0,12.0,4.0,output/diffdock_workflow/poses/4Q83/complex_0/rank1.sdf,No sub-structure match found between the reference and probe mol
4Q83,3FH,diffdock_sdf,diffdock,rank1_confidence0.89|idx_1,atom_name,0.3333333333333333,1.3184795050194626,12.0,12.0,4.0,output/diffdock_workflow/poses/4Q83/complex_0/rank1_confidence0.89.sdf,No sub-structure match found between the reference and probe mol
4Q87,4FH,diffdock_sdf,diffdock,rank2_confidence0.76|idx_2,atom_name,0.3333333333333333,1.0380258631257973,12.0,12.0,4.0,output/diffdock_workflow/poses/4Q87/complex_0/rank2_confidence0.76.sdf,No sub-structure match found between the reference and probe mol
4Q87,4FH,diffdock_sdf,diffdock,rank4_confidence0.74|idx_4,atom_name,0.3333333333333333,1.037955619372935,12.0,12.0,4.0,output/diffdock_workflow/poses/4Q87/complex_0/rank4_confidence0.74.sdf,No sub-structure match found between the reference and probe mol
4Q87,4FH,diffdock_sdf,diffdock,rank1|idx_1,atom_name,0.3333333333333333,1.037390002212338,12.0,12.0,4.0,output/diffdock_workflow/poses/4Q87/complex_0/rank1.sdf,No sub-structure match found between the reference and probe mol
4Q87,4FH,diffdock_sdf,diffdock,rank1_confidence0.77|idx_1,atom_name,0.3333333333333333,1.037390002212338,12.0,12.0,4.0,output/diffdock_workflow/poses/4Q87/complex_0/rank1_confidence0.77.sdf,No sub-structure match found between the reference and probe mol
4Q87,4FH,diffdock_sdf,diffdock,rank3_confidence0.75|idx_3,atom_name,0.3333333333333333,1.0370487306016292,12.0,12.0,4.0,output/diffdock_workflow/poses/4Q87/complex_0/rank3_confidence0.75.sdf,No sub-structure match found between the reference and probe mol
6SD7,L7T,diffdock_sdf,diffdock,rank3_confidence-0.45|idx_3,atom_name,0.3333333333333333,0.5738633421669107,15.0,15.0,5.0,output/diffdock_workflow/poses/6SD7/complex_0/rank3_confidence-0.45.sdf,No sub-structure match found between the reference and probe mol
6WQ5,U7G,diffdock_sdf,diffdock,rank1|idx_1,atom_name,0.3428571428571428,5.5550400926845285,35.0,35.0,12.0,output/diffdock_workflow/poses/6WQ5/complex_0/rank1.sdf,No sub-structure match found between the reference and probe mol
6WQ5,U7G,diffdock_sdf,diffdock,rank1_confidence-1.46|idx_1,atom_name,0.3428571428571428,5.5550400926845285,35.0,35.0,12.0,output/diffdock_workflow/poses/6WQ5/complex_0/rank1_confidence-1.46.sdf,No sub-structure match found between the reference and probe mol
6WQ5,U7G,diffdock_sdf,diffdock,rank2_confidence-1.54|idx_2,atom_name,0.3428571428571428,3.1243680129752835,35.0,35.0,12.0,output/diffdock_workflow/poses/6WQ5/complex_0/rank2_confidence-1.54.sdf,No sub-structure match found between the reference and probe mol
6WQ5,U7G,diffdock_sdf,diffdock,rank4_confidence-2.03|idx_4,atom_name,0.3428571428571428,2.9872469740919696,35.0,35.0,12.0,output/diffdock_workflow/poses/6WQ5/complex_0/rank4_confidence-2.03.sdf,No sub-structure match found between the reference and probe mol
6WQ5,U7G,diffdock_sdf,diffdock,rank3_confidence-1.73|idx_3,atom_name,0.3428571428571428,2.3564646010217127,35.0,35.0,12.0,output/diffdock_workflow/poses/6WQ5/complex_0/rank3_confidence-1.73.sdf,No sub-structure match found between the reference and probe mol
4KNI,E1E,diffdock_sdf,diffdock,rank1|idx_1,atom_name,0.3478260869565217,4.187436456325877,23.0,23.0,8.0,output/diffdock_workflow/poses/4KNI/complex_0/rank1.sdf,No sub-structure match found between the reference and probe mol
4KNI,E1E,diffdock_sdf,diffdock,rank1_confidence0.30|idx_1,atom_name,0.3478260869565217,4.187436456325877,23.0,23.0,8.0,output/diffdock_workflow/poses/4KNI/complex_0/rank1_confidence0.30.sdf,No sub-structure match found between the reference and probe mol
4KNI,E1E,diffdock_sdf,diffdock,rank3_confidence0.26|idx_3,atom_name,0.3478260869565217,4.131386526966058,23.0,23.0,8.0,output/diffdock_workflow/poses/4KNI/complex_0/rank3_confidence0.26.sdf,No sub-structure match found between the reference and probe mol
4KNI,E1E,diffdock_sdf,diffdock,rank2_confidence0.27|idx_2,atom_name,0.3478260869565217,4.087219992115968,23.0,23.0,8.0,output/diffdock_workflow/poses/4KNI/complex_0/rank2_confidence0.27.sdf,No sub-structure match found between the reference and probe mol
4KNI,E1E,diffdock_sdf,diffdock,rank4_confidence0.21|idx_4,atom_name,0.3478260869565217,4.062751022507633,23.0,23.0,8.0,output/diffdock_workflow/poses/4KNI/complex_0/rank4_confidence0.21.sdf,No sub-structure match found between the reference and probe mol
6BBS,BZ1,diffdock_sdf,diffdock,rank3_confidence-0.63|idx_3,atom_name,0.3478260869565217,2.5551210325864733,25.0,23.0,8.0,output/diffdock_workflow/poses/6BBS/complex_0/rank3_confidence-0.63.sdf,No sub-structure match found between the reference and probe mol
6BBS,BZ1,diffdock_sdf,diffdock,rank4_confidence-0.66|idx_4,atom_name,0.3478260869565217,2.4543748694900565,25.0,23.0,8.0,output/diffdock_workflow/poses/6BBS/complex_0/rank4_confidence-0.66.sdf,No sub-structure match found between the reference and probe mol
6BBS,BZ1,diffdock_sdf,diffdock,rank1|idx_1,atom_name,0.3478260869565217,2.4491167824172653,25.0,23.0,8.0,output/diffdock_workflow/poses/6BBS/complex_0/rank1.sdf,No sub-structure match found between the reference and probe mol
6BBS,BZ1,diffdock_sdf,diffdock,rank1_confidence-0.52|idx_1,atom_name,0.3478260869565217,2.4491167824172653,25.0,23.0,8.0,output/diffdock_workflow/poses/6BBS/complex_0/rank1_confidence-0.52.sdf,No sub-structure match found between the reference and probe mol
6BBS,BZ1,diffdock_sdf,diffdock,rank2_confidence-0.55|idx_2,atom_name,0.3478260869565217,2.372030500717294,25.0,23.0,8.0,output/diffdock_workflow/poses/6BBS/complex_0/rank2_confidence-0.55.sdf,No sub-structure match found between the reference and probe mol
5U0D,7R7,diffdock_sdf,diffdock,rank4_confidence0.65|idx_4,atom_name,0.3529411764705882,2.183612391291201,17.0,17.0,6.0,output/diffdock_workflow/poses/5U0D/complex_0/rank4_confidence0.65.sdf,No sub-structure match found between the reference and probe mol
5U0D,7R7,diffdock_sdf,diffdock,rank1|idx_1,atom_name,0.3529411764705882,2.1713734390834825,17.0,17.0,6.0,output/diffdock_workflow/poses/5U0D/complex_0/rank1.sdf,No sub-structure match found between the reference and probe mol
5U0D,7R7,diffdock_sdf,diffdock,rank1_confidence0.79|idx_1,atom_name,0.3529411764705882,2.1713734390834825,17.0,17.0,6.0,output/diffdock_workflow/poses/5U0D/complex_0/rank1_confidence0.79.sdf,No sub-structure match found between the reference and probe mol
5TY9,7QV,diffdock_sdf,diffdock,rank2_confidence0.72|idx_2,atom_name,0.3529411764705882,2.1586142721843826,17.0,17.0,6.0,output/diffdock_workflow/poses/5TY9/complex_0/rank2_confidence0.72.sdf,No sub-structure match found between the reference and probe mol
5U0D,7R7,diffdock_sdf,diffdock,rank2_confidence0.67|idx_2,atom_name,0.3529411764705882,2.1478017285101605,17.0,17.0,6.0,output/diffdock_workflow/poses/5U0D/complex_0/rank2_confidence0.67.sdf,No sub-structure match found between the reference and probe mol
5U0D,7R7,diffdock_sdf,diffdock,rank3_confidence0.65|idx_3,atom_name,0.3529411764705882,2.1417476005286,17.0,17.0,6.0,output/diffdock_workflow/poses/5U0D/complex_0/rank3_confidence0.65.sdf,No sub-structure match found between the reference and probe mol
5TY9,7QV,diffdock_sdf,diffdock,rank3_confidence0.71|idx_3,atom_name,0.3529411764705882,2.12763742411787,17.0,17.0,6.0,output/diffdock_workflow/poses/5TY9/complex_0/rank3_confidence0.71.sdf,No sub-structure match found between the reference and probe mol
5TY9,7QV,diffdock_sdf,diffdock,rank4_confidence0.70|idx_4,atom_name,0.3529411764705882,2.097178526501006,17.0,17.0,6.0,output/diffdock_workflow/poses/5TY9/complex_0/rank4_confidence0.70.sdf,No sub-structure match found between the reference and probe mol
5TY1,7QV,diffdock_sdf,diffdock,rank3_confidence0.67|idx_3,atom_name,0.3529411764705882,2.09286849590081,17.0,17.0,6.0,output/diffdock_workflow/poses/5TY1/complex_0/rank3_confidence0.67.sdf,No sub-structure match found between the reference and probe mol
5TY1,7QV,diffdock_sdf,diffdock,rank1|idx_1,atom_name,0.3529411764705882,2.0797156814188025,17.0,17.0,6.0,output/diffdock_workflow/poses/5TY1/complex_0/rank1.sdf,No sub-structure match found between the reference and probe mol
5TY1,7QV,diffdock_sdf,diffdock,rank1_confidence0.73|idx_1,atom_name,0.3529411764705882,2.0797156814188025,17.0,17.0,6.0,output/diffdock_workflow/poses/5TY1/complex_0/rank1_confidence0.73.sdf,No sub-structure match found between the reference and probe mol
5TY1,7QV,diffdock_sdf,diffdock,rank2_confidence0.68|idx_2,atom_name,0.3529411764705882,2.063605366456853,17.0,17.0,6.0,output/diffdock_workflow/poses/5TY1/complex_0/rank2_confidence0.68.sdf,No sub-structure match found between the reference and probe mol
5TY9,7QV,diffdock_sdf,diffdock,rank1|idx_1,atom_name,0.3529411764705882,2.063133553083815,17.0,17.0,6.0,output/diffdock_workflow/poses/5TY9/complex_0/rank1.sdf,No sub-structure match found between the reference and probe mol
5TY9,7QV,diffdock_sdf,diffdock,rank1_confidence0.74|idx_1,atom_name,0.3529411764705882,2.063133553083815,17.0,17.0,6.0,output/diffdock_workflow/poses/5TY9/complex_0/rank1_confidence0.74.sdf,No sub-structure match found between the reference and probe mol
5TY1,7QV,diffdock_sdf,diffdock,rank4_confidence0.66|idx_4,atom_name,0.3529411764705882,2.042596800294178,17.0,17.0,6.0,output/diffdock_workflow/poses/5TY1/complex_0/rank4_confidence0.66.sdf,No sub-structure match found between the reference and probe mol
4PYY,V14,diffdock_sdf,diffdock,rank2_confidence0.12|idx_2,atom_name,0.3571428571428571,5.297717638698033,56.0,28.0,10.0,output/diffdock_workflow/poses/4PYY/complex_0/rank2_confidence0.12.sdf,No sub-structure match found between the reference and probe mol
4PYY,V14,diffdock_sdf,diffdock,rank4_confidence-0.14|idx_4,atom_name,0.3571428571428571,5.275912176000251,56.0,28.0,10.0,output/diffdock_workflow/poses/4PYY/complex_0/rank4_confidence-0.14.sdf,No sub-structure match found between the reference and probe mol
4PYY,V14,diffdock_sdf,diffdock,rank3_confidence-0.04|idx_3,atom_name,0.3571428571428571,5.232767323700179,56.0,28.0,10.0,output/diffdock_workflow/poses/4PYY/complex_0/rank3_confidence-0.04.sdf,No sub-structure match found between the reference and probe mol
4PYY,V14,diffdock_sdf,diffdock,rank1|idx_1,atom_name,0.3571428571428571,5.1522437614561225,56.0,28.0,10.0,output/diffdock_workflow/poses/4PYY/complex_0/rank1.sdf,No sub-structure match found between the reference and probe mol
4PYY,V14,diffdock_sdf,diffdock,rank1_confidence0.15|idx_1,atom_name,0.3571428571428571,5.1522437614561225,56.0,28.0,10.0,output/diffdock_workflow/poses/4PYY/complex_0/rank1_confidence0.15.sdf,No sub-structure match found between the reference and probe mol
5C8I,MZM,diffdock_sdf,diffdock,rank3_confidence0.58|idx_3,atom_name,0.3571428571428571,3.187151993352457,15.0,14.0,5.0,output/diffdock_workflow/poses/5C8I/complex_0/rank3_confidence0.58.sdf,No sub-structure match found between the reference and probe mol
5C8I,MZM,diffdock_sdf,diffdock,rank2_confidence0.58|idx_2,atom_name,0.3571428571428571,3.187015638660849,15.0,14.0,5.0,output/diffdock_workflow/poses/5C8I/complex_0/rank2_confidence0.58.sdf,No sub-structure match found between the reference and probe mol
5C8I,MZM,diffdock_sdf,diffdock,rank1|idx_1,atom_name,0.3571428571428571,3.167080202274693,15.0,14.0,5.0,output/diffdock_workflow/poses/5C8I/complex_0/rank1.sdf,No sub-structure match found between the reference and probe mol
5C8I,MZM,diffdock_sdf,diffdock,rank1_confidence0.58|idx_1,atom_name,0.3571428571428571,3.167080202274693,15.0,14.0,5.0,output/diffdock_workflow/poses/5C8I/complex_0/rank1_confidence0.58.sdf,No sub-structure match found between the reference and probe mol
5C8I,MZM,diffdock_sdf,diffdock,rank4_confidence0.55|idx_4,atom_name,0.3571428571428571,3.153264088187974,15.0,14.0,5.0,output/diffdock_workflow/poses/5C8I/complex_0/rank4_confidence0.55.sdf,No sub-structure match found between the reference and probe mol
6RRI,KFH,diffdock_sdf,diffdock,rank2_confidence0.35|idx_2,atom_name,0.3571428571428571,2.347184171216912,14.0,14.0,5.0,output/diffdock_workflow/poses/6RRI/complex_0/rank2_confidence0.35.sdf,No sub-structure match found between the reference and probe mol
6RRI,KFH,diffdock_sdf,diffdock,rank4_confidence-0.42|idx_4,atom_name,0.3571428571428571,1.7308820400617744,14.0,14.0,5.0,output/diffdock_workflow/poses/6RRI/complex_0/rank4_confidence-0.42.sdf,No sub-structure match found between the reference and probe mol
6RRI,KFH,diffdock_sdf,diffdock,rank3_confidence0.30|idx_3,atom_name,0.3571428571428571,0.0869095781205912,14.0,14.0,5.0,output/diffdock_workflow/poses/6RRI/complex_0/rank3_confidence0.30.sdf,No sub-structure match found between the reference and probe mol
6RRI,KFH,diffdock_sdf,diffdock,rank1|idx_1,atom_name,0.3571428571428571,0.0630544169729506,14.0,14.0,5.0,output/diffdock_workflow/poses/6RRI/complex_0/rank1.sdf,No sub-structure match found between the reference and probe mol
6RRI,KFH,diffdock_sdf,diffdock,rank1_confidence0.38|idx_1,atom_name,0.3571428571428571,0.0630544169729506,14.0,14.0,5.0,output/diffdock_workflow/poses/6RRI/complex_0/rank1_confidence0.38.sdf,No sub-structure match found between the reference and probe mol
5LLE,V51,diffdock_sdf,diffdock,rank1|idx_1,atom_name,0.36,1.687592666199571,25.0,25.0,9.0,output/diffdock_workflow/poses/5LLE/complex_0/rank1.sdf,No sub-structure match found between the reference and probe mol
5LLE,V51,diffdock_sdf,diffdock,rank1_confidence0.20|idx_1,atom_name,0.36,1.687592666199571,25.0,25.0,9.0,output/diffdock_workflow/poses/5LLE/complex_0/rank1_confidence0.20.sdf,No sub-structure match found between the reference and probe mol
5LLE,V51,diffdock_sdf,diffdock,rank2_confidence0.17|idx_2,atom_name,0.36,1.5527386759495367,25.0,25.0,9.0,output/diffdock_workflow/poses/5LLE/complex_0/rank2_confidence0.17.sdf,No sub-structure match found between the reference and probe mol
5LLE,V51,diffdock_sdf,diffdock,rank3_confidence0.15|idx_3,atom_name,0.36,1.5455730819624645,25.0,25.0,9.0,output/diffdock_workflow/poses/5LLE/complex_0/rank3_confidence0.15.sdf,No sub-structure match found between the reference and probe mol
5LLE,V51,diffdock_sdf,diffdock,rank4_confidence0.14|idx_4,atom_name,0.36,1.50174091405959,25.0,25.0,9.0,output/diffdock_workflow/poses/5LLE/complex_0/rank4_confidence0.14.sdf,No sub-structure match found between the reference and probe mol
6BC9,ETS,diffdock_sdf,diffdock,rank4_confidence0.74|idx_4,atom_name,0.3684210526315789,5.901313222381291,22.0,19.0,7.0,output/diffdock_workflow/poses/6BC9/complex_0/rank4_confidence0.74.sdf,No sub-structure match found between the reference and probe mol
6BC9,ETS,diffdock_sdf,diffdock,rank1|idx_1,atom_name,0.3684210526315789,5.899356065975183,22.0,19.0,7.0,output/diffdock_workflow/poses/6BC9/complex_0/rank1.sdf,No sub-structure match found between the reference and probe mol
6BC9,ETS,diffdock_sdf,diffdock,rank1_confidence0.76|idx_1,atom_name,0.3684210526315789,5.899356065975183,22.0,19.0,7.0,output/diffdock_workflow/poses/6BC9/complex_0/rank1_confidence0.76.sdf,No sub-structure match found between the reference and probe mol
6BC9,ETS,diffdock_sdf,diffdock,rank2_confidence0.76|idx_2,atom_name,0.3684210526315789,5.884151982569762,22.0,19.0,7.0,output/diffdock_workflow/poses/6BC9/complex_0/rank2_confidence0.76.sdf,No sub-structure match found between the reference and probe mol
6BC9,ETS,diffdock_sdf,diffdock,rank3_confidence0.75|idx_3,atom_name,0.3684210526315789,5.870146950548785,22.0,19.0,7.0,output/diffdock_workflow/poses/6BC9/complex_0/rank3_confidence0.75.sdf,No sub-structure match found between the reference and probe mol
3SAP,E2I,diffdock_sdf,diffdock,rank3_confidence0.04|idx_3,atom_name,0.375,5.672600077478833,24.0,24.0,9.0,output/diffdock_workflow/poses/3SAP/complex_0/rank3_confidence0.04.sdf,No sub-structure match found between the reference and probe mol
3SAP,E2I,diffdock_sdf,diffdock,rank4_confidence0.03|idx_4,atom_name,0.375,5.66633856914468,24.0,24.0,9.0,output/diffdock_workflow/poses/3SAP/complex_0/rank4_confidence0.03.sdf,No sub-structure match found between the reference and probe mol
3SAP,E2I,diffdock_sdf,diffdock,rank2_confidence0.09|idx_2,atom_name,0.375,5.118510104729257,24.0,24.0,9.0,output/diffdock_workflow/poses/3SAP/complex_0/rank2_confidence0.09.sdf,No sub-structure match found between the reference and probe mol
3SAP,E2I,diffdock_sdf,diffdock,rank1|idx_1,atom_name,0.375,5.035837228180455,24.0,24.0,9.0,output/diffdock_workflow/poses/3SAP/complex_0/rank1.sdf,No sub-structure match found between the reference and probe mol
3SAP,E2I,diffdock_sdf,diffdock,rank1_confidence0.11|idx_1,atom_name,0.375,5.035837228180455,24.0,24.0,9.0,output/diffdock_workflow/poses/3SAP/complex_0/rank1_confidence0.11.sdf,No sub-structure match found between the reference and probe mol
3L14,I7B,diffdock_sdf,diffdock,rank4_confidence0.32|idx_4,atom_name,0.375,2.497705911966743,16.0,16.0,6.0,output/diffdock_workflow/poses/3L14/complex_0/rank4_confidence0.32.sdf,No sub-structure match found between the reference and probe mol
3L14,I7B,diffdock_sdf,diffdock,rank3_confidence0.35|idx_3,atom_name,0.375,2.454885138150929,16.0,16.0,6.0,output/diffdock_workflow/poses/3L14/complex_0/rank3_confidence0.35.sdf,No sub-structure match found between the reference and probe mol
3L14,I7B,diffdock_sdf,diffdock,rank2_confidence0.36|idx_2,atom_name,0.375,2.435077241205058,16.0,16.0,6.0,output/diffdock_workflow/poses/3L14/complex_0/rank2_confidence0.36.sdf,No sub-structure match found between the reference and probe mol
3L14,I7B,diffdock_sdf,diffdock,rank1|idx_1,atom_name,0.375,2.433353731684686,16.0,16.0,6.0,output/diffdock_workflow/poses/3L14/complex_0/rank1.sdf,No sub-structure match found between the reference and probe mol
3L14,I7B,diffdock_sdf,diffdock,rank1_confidence0.38|idx_1,atom_name,0.375,2.433353731684686,16.0,16.0,6.0,output/diffdock_workflow/poses/3L14/complex_0/rank1_confidence0.38.sdf,No sub-structure match found between the reference and probe mol
4XE1,IL5,diffdock_sdf,diffdock,rank4_confidence0.82|idx_4,atom_name,0.375,0.1056022517364726,16.0,16.0,6.0,output/diffdock_workflow/poses/4XE1/complex_0/rank4_confidence0.82.sdf,No sub-structure match found between the reference and probe mol
4XE1,IL5,diffdock_sdf,diffdock,rank1|idx_1,atom_name,0.375,0.1033329196158048,16.0,16.0,6.0,output/diffdock_workflow/poses/4XE1/complex_0/rank1.sdf,No sub-structure match found between the reference and probe mol
4XE1,IL5,diffdock_sdf,diffdock,rank1_confidence0.86|idx_1,atom_name,0.375,0.1033329196158048,16.0,16.0,6.0,output/diffdock_workflow/poses/4XE1/complex_0/rank1_confidence0.86.sdf,No sub-structure match found between the reference and probe mol
4XE1,IL5,diffdock_sdf,diffdock,rank3_confidence0.82|idx_3,atom_name,0.375,0.100244887275374,16.0,16.0,6.0,output/diffdock_workflow/poses/4XE1/complex_0/rank3_confidence0.82.sdf,No sub-structure match found between the reference and probe mol
4XE1,IL5,diffdock_sdf,diffdock,rank2_confidence0.84|idx_2,atom_name,0.375,0.0671027152100271,16.0,16.0,6.0,output/diffdock_workflow/poses/4XE1/complex_0/rank2_confidence0.84.sdf,No sub-structure match found between the reference and probe mol
6WQ7,U6V,diffdock_sdf,diffdock,rank2_confidence-1.32|idx_2,atom_name,0.3783783783783784,6.896494557149883,37.0,37.0,14.0,output/diffdock_workflow/poses/6WQ7/complex_0/rank2_confidence-1.32.sdf,No sub-structure match found between the reference and probe mol
6WQ7,U6V,diffdock_sdf,diffdock,rank1|idx_1,atom_name,0.3783783783783784,6.780963798504065,37.0,37.0,14.0,output/diffdock_workflow/poses/6WQ7/complex_0/rank1.sdf,No sub-structure match found between the reference and probe mol
6WQ7,U6V,diffdock_sdf,diffdock,rank1_confidence-1.26|idx_1,atom_name,0.3783783783783784,6.780963798504065,37.0,37.0,14.0,output/diffdock_workflow/poses/6WQ7/complex_0/rank1_confidence-1.26.sdf,No sub-structure match found between the reference and probe mol
6WQ7,U6V,diffdock_sdf,diffdock,rank4_confidence-1.37|idx_4,atom_name,0.3783783783783784,6.664658124167397,37.0,37.0,14.0,output/diffdock_workflow/poses/6WQ7/complex_0/rank4_confidence-1.37.sdf,No sub-structure match found between the reference and probe mol
6WQ7,U6V,diffdock_sdf,diffdock,rank3_confidence-1.37|idx_3,atom_name,0.3783783783783784,6.310076151626816,37.0,37.0,14.0,output/diffdock_workflow/poses/6WQ7/complex_0/rank3_confidence-1.37.sdf,No sub-structure match found between the reference and probe mol
4KNJ,E1F,diffdock_sdf,diffdock,rank1|idx_1,atom_name,0.3809523809523809,2.265407442499425,21.0,21.0,8.0,output/diffdock_workflow/poses/4KNJ/complex_0/rank1.sdf,No sub-structure match found between the reference and probe mol
4KNJ,E1F,diffdock_sdf,diffdock,rank1_confidence0.55|idx_1,atom_name,0.3809523809523809,2.265407442499425,21.0,21.0,8.0,output/diffdock_workflow/poses/4KNJ/complex_0/rank1_confidence0.55.sdf,No sub-structure match found between the reference and probe mol
4KNJ,E1F,diffdock_sdf,diffdock,rank2_confidence0.50|idx_2,atom_name,0.3809523809523809,2.2494930828401167,21.0,21.0,8.0,output/diffdock_workflow/poses/4KNJ/complex_0/rank2_confidence0.50.sdf,No sub-structure match found between the reference and probe mol
4KNJ,E1F,diffdock_sdf,diffdock,rank3_confidence0.50|idx_3,atom_name,0.3809523809523809,2.2133260019852705,21.0,21.0,8.0,output/diffdock_workflow/poses/4KNJ/complex_0/rank3_confidence0.50.sdf,No sub-structure match found between the reference and probe mol
4KNJ,E1F,diffdock_sdf,diffdock,rank4_confidence0.48|idx_4,atom_name,0.3809523809523809,2.1271306098881686,21.0,21.0,8.0,output/diffdock_workflow/poses/4KNJ/complex_0/rank4_confidence0.48.sdf,No sub-structure match found between the reference and probe mol
4PYX,V90,diffdock_sdf,diffdock,rank1|idx_1,atom_name,0.3846153846153846,5.556604906908955,26.0,26.0,10.0,output/diffdock_workflow/poses/4PYX/complex_0/rank1.sdf,No sub-structure match found between the reference and probe mol
4PYX,V90,diffdock_sdf,diffdock,rank1_confidence0.10|idx_1,atom_name,0.3846153846153846,5.556604906908955,26.0,26.0,10.0,output/diffdock_workflow/poses/4PYX/complex_0/rank1_confidence0.10.sdf,No sub-structure match found between the reference and probe mol
4PYX,V90,diffdock_sdf,diffdock,rank2_confidence0.06|idx_2,atom_name,0.3846153846153846,5.530449476573039,26.0,26.0,10.0,output/diffdock_workflow/poses/4PYX/complex_0/rank2_confidence0.06.sdf,No sub-structure match found between the reference and probe mol
4PYX,V90,diffdock_sdf,diffdock,rank4_confidence0.03|idx_4,atom_name,0.3846153846153846,5.304833889997029,26.0,26.0,10.0,output/diffdock_workflow/poses/4PYX/complex_0/rank4_confidence0.03.sdf,No sub-structure match found between the reference and probe mol
4PYX,V90,diffdock_sdf,diffdock,rank3_confidence0.04|idx_3,atom_name,0.3846153846153846,5.081268516473445,26.0,26.0,10.0,output/diffdock_workflow/poses/4PYX/complex_0/rank3_confidence0.04.sdf,No sub-structure match found between the reference and probe mol
4CQ0,SXS,diffdock_sdf,diffdock,rank3_confidence1.13|idx_3,atom_name,0.3846153846153846,2.8405947474494404,13.0,13.0,5.0,output/diffdock_workflow/poses/4CQ0/complex_0/rank3_confidence1.13.sdf,No sub-structure match found between the reference and probe mol
4CQ0,SXS,diffdock_sdf,diffdock,rank2_confidence1.13|idx_2,atom_name,0.3846153846153846,2.840475442103189,13.0,13.0,5.0,output/diffdock_workflow/poses/4CQ0/complex_0/rank2_confidence1.13.sdf,No sub-structure match found between the reference and probe mol
4CQ0,SXS,diffdock_sdf,diffdock,rank4_confidence1.13|idx_4,atom_name,0.3846153846153846,2.836295762140184,13.0,13.0,5.0,output/diffdock_workflow/poses/4CQ0/complex_0/rank4_confidence1.13.sdf,No sub-structure match found between the reference and probe mol
4CQ0,SXS,diffdock_sdf,diffdock,rank1|idx_1,atom_name,0.3846153846153846,2.831365666788313,13.0,13.0,5.0,output/diffdock_workflow/poses/4CQ0/complex_0/rank1.sdf,No sub-structure match found between the reference and probe mol
4CQ0,SXS,diffdock_sdf,diffdock,rank1_confidence1.15|idx_1,atom_name,0.3846153846153846,2.831365666788313,13.0,13.0,5.0,output/diffdock_workflow/poses/4CQ0/complex_0/rank1_confidence1.15.sdf,No sub-structure match found between the reference and probe mol
6PGX,OJ4,diffdock_sdf,diffdock,rank4_confidence-0.95|idx_4,atom_name,0.3870967741935484,8.478758479154223,31.0,31.0,12.0,output/diffdock_workflow/poses/6PGX/complex_0/rank4_confidence-0.95.sdf,No sub-structure match found between the reference and probe mol
6PGX,OJ4,diffdock_sdf,diffdock,rank3_confidence-0.95|idx_3,atom_name,0.3870967741935484,6.207349973063352,31.0,31.0,12.0,output/diffdock_workflow/poses/6PGX/complex_0/rank3_confidence-0.95.sdf,No sub-structure match found between the reference and probe mol
6PGX,OJ4,diffdock_sdf,diffdock,rank2_confidence-0.60|idx_2,atom_name,0.3870967741935484,6.075031075817338,31.0,31.0,12.0,output/diffdock_workflow/poses/6PGX/complex_0/rank2_confidence-0.60.sdf,No sub-structure match found between the reference and probe mol
6PGX,OJ4,diffdock_sdf,diffdock,rank1|idx_1,atom_name,0.3870967741935484,5.914936052013447,31.0,31.0,12.0,output/diffdock_workflow/poses/6PGX/complex_0/rank1.sdf,No sub-structure match found between the reference and probe mol
6PGX,OJ4,diffdock_sdf,diffdock,rank1_confidence-0.60|idx_1,atom_name,0.3870967741935484,5.914936052013447,31.0,31.0,12.0,output/diffdock_workflow/poses/6PGX/complex_0/rank1_confidence-0.60.sdf,No sub-structure match found between the reference and probe mol
6WQ8,U77,diffdock_sdf,diffdock,rank4_confidence-1.31|idx_4,atom_name,0.3888888888888889,5.872562729961367,36.0,36.0,14.0,output/diffdock_workflow/poses/6WQ8/complex_0/rank4_confidence-1.31.sdf,No sub-structure match found between the reference and probe mol
6WQ8,U77,diffdock_sdf,diffdock,rank3_confidence-1.30|idx_3,atom_name,0.3888888888888889,5.802316072875203,36.0,36.0,14.0,output/diffdock_workflow/poses/6WQ8/complex_0/rank3_confidence-1.30.sdf,No sub-structure match found between the reference and probe mol
6WQ8,U77,diffdock_sdf,diffdock,rank2_confidence-1.20|idx_2,atom_name,0.3888888888888889,5.7084919986522,36.0,36.0,14.0,output/diffdock_workflow/poses/6WQ8/complex_0/rank2_confidence-1.20.sdf,No sub-structure match found between the reference and probe mol
6WQ8,U77,diffdock_sdf,diffdock,rank1|idx_1,atom_name,0.3888888888888889,5.332295037616531,36.0,36.0,14.0,output/diffdock_workflow/poses/6WQ8/complex_0/rank1.sdf,No sub-structure match found between the reference and probe mol
6WQ8,U77,diffdock_sdf,diffdock,rank1_confidence-0.86|idx_1,atom_name,0.3888888888888889,5.332295037616531,36.0,36.0,14.0,output/diffdock_workflow/poses/6WQ8/complex_0/rank1_confidence-0.86.sdf,No sub-structure match found between the reference and probe mol
6WQ9,U7J,diffdock_sdf,diffdock,rank1|idx_1,atom_name,0.3902439024390244,7.325591958122088,41.0,41.0,16.0,output/diffdock_workflow/poses/6WQ9/complex_0/rank1.sdf,No sub-structure match found between the reference and probe mol
6WQ9,U7J,diffdock_sdf,diffdock,rank1_confidence-1.56|idx_1,atom_name,0.3902439024390244,7.325591958122088,41.0,41.0,16.0,output/diffdock_workflow/poses/6WQ9/complex_0/rank1_confidence-1.56.sdf,No sub-structure match found between the reference and probe mol
6WQ9,U7J,diffdock_sdf,diffdock,rank2_confidence-1.85|idx_2,atom_name,0.3902439024390244,7.159555185023534,41.0,41.0,16.0,output/diffdock_workflow/poses/6WQ9/complex_0/rank2_confidence-1.85.sdf,No sub-structure match found between the reference and probe mol
6WQ9,U7J,diffdock_sdf,diffdock,rank3_confidence-2.10|idx_3,atom_name,0.3902439024390244,6.039860853736447,41.0,41.0,16.0,output/diffdock_workflow/poses/6WQ9/complex_0/rank3_confidence-2.10.sdf,No sub-structure match found between the reference and probe mol
6WQ9,U7J,diffdock_sdf,diffdock,rank4_confidence-2.10|idx_4,atom_name,0.3902439024390244,4.926770181768103,41.0,41.0,16.0,output/diffdock_workflow/poses/6WQ9/complex_0/rank4_confidence-2.10.sdf,No sub-structure match found between the reference and probe mol
6YPW,P75,diffdock_sdf,diffdock,rank4_confidence-1.16|idx_4,atom_name,0.3939393939393939,6.631712906293269,33.0,33.0,13.0,output/diffdock_workflow/poses/6YPW/complex_0/rank4_confidence-1.16.sdf,No sub-structure match found between the reference and probe mol
6YPW,P75,diffdock_sdf,diffdock,rank2_confidence-1.00|idx_2,atom_name,0.3939393939393939,6.539267648973643,33.0,33.0,13.0,output/diffdock_workflow/poses/6YPW/complex_0/rank2_confidence-1.00.sdf,No sub-structure match found between the reference and probe mol
6YPW,P75,diffdock_sdf,diffdock,rank1|idx_1,atom_name,0.3939393939393939,6.490650939636589,33.0,33.0,13.0,output/diffdock_workflow/poses/6YPW/complex_0/rank1.sdf,No sub-structure match found between the reference and probe mol
6YPW,P75,diffdock_sdf,diffdock,rank1_confidence-0.47|idx_1,atom_name,0.3939393939393939,6.490650939636589,33.0,33.0,13.0,output/diffdock_workflow/poses/6YPW/complex_0/rank1_confidence-0.47.sdf,No sub-structure match found between the reference and probe mol
6YPW,P75,diffdock_sdf,diffdock,rank3_confidence-1.10|idx_3,atom_name,0.3939393939393939,6.3769174703425495,33.0,33.0,13.0,output/diffdock_workflow/poses/6YPW/complex_0/rank3_confidence-1.10.sdf,No sub-structure match found between the reference and probe mol
6SDS,L8N,diffdock_sdf,diffdock,rank3_confidence0.50|idx_3,atom_name,0.4,0.8662754382370177,20.0,20.0,8.0,output/diffdock_workflow/poses/6SDS/complex_0/rank3_confidence0.50.sdf,No sub-structure match found between the reference and probe mol
6SDS,L8N,diffdock_sdf,diffdock,rank1|idx_1,atom_name,0.4,0.8622858285732746,20.0,20.0,8.0,output/diffdock_workflow/poses/6SDS/complex_0/rank1.sdf,No sub-structure match found between the reference and probe mol
6SDS,L8N,diffdock_sdf,diffdock,rank1_confidence0.56|idx_1,atom_name,0.4,0.8622858285732746,20.0,20.0,8.0,output/diffdock_workflow/poses/6SDS/complex_0/rank1_confidence0.56.sdf,No sub-structure match found between the reference and probe mol
6SDS,L8N,diffdock_sdf,diffdock,rank4_confidence0.43|idx_4,atom_name,0.4,0.8291392002060932,20.0,20.0,8.0,output/diffdock_workflow/poses/6SDS/complex_0/rank4_confidence0.43.sdf,No sub-structure match found between the reference and probe mol
6SDS,L8N,diffdock_sdf,diffdock,rank2_confidence0.54|idx_2,atom_name,0.4,0.8138643686438548,20.0,20.0,8.0,output/diffdock_workflow/poses/6SDS/complex_0/rank2_confidence0.54.sdf,No sub-structure match found between the reference and probe mol
3V5G,0F3,diffdock_sdf,diffdock,rank1|idx_1,atom_name,0.4,0.231402218301197,15.0,15.0,6.0,output/diffdock_workflow/poses/3V5G/complex_0/rank1.sdf,No sub-structure match found between the reference and probe mol
3V5G,0F3,diffdock_sdf,diffdock,rank1_confidence0.42|idx_1,atom_name,0.4,0.231402218301197,15.0,15.0,6.0,output/diffdock_workflow/poses/3V5G/complex_0/rank1_confidence0.42.sdf,No sub-structure match found between the reference and probe mol
3V5G,0F3,diffdock_sdf,diffdock,rank4_confidence0.37|idx_4,atom_name,0.4,0.1417478668667424,15.0,15.0,6.0,output/diffdock_workflow/poses/3V5G/complex_0/rank4_confidence0.37.sdf,No sub-structure match found between the reference and probe mol
3V5G,0F3,diffdock_sdf,diffdock,rank3_confidence0.38|idx_3,atom_name,0.4,0.1345426816169297,15.0,15.0,6.0,output/diffdock_workflow/poses/3V5G/complex_0/rank3_confidence0.38.sdf,No sub-structure match found between the reference and probe mol
3V5G,0F3,diffdock_sdf,diffdock,rank2_confidence0.39|idx_2,atom_name,0.4,0.1229620230800671,15.0,15.0,6.0,output/diffdock_workflow/poses/3V5G/complex_0/rank2_confidence0.39.sdf,No sub-structure match found between the reference and probe mol
5NEE,8V5,diffdock_sdf,diffdock,rank1|idx_1,atom_name,0.4090909090909091,4.307402355771538,22.0,22.0,9.0,output/diffdock_workflow/poses/5NEE/complex_0/rank1.sdf,No sub-structure match found between the reference and probe mol
5NEE,8V5,diffdock_sdf,diffdock,rank1_confidence0.69|idx_1,atom_name,0.4090909090909091,4.307402355771538,22.0,22.0,9.0,output/diffdock_workflow/poses/5NEE/complex_0/rank1_confidence0.69.sdf,No sub-structure match found between the reference and probe mol
5NEE,8V5,diffdock_sdf,diffdock,rank4_confidence0.08|idx_4,atom_name,0.4090909090909091,3.5489929277567107,22.0,22.0,9.0,output/diffdock_workflow/poses/5NEE/complex_0/rank4_confidence0.08.sdf,No sub-structure match found between the reference and probe mol
5NEE,8V5,diffdock_sdf,diffdock,rank2_confidence0.32|idx_2,atom_name,0.4090909090909091,3.486531039421782,22.0,22.0,9.0,output/diffdock_workflow/poses/5NEE/complex_0/rank2_confidence0.32.sdf,No sub-structure match found between the reference and probe mol
5NEE,8V5,diffdock_sdf,diffdock,rank3_confidence0.08|idx_3,atom_name,0.4090909090909091,3.42833663322975,22.0,22.0,9.0,output/diffdock_workflow/poses/5NEE/complex_0/rank3_confidence0.08.sdf,No sub-structure match found between the reference and probe mol
3MHI,J90,diffdock_sdf,diffdock,rank4_confidence0.38|idx_4,atom_name,0.4090909090909091,2.519881319628252,22.0,22.0,9.0,output/diffdock_workflow/poses/3MHI/complex_0/rank4_confidence0.38.sdf,No sub-structure match found between the reference and probe mol
3MHI,J90,diffdock_sdf,diffdock,rank3_confidence0.38|idx_3,atom_name,0.4090909090909091,2.4125261020706086,22.0,22.0,9.0,output/diffdock_workflow/poses/3MHI/complex_0/rank3_confidence0.38.sdf,No sub-structure match found between the reference and probe mol
3MHI,J90,diffdock_sdf,diffdock,rank2_confidence0.43|idx_2,atom_name,0.4090909090909091,2.381982877639378,22.0,22.0,9.0,output/diffdock_workflow/poses/3MHI/complex_0/rank2_confidence0.43.sdf,No sub-structure match found between the reference and probe mol
3MHI,J90,diffdock_sdf,diffdock,rank1|idx_1,atom_name,0.4090909090909091,2.327705964015424,22.0,22.0,9.0,output/diffdock_workflow/poses/3MHI/complex_0/rank1.sdf,No sub-structure match found between the reference and probe mol
3MHI,J90,diffdock_sdf,diffdock,rank1_confidence0.48|idx_1,atom_name,0.4090909090909091,2.327705964015424,22.0,22.0,9.0,output/diffdock_workflow/poses/3MHI/complex_0/rank1_confidence0.48.sdf,No sub-structure match found between the reference and probe mol
3MHM,J75,diffdock_complex_pdb,diffdock,3MHM_diffdock_complex,atom_name,0.4137931034482758,4.7496517330357655,29.0,29.0,12.0,output/diffdock_workflow/complexes/3MHM_diffdock_complex.pdb,No sub-structure match found between the reference and probe mol
3MNA,DWH,diffdock_sdf,diffdock,rank3_confidence-0.50|idx_3,atom_name,0.4166666666666667,7.058370084715483,24.0,24.0,10.0,output/diffdock_workflow/poses/3MNA/complex_0/rank3_confidence-0.50.sdf,No sub-structure match found between the reference and probe mol
3MNA,DWH,diffdock_sdf,diffdock,rank1|idx_1,atom_name,0.4166666666666667,4.527566746087005,24.0,24.0,10.0,output/diffdock_workflow/poses/3MNA/complex_0/rank1.sdf,No sub-structure match found between the reference and probe mol
3MNA,DWH,diffdock_sdf,diffdock,rank1_confidence-0.22|idx_1,atom_name,0.4166666666666667,4.527566746087005,24.0,24.0,10.0,output/diffdock_workflow/poses/3MNA/complex_0/rank1_confidence-0.22.sdf,No sub-structure match found between the reference and probe mol
3MNA,DWH,diffdock_sdf,diffdock,rank2_confidence-0.36|idx_2,atom_name,0.4166666666666667,4.135586113769672,24.0,24.0,10.0,output/diffdock_workflow/poses/3MNA/complex_0/rank2_confidence-0.36.sdf,No sub-structure match found between the reference and probe mol
3MNA,DWH,diffdock_sdf,diffdock,rank4_confidence-0.94|idx_4,atom_name,0.4166666666666667,3.2499831007992928,24.0,24.0,10.0,output/diffdock_workflow/poses/3MNA/complex_0/rank4_confidence-0.94.sdf,No sub-structure match found between the reference and probe mol
5N1S,8GE,diffdock_sdf,diffdock,rank2_confidence0.82|idx_2,atom_name,0.4210526315789473,2.642847180965409,19.0,19.0,8.0,output/diffdock_workflow/poses/5N1S/complex_0/rank2_confidence0.82.sdf,No sub-structure match found between the reference and probe mol
5N1S,8GE,diffdock_sdf,diffdock,rank1|idx_1,atom_name,0.4210526315789473,2.64219151143424,19.0,19.0,8.0,output/diffdock_workflow/poses/5N1S/complex_0/rank1.sdf,No sub-structure match found between the reference and probe mol
5N1S,8GE,diffdock_sdf,diffdock,rank1_confidence0.82|idx_1,atom_name,0.4210526315789473,2.64219151143424,19.0,19.0,8.0,output/diffdock_workflow/poses/5N1S/complex_0/rank1_confidence0.82.sdf,No sub-structure match found between the reference and probe mol
5N1S,8GE,diffdock_sdf,diffdock,rank3_confidence0.80|idx_3,atom_name,0.4210526315789473,2.635744336138463,19.0,19.0,8.0,output/diffdock_workflow/poses/5N1S/complex_0/rank3_confidence0.80.sdf,No sub-structure match found between the reference and probe mol
5N1S,8GE,diffdock_sdf,diffdock,rank4_confidence0.79|idx_4,atom_name,0.4210526315789473,2.626535238330409,19.0,19.0,8.0,output/diffdock_workflow/poses/5N1S/complex_0/rank4_confidence0.79.sdf,No sub-structure match found between the reference and probe mol
5WEX,8JS,diffdock_sdf,diffdock,rank1|idx_1,atom_name,0.4285714285714285,5.023240236629791,21.0,21.0,9.0,output/diffdock_workflow/poses/5WEX/complex_0/rank1.sdf,No sub-structure match found between the reference and probe mol
5WEX,8JS,diffdock_sdf,diffdock,rank1_confidence0.66|idx_1,atom_name,0.4285714285714285,5.023240236629791,21.0,21.0,9.0,output/diffdock_workflow/poses/5WEX/complex_0/rank1_confidence0.66.sdf,No sub-structure match found between the reference and probe mol
5WEX,8JS,diffdock_sdf,diffdock,rank2_confidence0.65|idx_2,atom_name,0.4285714285714285,4.975191112135478,21.0,21.0,9.0,output/diffdock_workflow/poses/5WEX/complex_0/rank2_confidence0.65.sdf,No sub-structure match found between the reference and probe mol
5WEX,8JS,diffdock_sdf,diffdock,rank4_confidence0.59|idx_4,atom_name,0.4285714285714285,4.966229539096143,21.0,21.0,9.0,output/diffdock_workflow/poses/5WEX/complex_0/rank4_confidence0.59.sdf,No sub-structure match found between the reference and probe mol
5ULN,8JS,diffdock_sdf,diffdock,rank4_confidence0.67|idx_4,atom_name,0.4285714285714285,4.623953225622701,21.0,21.0,9.0,output/diffdock_workflow/poses/5ULN/complex_0/rank4_confidence0.67.sdf,No sub-structure match found between the reference and probe mol
3M40,J45,diffdock_complex_pdb,diffdock,3M40_diffdock_complex,atom_name,0.4285714285714285,4.1500253596907655,21.0,21.0,9.0,output/diffdock_workflow/complexes/3M40_diffdock_complex.pdb,No sub-structure match found between the reference and probe mol
5ULN,8JS,diffdock_sdf,diffdock,rank2_confidence0.70|idx_2,atom_name,0.4285714285714285,4.096711844608399,21.0,21.0,9.0,output/diffdock_workflow/poses/5ULN/complex_0/rank2_confidence0.70.sdf,No sub-structure match found between the reference and probe mol
5ULN,8JS,diffdock_sdf,diffdock,rank1|idx_1,atom_name,0.4285714285714285,3.992122419659078,21.0,21.0,9.0,output/diffdock_workflow/poses/5ULN/complex_0/rank1.sdf,No sub-structure match found between the reference and probe mol
5ULN,8JS,diffdock_sdf,diffdock,rank1_confidence0.70|idx_1,atom_name,0.4285714285714285,3.992122419659078,21.0,21.0,9.0,output/diffdock_workflow/poses/5ULN/complex_0/rank1_confidence0.70.sdf,No sub-structure match found between the reference and probe mol
5ULN,8JS,diffdock_sdf,diffdock,rank3_confidence0.68|idx_3,atom_name,0.4285714285714285,3.963224752753937,21.0,21.0,9.0,output/diffdock_workflow/poses/5ULN/complex_0/rank3_confidence0.68.sdf,No sub-structure match found between the reference and probe mol
5WEX,8JS,diffdock_sdf,diffdock,rank3_confidence0.63|idx_3,atom_name,0.4285714285714285,3.6701518274131786,21.0,21.0,9.0,output/diffdock_workflow/poses/5WEX/complex_0/rank3_confidence0.63.sdf,No sub-structure match found between the reference and probe mol
6T4P,MHK,diffdock_sdf,diffdock,rank2_confidence0.48|idx_2,atom_name,0.4285714285714285,2.4158582438087124,14.0,14.0,6.0,output/diffdock_workflow/poses/6T4P/complex_0/rank2_confidence0.48.sdf,No sub-structure match found between the reference and probe mol
6T4P,MHK,diffdock_sdf,diffdock,rank4_confidence0.45|idx_4,atom_name,0.4285714285714285,2.400589992597848,14.0,14.0,6.0,output/diffdock_workflow/poses/6T4P/complex_0/rank4_confidence0.45.sdf,No sub-structure match found between the reference and probe mol
6T4P,MHK,diffdock_sdf,diffdock,rank1|idx_1,atom_name,0.4285714285714285,2.3590287117075395,14.0,14.0,6.0,output/diffdock_workflow/poses/6T4P/complex_0/rank1.sdf,No sub-structure match found between the reference and probe mol
6T4P,MHK,diffdock_sdf,diffdock,rank1_confidence0.50|idx_1,atom_name,0.4285714285714285,2.3590287117075395,14.0,14.0,6.0,output/diffdock_workflow/poses/6T4P/complex_0/rank1_confidence0.50.sdf,No sub-structure match found between the reference and probe mol
6T4P,MHK,diffdock_sdf,diffdock,rank3_confidence0.45|idx_3,atom_name,0.4285714285714285,2.348974995862104,14.0,14.0,6.0,output/diffdock_workflow/poses/6T4P/complex_0/rank3_confidence0.45.sdf,No sub-structure match found between the reference and probe mol
7QGX,MLI,diffdock_complex_pdb,diffdock,7QGX_diffdock_complex,atom_name,0.4285714285714285,1.3821903426532698,7.0,7.0,3.0,output/diffdock_workflow/complexes/7QGX_diffdock_complex.pdb,No sub-structure match found between the reference and probe mol
4QSA,EWW,diffdock_sdf,diffdock,rank2_confidence0.25|idx_2,atom_name,0.4347826086956521,5.157243533684057,46.0,23.0,10.0,output/diffdock_workflow/poses/4QSA/complex_0/rank2_confidence0.25.sdf,No sub-structure match found between the reference and probe mol
4QSA,EWW,diffdock_sdf,diffdock,rank4_confidence0.18|idx_4,atom_name,0.4347826086956521,5.156834528940854,46.0,23.0,10.0,output/diffdock_workflow/poses/4QSA/complex_0/rank4_confidence0.18.sdf,No sub-structure match found between the reference and probe mol
4QSA,EWW,diffdock_sdf,diffdock,rank1|idx_1,atom_name,0.4347826086956521,5.13245851573302,46.0,23.0,10.0,output/diffdock_workflow/poses/4QSA/complex_0/rank1.sdf,No sub-structure match found between the reference and probe mol
4QSA,EWW,diffdock_sdf,diffdock,rank1_confidence0.30|idx_1,atom_name,0.4347826086956521,5.13245851573302,46.0,23.0,10.0,output/diffdock_workflow/poses/4QSA/complex_0/rank1_confidence0.30.sdf,No sub-structure match found between the reference and probe mol
4QSA,EWW,diffdock_sdf,diffdock,rank3_confidence0.25|idx_3,atom_name,0.4347826086956521,5.062548097010425,46.0,23.0,10.0,output/diffdock_workflow/poses/4QSA/complex_0/rank3_confidence0.25.sdf,No sub-structure match found between the reference and probe mol
5J8Z,6KE,diffdock_sdf,diffdock,rank3_confidence-0.35|idx_3,atom_name,0.4375,5.624470797816993,32.0,32.0,14.0,output/diffdock_workflow/poses/5J8Z/complex_0/rank3_confidence-0.35.sdf,No sub-structure match found between the reference and probe mol
5J8Z,6KE,diffdock_sdf,diffdock,rank1|idx_1,atom_name,0.4375,5.57088511939716,32.0,32.0,14.0,output/diffdock_workflow/poses/5J8Z/complex_0/rank1.sdf,No sub-structure match found between the reference and probe mol
5J8Z,6KE,diffdock_sdf,diffdock,rank1_confidence-0.30|idx_1,atom_name,0.4375,5.57088511939716,32.0,32.0,14.0,output/diffdock_workflow/poses/5J8Z/complex_0/rank1_confidence-0.30.sdf,No sub-structure match found between the reference and probe mol
5J8Z,6KE,diffdock_sdf,diffdock,rank2_confidence-0.33|idx_2,atom_name,0.4375,5.489943932046781,32.0,32.0,14.0,output/diffdock_workflow/poses/5J8Z/complex_0/rank2_confidence-0.33.sdf,No sub-structure match found between the reference and probe mol
5J8Z,6KE,diffdock_sdf,diffdock,rank4_confidence-0.35|idx_4,atom_name,0.4375,5.253395697193718,32.0,32.0,14.0,output/diffdock_workflow/poses/5J8Z/complex_0/rank4_confidence-0.35.sdf,No sub-structure match found between the reference and probe mol
5NEA,8V8,diffdock_sdf,diffdock,rank3_confidence0.75|idx_3,atom_name,0.4375,2.7636110656606245,16.0,16.0,7.0,output/diffdock_workflow/poses/5NEA/complex_0/rank3_confidence0.75.sdf,No sub-structure match found between the reference and probe mol
5NEA,8V8,diffdock_sdf,diffdock,rank4_confidence0.70|idx_4,atom_name,0.4375,2.6784226224677723,16.0,16.0,7.0,output/diffdock_workflow/poses/5NEA/complex_0/rank4_confidence0.70.sdf,No sub-structure match found between the reference and probe mol
5NEA,8V8,diffdock_sdf,diffdock,rank1|idx_1,atom_name,0.4375,2.592246598049346,16.0,16.0,7.0,output/diffdock_workflow/poses/5NEA/complex_0/rank1.sdf,No sub-structure match found between the reference and probe mol
5NEA,8V8,diffdock_sdf,diffdock,rank1_confidence0.83|idx_1,atom_name,0.4375,2.592246598049346,16.0,16.0,7.0,output/diffdock_workflow/poses/5NEA/complex_0/rank1_confidence0.83.sdf,No sub-structure match found between the reference and probe mol
5NEA,8V8,diffdock_sdf,diffdock,rank2_confidence0.79|idx_2,atom_name,0.4375,2.586563156911372,16.0,16.0,7.0,output/diffdock_workflow/poses/5NEA/complex_0/rank2_confidence0.79.sdf,No sub-structure match found between the reference and probe mol
6ODZ,M8J,diffdock_sdf,diffdock,rank2_confidence0.44|idx_2,atom_name,0.44,5.94462246718805,25.0,25.0,11.0,output/diffdock_workflow/poses/6ODZ/complex_0/rank2_confidence0.44.sdf,No sub-structure match found between the reference and probe mol
6ODZ,M8J,diffdock_sdf,diffdock,rank3_confidence0.44|idx_3,atom_name,0.44,5.89941676148815,25.0,25.0,11.0,output/diffdock_workflow/poses/6ODZ/complex_0/rank3_confidence0.44.sdf,No sub-structure match found between the reference and probe mol
6ODZ,M8J,diffdock_sdf,diffdock,rank4_confidence0.31|idx_4,atom_name,0.44,5.770359496672247,25.0,25.0,11.0,output/diffdock_workflow/poses/6ODZ/complex_0/rank4_confidence0.31.sdf,No sub-structure match found between the reference and probe mol
6ODZ,M8J,diffdock_sdf,diffdock,rank1|idx_1,atom_name,0.44,5.446658708425738,25.0,25.0,11.0,output/diffdock_workflow/poses/6ODZ/complex_0/rank1.sdf,No sub-structure match found between the reference and probe mol
6ODZ,M8J,diffdock_sdf,diffdock,rank1_confidence0.49|idx_1,atom_name,0.44,5.446658708425738,25.0,25.0,11.0,output/diffdock_workflow/poses/6ODZ/complex_0/rank1_confidence0.49.sdf,No sub-structure match found between the reference and probe mol
5EHE,WWO,diffdock_sdf,diffdock,rank1|idx_1,atom_name,0.4444444444444444,6.245590734016752,27.0,27.0,12.0,output/diffdock_workflow/poses/5EHE/complex_0/rank1.sdf,No sub-structure match found between the reference and probe mol
5EHE,WWO,diffdock_sdf,diffdock,rank1_confidence-0.90|idx_1,atom_name,0.4444444444444444,6.245590734016752,27.0,27.0,12.0,output/diffdock_workflow/poses/5EHE/complex_0/rank1_confidence-0.90.sdf,No sub-structure match found between the reference and probe mol
5EHE,WWO,diffdock_sdf,diffdock,rank4_confidence-1.21|idx_4,atom_name,0.4444444444444444,5.57256608831464,27.0,27.0,12.0,output/diffdock_workflow/poses/5EHE/complex_0/rank4_confidence-1.21.sdf,No sub-structure match found between the reference and probe mol
4QTL,WWO,diffdock_sdf,diffdock,rank2_confidence-1.03|idx_2,atom_name,0.4444444444444444,4.445877812097033,27.0,27.0,12.0,output/diffdock_workflow/poses/4QTL/complex_0/rank2_confidence-1.03.sdf,No sub-structure match found between the reference and probe mol
5EHE,WWO,diffdock_sdf,diffdock,rank2_confidence-1.05|idx_2,atom_name,0.4444444444444444,4.399202782470222,27.0,27.0,12.0,output/diffdock_workflow/poses/5EHE/complex_0/rank2_confidence-1.05.sdf,No sub-structure match found between the reference and probe mol
4QTL,WWO,diffdock_sdf,diffdock,rank3_confidence-1.16|idx_3,atom_name,0.4444444444444444,4.340243222623856,27.0,27.0,12.0,output/diffdock_workflow/poses/4QTL/complex_0/rank3_confidence-1.16.sdf,No sub-structure match found between the reference and probe mol
4QTL,WWO,diffdock_sdf,diffdock,rank1|idx_1,atom_name,0.4444444444444444,4.185072543877602,27.0,27.0,12.0,output/diffdock_workflow/poses/4QTL/complex_0/rank1.sdf,No sub-structure match found between the reference and probe mol
4QTL,WWO,diffdock_sdf,diffdock,rank1_confidence-0.90|idx_1,atom_name,0.4444444444444444,4.185072543877602,27.0,27.0,12.0,output/diffdock_workflow/poses/4QTL/complex_0/rank1_confidence-0.90.sdf,No sub-structure match found between the reference and probe mol
5EHE,WWO,diffdock_sdf,diffdock,rank3_confidence-1.11|idx_3,atom_name,0.4444444444444444,3.801805274537137,27.0,27.0,12.0,output/diffdock_workflow/poses/5EHE/complex_0/rank3_confidence-1.11.sdf,No sub-structure match found between the reference and probe mol
4QTL,WWO,diffdock_sdf,diffdock,rank4_confidence-1.76|idx_4,atom_name,0.4444444444444444,3.613151229905599,27.0,27.0,12.0,output/diffdock_workflow/poses/4QTL/complex_0/rank4_confidence-1.76.sdf,No sub-structure match found between the reference and probe mol
4Q7V,5MH,diffdock_sdf,diffdock,rank4_confidence0.83|idx_4,atom_name,0.4444444444444444,1.872683463557954,9.0,9.0,4.0,output/diffdock_workflow/poses/4Q7V/complex_0/rank4_confidence0.83.sdf,No sub-structure match found between the reference and probe mol
4Q7V,5MH,diffdock_sdf,diffdock,rank2_confidence0.84|idx_2,atom_name,0.4444444444444444,1.846315185342295,9.0,9.0,4.0,output/diffdock_workflow/poses/4Q7V/complex_0/rank2_confidence0.84.sdf,No sub-structure match found between the reference and probe mol
4Q7V,5MH,diffdock_sdf,diffdock,rank1|idx_1,atom_name,0.4444444444444444,1.843375692006913,9.0,9.0,4.0,output/diffdock_workflow/poses/4Q7V/complex_0/rank1.sdf,No sub-structure match found between the reference and probe mol
4Q7V,5MH,diffdock_sdf,diffdock,rank1_confidence0.84|idx_1,atom_name,0.4444444444444444,1.843375692006913,9.0,9.0,4.0,output/diffdock_workflow/poses/4Q7V/complex_0/rank1_confidence0.84.sdf,No sub-structure match found between the reference and probe mol
4Q7V,5MH,diffdock_sdf,diffdock,rank3_confidence0.83|idx_3,atom_name,0.4444444444444444,1.8393590992527376,9.0,9.0,4.0,output/diffdock_workflow/poses/4Q7V/complex_0/rank3_confidence0.83.sdf,No sub-structure match found between the reference and probe mol
4WW6,3TV,diffdock_sdf,diffdock,rank4_confidence0.50|idx_4,atom_name,0.4444444444444444,1.3828410609579316,18.0,18.0,8.0,output/diffdock_workflow/poses/4WW6/complex_0/rank4_confidence0.50.sdf,No sub-structure match found between the reference and probe mol
4WW6,3TV,diffdock_sdf,diffdock,rank1|idx_1,atom_name,0.4444444444444444,1.3503167843178157,18.0,18.0,8.0,output/diffdock_workflow/poses/4WW6/complex_0/rank1.sdf,No sub-structure match found between the reference and probe mol
4WW6,3TV,diffdock_sdf,diffdock,rank1_confidence0.63|idx_1,atom_name,0.4444444444444444,1.3503167843178157,18.0,18.0,8.0,output/diffdock_workflow/poses/4WW6/complex_0/rank1_confidence0.63.sdf,No sub-structure match found between the reference and probe mol
4WW6,3TV,diffdock_sdf,diffdock,rank2_confidence0.57|idx_2,atom_name,0.4444444444444444,1.349740593034388,18.0,18.0,8.0,output/diffdock_workflow/poses/4WW6/complex_0/rank2_confidence0.57.sdf,No sub-structure match found between the reference and probe mol
4WW6,3TV,diffdock_sdf,diffdock,rank3_confidence0.54|idx_3,atom_name,0.4444444444444444,1.3489377340157735,18.0,18.0,8.0,output/diffdock_workflow/poses/4WW6/complex_0/rank3_confidence0.54.sdf,No sub-structure match found between the reference and probe mol
4Q7S,2YU,diffdock_sdf,diffdock,rank2_confidence0.78|idx_2,atom_name,0.4444444444444444,1.2965194732145564,9.0,9.0,4.0,output/diffdock_workflow/poses/4Q7S/complex_0/rank2_confidence0.78.sdf,No sub-structure match found between the reference and probe mol
4Q7S,2YU,diffdock_sdf,diffdock,rank4_confidence0.75|idx_4,atom_name,0.4444444444444444,1.2906985677403675,9.0,9.0,4.0,output/diffdock_workflow/poses/4Q7S/complex_0/rank4_confidence0.75.sdf,No sub-structure match found between the reference and probe mol
4Q7S,2YU,diffdock_sdf,diffdock,rank3_confidence0.76|idx_3,atom_name,0.4444444444444444,1.2800010580922856,9.0,9.0,4.0,output/diffdock_workflow/poses/4Q7S/complex_0/rank3_confidence0.76.sdf,No sub-structure match found between the reference and probe mol
4Q7S,2YU,diffdock_sdf,diffdock,rank1|idx_1,atom_name,0.4444444444444444,1.2677245011670106,9.0,9.0,4.0,output/diffdock_workflow/poses/4Q7S/complex_0/rank1.sdf,No sub-structure match found between the reference and probe mol
4Q7S,2YU,diffdock_sdf,diffdock,rank1_confidence0.82|idx_1,atom_name,0.4444444444444444,1.2677245011670106,9.0,9.0,4.0,output/diffdock_workflow/poses/4Q7S/complex_0/rank1_confidence0.82.sdf,No sub-structure match found between the reference and probe mol
3MHI,J90,diffdock_complex_pdb,diffdock,3MHI_diffdock_complex,atom_name,0.4545454545454545,2.306118425919412,22.0,22.0,10.0,output/diffdock_workflow/complexes/3MHI_diffdock_complex.pdb,No sub-structure match found between the reference and probe mol
6RIG,K4N,diffdock_sdf,diffdock,rank1|idx_1,atom_name,0.4545454545454545,2.2376522451618337,11.0,11.0,5.0,output/diffdock_workflow/poses/6RIG/complex_0/rank1.sdf,No sub-structure match found between the reference and probe mol
6RIG,K4N,diffdock_sdf,diffdock,rank1_confidence0.79|idx_1,atom_name,0.4545454545454545,2.2376522451618337,11.0,11.0,5.0,output/diffdock_workflow/poses/6RIG/complex_0/rank1_confidence0.79.sdf,No sub-structure match found between the reference and probe mol
6RIG,K4N,diffdock_sdf,diffdock,rank3_confidence0.74|idx_3,atom_name,0.4545454545454545,2.2248123884939317,11.0,11.0,5.0,output/diffdock_workflow/poses/6RIG/complex_0/rank3_confidence0.74.sdf,No sub-structure match found between the reference and probe mol
6RIG,K4N,diffdock_sdf,diffdock,rank2_confidence0.76|idx_2,atom_name,0.4545454545454545,0.9517410706078884,11.0,11.0,5.0,output/diffdock_workflow/poses/6RIG/complex_0/rank2_confidence0.76.sdf,No sub-structure match found between the reference and probe mol
6RIG,K4N,diffdock_sdf,diffdock,rank4_confidence0.72|idx_4,atom_name,0.4545454545454545,0.8206597058178761,11.0,11.0,5.0,output/diffdock_workflow/poses/6RIG/complex_0/rank4_confidence0.72.sdf,No sub-structure match found between the reference and probe mol
3M67,E36,diffdock_sdf,diffdock,rank1|idx_1,atom_name,0.4642857142857143,5.2885607757195485,28.0,28.0,13.0,output/diffdock_workflow/poses/3M67/complex_0/rank1.sdf,No sub-structure match found between the reference and probe mol
3M67,E36,diffdock_sdf,diffdock,rank1_confidence-0.15|idx_1,atom_name,0.4642857142857143,5.2885607757195485,28.0,28.0,13.0,output/diffdock_workflow/poses/3M67/complex_0/rank1_confidence-0.15.sdf,No sub-structure match found between the reference and probe mol
3M67,E36,diffdock_sdf,diffdock,rank3_confidence-0.28|idx_3,atom_name,0.4642857142857143,5.231123574062813,28.0,28.0,13.0,output/diffdock_workflow/poses/3M67/complex_0/rank3_confidence-0.28.sdf,No sub-structure match found between the reference and probe mol
3M67,E36,diffdock_sdf,diffdock,rank4_confidence-0.31|idx_4,atom_name,0.4642857142857143,5.178622661421163,28.0,28.0,13.0,output/diffdock_workflow/poses/3M67/complex_0/rank4_confidence-0.31.sdf,No sub-structure match found between the reference and probe mol
3M67,E36,diffdock_sdf,diffdock,rank2_confidence-0.17|idx_2,atom_name,0.4642857142857143,5.131719435099713,28.0,28.0,13.0,output/diffdock_workflow/poses/3M67/complex_0/rank2_confidence-0.17.sdf,No sub-structure match found between the reference and probe mol
6H3Q,FMH,diffdock_sdf,diffdock,rank1|idx_1,atom_name,0.4705882352941176,2.8096259169079523,17.0,17.0,8.0,output/diffdock_workflow/poses/6H3Q/complex_0/rank1.sdf,No sub-structure match found between the reference and probe mol
6H3Q,FMH,diffdock_sdf,diffdock,rank1_confidence0.47|idx_1,atom_name,0.4705882352941176,2.8096259169079523,17.0,17.0,8.0,output/diffdock_workflow/poses/6H3Q/complex_0/rank1_confidence0.47.sdf,No sub-structure match found between the reference and probe mol
6D1M,FQY,diffdock_sdf,diffdock,rank4_confidence0.87|idx_4,atom_name,0.4705882352941176,2.30778796740602,17.0,17.0,8.0,output/diffdock_workflow/poses/6D1M/complex_0/rank4_confidence0.87.sdf,No sub-structure match found between the reference and probe mol
6D1M,FQY,diffdock_sdf,diffdock,rank1|idx_1,atom_name,0.4705882352941176,2.2783905497505743,17.0,17.0,8.0,output/diffdock_workflow/poses/6D1M/complex_0/rank1.sdf,No sub-structure match found between the reference and probe mol
6D1M,FQY,diffdock_sdf,diffdock,rank1_confidence0.91|idx_1,atom_name,0.4705882352941176,2.2783905497505743,17.0,17.0,8.0,output/diffdock_workflow/poses/6D1M/complex_0/rank1_confidence0.91.sdf,No sub-structure match found between the reference and probe mol
6H3Q,FMH,diffdock_sdf,diffdock,rank2_confidence0.47|idx_2,atom_name,0.4705882352941176,2.072053004764965,17.0,17.0,8.0,output/diffdock_workflow/poses/6H3Q/complex_0/rank2_confidence0.47.sdf,No sub-structure match found between the reference and probe mol
6H3Q,FMH,diffdock_sdf,diffdock,rank4_confidence0.32|idx_4,atom_name,0.4705882352941176,2.035501211090241,17.0,17.0,8.0,output/diffdock_workflow/poses/6H3Q/complex_0/rank4_confidence0.32.sdf,No sub-structure match found between the reference and probe mol
6H3Q,FMH,diffdock_sdf,diffdock,rank3_confidence0.33|idx_3,atom_name,0.4705882352941176,2.031150259511361,17.0,17.0,8.0,output/diffdock_workflow/poses/6H3Q/complex_0/rank3_confidence0.33.sdf,No sub-structure match found between the reference and probe mol
6D1M,FQY,diffdock_sdf,diffdock,rank2_confidence0.90|idx_2,atom_name,0.4705882352941176,2.011542619734234,17.0,17.0,8.0,output/diffdock_workflow/poses/6D1M/complex_0/rank2_confidence0.90.sdf,No sub-structure match found between the reference and probe mol
6D1M,FQY,diffdock_sdf,diffdock,rank3_confidence0.89|idx_3,atom_name,0.4705882352941176,2.0099654674321084,17.0,17.0,8.0,output/diffdock_workflow/poses/6D1M/complex_0/rank3_confidence0.89.sdf,No sub-structure match found between the reference and probe mol
8C0R,SXL,diffdock_sdf,diffdock,rank3_confidence0.04|idx_3,atom_name,0.4736842105263157,3.537949178157164,19.0,19.0,9.0,output/diffdock_workflow/poses/8C0R/complex_0/rank3_confidence0.04.sdf,No sub-structure match found between the reference and probe mol
8C0R,SXL,diffdock_sdf,diffdock,rank1|idx_1,atom_name,0.4736842105263157,3.147334693645257,19.0,19.0,9.0,output/diffdock_workflow/poses/8C0R/complex_0/rank1.sdf,No sub-structure match found between the reference and probe mol
8C0R,SXL,diffdock_sdf,diffdock,rank1_confidence0.06|idx_1,atom_name,0.4736842105263157,3.147334693645257,19.0,19.0,9.0,output/diffdock_workflow/poses/8C0R/complex_0/rank1_confidence0.06.sdf,No sub-structure match found between the reference and probe mol
8C0R,SXL,diffdock_sdf,diffdock,rank2_confidence0.05|idx_2,atom_name,0.4736842105263157,3.035631129093826,19.0,19.0,9.0,output/diffdock_workflow/poses/8C0R/complex_0/rank2_confidence0.05.sdf,No sub-structure match found between the reference and probe mol
8C0R,SXL,diffdock_sdf,diffdock,rank4_confidence0.03|idx_4,atom_name,0.4736842105263157,2.780455109767684,19.0,19.0,9.0,output/diffdock_workflow/poses/8C0R/complex_0/rank4_confidence0.03.sdf,No sub-structure match found between the reference and probe mol
3S9T,E49,diffdock_sdf,diffdock,rank1|idx_1,atom_name,0.4782608695652174,2.964868006723383,23.0,23.0,11.0,output/diffdock_workflow/poses/3S9T/complex_0/rank1.sdf,No sub-structure match found between the reference and probe mol
3S9T,E49,diffdock_sdf,diffdock,rank1_confidence-0.58|idx_1,atom_name,0.4782608695652174,2.964868006723383,23.0,23.0,11.0,output/diffdock_workflow/poses/3S9T/complex_0/rank1_confidence-0.58.sdf,No sub-structure match found between the reference and probe mol
3S9T,E49,diffdock_sdf,diffdock,rank3_confidence-0.88|idx_3,atom_name,0.4782608695652174,2.9249259366641955,23.0,23.0,11.0,output/diffdock_workflow/poses/3S9T/complex_0/rank3_confidence-0.88.sdf,No sub-structure match found between the reference and probe mol
3S9T,E49,diffdock_sdf,diffdock,rank4_confidence-0.89|idx_4,atom_name,0.4782608695652174,2.8880550801297167,23.0,23.0,11.0,output/diffdock_workflow/poses/3S9T/complex_0/rank4_confidence-0.89.sdf,No sub-structure match found between the reference and probe mol
3S9T,E49,diffdock_sdf,diffdock,rank2_confidence-0.83|idx_2,atom_name,0.4782608695652174,2.878980772219345,23.0,23.0,11.0,output/diffdock_workflow/poses/3S9T/complex_0/rank2_confidence-0.83.sdf,No sub-structure match found between the reference and probe mol
3MHL,J71,diffdock_complex_pdb,diffdock,3MHL_diffdock_complex,atom_name,0.4782608695652174,2.6541373287441714,23.0,23.0,11.0,output/diffdock_workflow/complexes/3MHL_diffdock_complex.pdb,No sub-structure match found between the reference and probe mol
6WQ4,U7A,diffdock_sdf,diffdock,rank1|idx_1,atom_name,0.4864864864864865,6.238313189585772,37.0,37.0,18.0,output/diffdock_workflow/poses/6WQ4/complex_0/rank1.sdf,No sub-structure match found between the reference and probe mol
6WQ4,U7A,diffdock_sdf,diffdock,rank1_confidence-1.04|idx_1,atom_name,0.4864864864864865,6.238313189585772,37.0,37.0,18.0,output/diffdock_workflow/poses/6WQ4/complex_0/rank1_confidence-1.04.sdf,No sub-structure match found between the reference and probe mol
6WQ4,U7A,diffdock_sdf,diffdock,rank4_confidence-1.72|idx_4,atom_name,0.4864864864864865,4.558286286364494,37.0,37.0,18.0,output/diffdock_workflow/poses/6WQ4/complex_0/rank4_confidence-1.72.sdf,No sub-structure match found between the reference and probe mol
6WQ4,U7A,diffdock_sdf,diffdock,rank2_confidence-1.18|idx_2,atom_name,0.4864864864864865,4.181153787183553,37.0,37.0,18.0,output/diffdock_workflow/poses/6WQ4/complex_0/rank2_confidence-1.18.sdf,No sub-structure match found between the reference and probe mol
6WQ4,U7A,diffdock_sdf,diffdock,rank3_confidence-1.35|idx_3,atom_name,0.4864864864864865,3.7918030104461855,37.0,37.0,18.0,output/diffdock_workflow/poses/6WQ4/complex_0/rank3_confidence-1.35.sdf,No sub-structure match found between the reference and probe mol
4RH2,FC9,diffdock_sdf,diffdock,rank1|idx_1,atom_name,0.4888888888888889,6.417888582725769,45.0,45.0,22.0,output/diffdock_workflow/poses/4RH2/complex_0/rank1.sdf,No sub-structure match found between the reference and probe mol
4RH2,FC9,diffdock_sdf,diffdock,rank1_confidence-1.46|idx_1,atom_name,0.4888888888888889,6.417888582725769,45.0,45.0,22.0,output/diffdock_workflow/poses/4RH2/complex_0/rank1_confidence-1.46.sdf,No sub-structure match found between the reference and probe mol
4RH2,FC9,diffdock_sdf,diffdock,rank3_confidence-2.03|idx_3,atom_name,0.4888888888888889,6.021285941216746,45.0,45.0,22.0,output/diffdock_workflow/poses/4RH2/complex_0/rank3_confidence-2.03.sdf,No sub-structure match found between the reference and probe mol
4RH2,FC9,diffdock_sdf,diffdock,rank4_confidence-2.28|idx_4,atom_name,0.4888888888888889,5.642386700843143,45.0,45.0,22.0,output/diffdock_workflow/poses/4RH2/complex_0/rank4_confidence-2.28.sdf,No sub-structure match found between the reference and probe mol
4RH2,FC9,diffdock_sdf,diffdock,rank2_confidence-1.69|idx_2,atom_name,0.4888888888888889,4.860634357371762,45.0,45.0,22.0,output/diffdock_workflow/poses/4RH2/complex_0/rank2_confidence-1.69.sdf,No sub-structure match found between the reference and probe mol
4QSB,EWY,diffdock_sdf,diffdock,rank3_confidence-0.05|idx_3,atom_name,0.5,5.871470158909975,44.0,22.0,11.0,output/diffdock_workflow/poses/4QSB/complex_0/rank3_confidence-0.05.sdf,No sub-structure match found between the reference and probe mol
5LL4,6YH,diffdock_sdf,diffdock,rank4_confidence0.46|idx_4,atom_name,0.5,5.449942585902629,22.0,22.0,11.0,output/diffdock_workflow/poses/5LL4/complex_0/rank4_confidence0.46.sdf,No sub-structure match found between the reference and probe mol
5LL4,6YH,diffdock_sdf,diffdock,rank2_confidence0.47|idx_2,atom_name,0.5,5.3682263138432535,22.0,22.0,11.0,output/diffdock_workflow/poses/5LL4/complex_0/rank2_confidence0.47.sdf,No sub-structure match found between the reference and probe mol
4QSB,EWY,diffdock_sdf,diffdock,rank4_confidence-0.06|idx_4,atom_name,0.5,3.45439036691396,44.0,22.0,11.0,output/diffdock_workflow/poses/4QSB/complex_0/rank4_confidence-0.06.sdf,No sub-structure match found between the reference and probe mol
4QSB,EWY,diffdock_sdf,diffdock,rank1|idx_1,atom_name,0.5,3.394217429378171,44.0,22.0,11.0,output/diffdock_workflow/poses/4QSB/complex_0/rank1.sdf,No sub-structure match found between the reference and probe mol
4QSB,EWY,diffdock_sdf,diffdock,rank1_confidence0.34|idx_1,atom_name,0.5,3.394217429378171,44.0,22.0,11.0,output/diffdock_workflow/poses/4QSB/complex_0/rank1_confidence0.34.sdf,No sub-structure match found between the reference and probe mol
4QSB,EWY,diffdock_sdf,diffdock,rank2_confidence0.14|idx_2,atom_name,0.5,3.267423873130693,44.0,22.0,11.0,output/diffdock_workflow/poses/4QSB/complex_0/rank2_confidence0.14.sdf,No sub-structure match found between the reference and probe mol
4QSI,EWZ,diffdock_sdf,diffdock,rank2_confidence-0.87|idx_2,atom_name,0.5,3.209712601111597,52.0,26.0,13.0,output/diffdock_workflow/poses/4QSI/complex_0/rank2_confidence-0.87.sdf,No sub-structure match found between the reference and probe mol
3SBH,E65,diffdock_sdf,diffdock,rank4_confidence-0.01|idx_4,atom_name,0.5,3.1456873646654047,22.0,22.0,11.0,output/diffdock_workflow/poses/3SBH/complex_0/rank4_confidence-0.01.sdf,No sub-structure match found between the reference and probe mol
3SBH,E65,diffdock_sdf,diffdock,rank1|idx_1,atom_name,0.5,3.1394498819845387,22.0,22.0,11.0,output/diffdock_workflow/poses/3SBH/complex_0/rank1.sdf,No sub-structure match found between the reference and probe mol
3SBH,E65,diffdock_sdf,diffdock,rank1_confidence0.07|idx_1,atom_name,0.5,3.1394498819845387,22.0,22.0,11.0,output/diffdock_workflow/poses/3SBH/complex_0/rank1_confidence0.07.sdf,No sub-structure match found between the reference and probe mol
3SBH,E65,diffdock_sdf,diffdock,rank3_confidence0.03|idx_3,atom_name,0.5,3.13743469830323,22.0,22.0,11.0,output/diffdock_workflow/poses/3SBH/complex_0/rank3_confidence0.03.sdf,No sub-structure match found between the reference and probe mol
3SBH,E65,diffdock_sdf,diffdock,rank2_confidence0.04|idx_2,atom_name,0.5,3.118952312558388,22.0,22.0,11.0,output/diffdock_workflow/poses/3SBH/complex_0/rank2_confidence0.04.sdf,No sub-structure match found between the reference and probe mol
4QSI,EWZ,diffdock_sdf,diffdock,rank4_confidence-0.97|idx_4,atom_name,0.5,3.095574264293915,52.0,26.0,13.0,output/diffdock_workflow/poses/4QSI/complex_0/rank4_confidence-0.97.sdf,No sub-structure match found between the reference and probe mol
4QSI,EWZ,diffdock_sdf,diffdock,rank3_confidence-0.95|idx_3,atom_name,0.5,3.089504249737716,52.0,26.0,13.0,output/diffdock_workflow/poses/4QSI/complex_0/rank3_confidence-0.95.sdf,No sub-structure match found between the reference and probe mol
4QSI,EWZ,diffdock_sdf,diffdock,rank1|idx_1,atom_name,0.5,2.892687545671797,52.0,26.0,13.0,output/diffdock_workflow/poses/4QSI/complex_0/rank1.sdf,No sub-structure match found between the reference and probe mol
4QSI,EWZ,diffdock_sdf,diffdock,rank1_confidence-0.76|idx_1,atom_name,0.5,2.892687545671797,52.0,26.0,13.0,output/diffdock_workflow/poses/4QSI/complex_0/rank1_confidence-0.76.sdf,No sub-structure match found between the reference and probe mol
5U0G,7QY,diffdock_sdf,diffdock,rank1|idx_1,atom_name,0.5,2.781376435099878,18.0,18.0,9.0,output/diffdock_workflow/poses/5U0G/complex_0/rank1.sdf,No sub-structure match found between the reference and probe mol
5U0G,7QY,diffdock_sdf,diffdock,rank1_confidence-0.31|idx_1,atom_name,0.5,2.781376435099878,18.0,18.0,9.0,output/diffdock_workflow/poses/5U0G/complex_0/rank1_confidence-0.31.sdf,No sub-structure match found between the reference and probe mol
5U0G,7QY,diffdock_sdf,diffdock,rank3_confidence-0.45|idx_3,atom_name,0.5,2.774948480023548,18.0,18.0,9.0,output/diffdock_workflow/poses/5U0G/complex_0/rank3_confidence-0.45.sdf,No sub-structure match found between the reference and probe mol
5U0G,7QY,diffdock_sdf,diffdock,rank4_confidence-0.49|idx_4,atom_name,0.5,2.7678375292039297,18.0,18.0,9.0,output/diffdock_workflow/poses/5U0G/complex_0/rank4_confidence-0.49.sdf,No sub-structure match found between the reference and probe mol
5U0G,7QY,diffdock_sdf,diffdock,rank2_confidence-0.33|idx_2,atom_name,0.5,2.757715483188123,18.0,18.0,9.0,output/diffdock_workflow/poses/5U0G/complex_0/rank2_confidence-0.33.sdf,No sub-structure match found between the reference and probe mol
5LL4,6YH,diffdock_sdf,diffdock,rank3_confidence0.46|idx_3,atom_name,0.5,2.491341250849753,22.0,22.0,11.0,output/diffdock_workflow/poses/5LL4/complex_0/rank3_confidence0.46.sdf,No sub-structure match found between the reference and probe mol
5LL4,6YH,diffdock_sdf,diffdock,rank1|idx_1,atom_name,0.5,2.3436642943583306,22.0,22.0,11.0,output/diffdock_workflow/poses/5LL4/complex_0/rank1.sdf,No sub-structure match found between the reference and probe mol
5LL4,6YH,diffdock_sdf,diffdock,rank1_confidence0.52|idx_1,atom_name,0.5,2.3436642943583306,22.0,22.0,11.0,output/diffdock_workflow/poses/5LL4/complex_0/rank1_confidence0.52.sdf,No sub-structure match found between the reference and probe mol
3M3X,JS7,diffdock_complex_pdb,diffdock,3M3X_diffdock_complex,atom_name,0.5,1.9047848365235072,24.0,24.0,12.0,output/diffdock_workflow/complexes/3M3X_diffdock_complex.pdb,No sub-structure match found between the reference and probe mol
4Q81,7MH,diffdock_sdf,diffdock,rank3_confidence0.18|idx_3,atom_name,0.5,0.7955266994042949,10.0,10.0,5.0,output/diffdock_workflow/poses/4Q81/complex_0/rank3_confidence0.18.sdf,No sub-structure match found between the reference and probe mol
4Q81,7MH,diffdock_sdf,diffdock,rank4_confidence0.18|idx_4,atom_name,0.5,0.7929039146049511,10.0,10.0,5.0,output/diffdock_workflow/poses/4Q81/complex_0/rank4_confidence0.18.sdf,No sub-structure match found between the reference and probe mol
4Q81,7MH,diffdock_sdf,diffdock,rank2_confidence0.19|idx_2,atom_name,0.5,0.7905151935917134,10.0,10.0,5.0,output/diffdock_workflow/poses/4Q81/complex_0/rank2_confidence0.19.sdf,No sub-structure match found between the reference and probe mol
4Q81,7MH,diffdock_sdf,diffdock,rank1|idx_1,atom_name,0.5,0.7905084205818208,10.0,10.0,5.0,output/diffdock_workflow/poses/4Q81/complex_0/rank1.sdf,No sub-structure match found between the reference and probe mol
4Q81,7MH,diffdock_sdf,diffdock,rank1_confidence0.19|idx_1,atom_name,0.5,0.7905084205818208,10.0,10.0,5.0,output/diffdock_workflow/poses/4Q81/complex_0/rank1_confidence0.19.sdf,No sub-structure match found between the reference and probe mol
5LLG,VD9,diffdock_sdf,diffdock,rank2_confidence0.75|idx_2,atom_name,0.5,0.0742105081802702,14.0,14.0,7.0,output/diffdock_workflow/poses/5LLG/complex_0/rank2_confidence0.75.sdf,No sub-structure match found between the reference and probe mol
5LLG,VD9,diffdock_sdf,diffdock,rank1|idx_1,atom_name,0.5,0.0423177123098387,14.0,14.0,7.0,output/diffdock_workflow/poses/5LLG/complex_0/rank1.sdf,No sub-structure match found between the reference and probe mol
5LLG,VD9,diffdock_sdf,diffdock,rank1_confidence0.77|idx_1,atom_name,0.5,0.0423177123098387,14.0,14.0,7.0,output/diffdock_workflow/poses/5LLG/complex_0/rank1_confidence0.77.sdf,No sub-structure match found between the reference and probe mol
5LLG,VD9,diffdock_sdf,diffdock,rank3_confidence0.73|idx_3,atom_name,0.5,0.0417166810411786,14.0,14.0,7.0,output/diffdock_workflow/poses/5LLG/complex_0/rank3_confidence0.73.sdf,No sub-structure match found between the reference and probe mol
5LLG,VD9,diffdock_sdf,diffdock,rank4_confidence0.72|idx_4,atom_name,0.5,0.0395308564275178,14.0,14.0,7.0,output/diffdock_workflow/poses/5LLG/complex_0/rank4_confidence0.72.sdf,No sub-structure match found between the reference and probe mol
6OE0,M8S,diffdock_sdf,diffdock,rank2_confidence0.52|idx_2,atom_name,0.5185185185185185,7.588163907400069,27.0,27.0,14.0,output/diffdock_workflow/poses/6OE0/complex_0/rank2_confidence0.52.sdf,No sub-structure match found between the reference and probe mol
6OE0,M8S,diffdock_sdf,diffdock,rank4_confidence0.44|idx_4,atom_name,0.5185185185185185,7.583617617502734,27.0,27.0,14.0,output/diffdock_workflow/poses/6OE0/complex_0/rank4_confidence0.44.sdf,No sub-structure match found between the reference and probe mol
6OE0,M8S,diffdock_sdf,diffdock,rank1|idx_1,atom_name,0.5185185185185185,7.45034104205671,27.0,27.0,14.0,output/diffdock_workflow/poses/6OE0/complex_0/rank1.sdf,No sub-structure match found between the reference and probe mol
6OE0,M8S,diffdock_sdf,diffdock,rank1_confidence0.53|idx_1,atom_name,0.5185185185185185,7.45034104205671,27.0,27.0,14.0,output/diffdock_workflow/poses/6OE0/complex_0/rank1_confidence0.53.sdf,No sub-structure match found between the reference and probe mol
6OE0,M8S,diffdock_sdf,diffdock,rank3_confidence0.52|idx_3,atom_name,0.5185185185185185,7.223649429483259,27.0,27.0,14.0,output/diffdock_workflow/poses/6OE0/complex_0/rank3_confidence0.52.sdf,No sub-structure match found between the reference and probe mol
3ML2,SU0,diffdock_sdf,diffdock,rank3_confidence0.09|idx_3,atom_name,0.5185185185185185,2.8836052157551166,27.0,27.0,14.0,output/diffdock_workflow/poses/3ML2/complex_0/rank3_confidence0.09.sdf,No sub-structure match found between the reference and probe mol
3ML2,SU0,diffdock_sdf,diffdock,rank1|idx_1,atom_name,0.5185185185185185,2.872755070943424,27.0,27.0,14.0,output/diffdock_workflow/poses/3ML2/complex_0/rank1.sdf,No sub-structure match found between the reference and probe mol
3ML2,SU0,diffdock_sdf,diffdock,rank1_confidence0.12|idx_1,atom_name,0.5185185185185185,2.872755070943424,27.0,27.0,14.0,output/diffdock_workflow/poses/3ML2/complex_0/rank1_confidence0.12.sdf,No sub-structure match found between the reference and probe mol
3ML2,SU0,diffdock_sdf,diffdock,rank2_confidence0.10|idx_2,atom_name,0.5185185185185185,2.768672044007727,27.0,27.0,14.0,output/diffdock_workflow/poses/3ML2/complex_0/rank2_confidence0.10.sdf,No sub-structure match found between the reference and probe mol
3ML2,SU0,diffdock_sdf,diffdock,rank4_confidence0.08|idx_4,atom_name,0.5185185185185185,2.739178046029469,27.0,27.0,14.0,output/diffdock_workflow/poses/3ML2/complex_0/rank4_confidence0.08.sdf,No sub-structure match found between the reference and probe mol
3N0N,P9B,diffdock_sdf,diffdock,rank3_confidence0.38|idx_3,atom_name,0.52,3.3540608949134945,50.0,25.0,13.0,output/diffdock_workflow/poses/3N0N/complex_0/rank3_confidence0.38.sdf,No sub-structure match found between the reference and probe mol
3N0N,P9B,diffdock_sdf,diffdock,rank2_confidence0.40|idx_2,atom_name,0.52,2.972496630081445,50.0,25.0,13.0,output/diffdock_workflow/poses/3N0N/complex_0/rank2_confidence0.40.sdf,No sub-structure match found between the reference and probe mol
3N0N,P9B,diffdock_sdf,diffdock,rank4_confidence0.38|idx_4,atom_name,0.52,2.968853356940244,50.0,25.0,13.0,output/diffdock_workflow/poses/3N0N/complex_0/rank4_confidence0.38.sdf,No sub-structure match found between the reference and probe mol
3N0N,P9B,diffdock_sdf,diffdock,rank1|idx_1,atom_name,0.52,2.8891084228179884,50.0,25.0,13.0,output/diffdock_workflow/poses/3N0N/complex_0/rank1.sdf,No sub-structure match found between the reference and probe mol
3N0N,P9B,diffdock_sdf,diffdock,rank1_confidence0.42|idx_1,atom_name,0.52,2.8891084228179884,50.0,25.0,13.0,output/diffdock_workflow/poses/3N0N/complex_0/rank1_confidence0.42.sdf,No sub-structure match found between the reference and probe mol
6SG0,FUN,diffdock_sdf,diffdock,rank1|idx_1,atom_name,0.5238095238095238,3.823850038056319,37.0,21.0,11.0,output/diffdock_workflow/poses/6SG0/complex_0/rank1.sdf,No sub-structure match found between the reference and probe mol
6SG0,FUN,diffdock_sdf,diffdock,rank1_confidence0.84|idx_1,atom_name,0.5238095238095238,3.823850038056319,37.0,21.0,11.0,output/diffdock_workflow/poses/6SG0/complex_0/rank1_confidence0.84.sdf,No sub-structure match found between the reference and probe mol
6SG0,FUN,diffdock_sdf,diffdock,rank2_confidence0.82|idx_2,atom_name,0.5238095238095238,3.800533241890796,37.0,21.0,11.0,output/diffdock_workflow/poses/6SG0/complex_0/rank2_confidence0.82.sdf,No sub-structure match found between the reference and probe mol
6SG0,FUN,diffdock_sdf,diffdock,rank3_confidence0.81|idx_3,atom_name,0.5238095238095238,3.797292738683129,37.0,21.0,11.0,output/diffdock_workflow/poses/6SG0/complex_0/rank3_confidence0.81.sdf,No sub-structure match found between the reference and probe mol
6SG0,FUN,diffdock_sdf,diffdock,rank4_confidence0.79|idx_4,atom_name,0.5238095238095238,3.779849982712327,37.0,21.0,11.0,output/diffdock_workflow/poses/6SG0/complex_0/rank4_confidence0.79.sdf,No sub-structure match found between the reference and probe mol
8C0Q,SWU,diffdock_sdf,diffdock,rank2_confidence0.39|idx_2,atom_name,0.5294117647058824,1.7929265214828594,17.0,17.0,9.0,output/diffdock_workflow/poses/8C0Q/complex_0/rank2_confidence0.39.sdf,No sub-structure match found between the reference and probe mol
8C0Q,SWU,diffdock_sdf,diffdock,rank3_confidence0.37|idx_3,atom_name,0.5294117647058824,1.791317958560338,17.0,17.0,9.0,output/diffdock_workflow/poses/8C0Q/complex_0/rank3_confidence0.37.sdf,No sub-structure match found between the reference and probe mol
8C0Q,SWU,diffdock_sdf,diffdock,rank4_confidence0.30|idx_4,atom_name,0.5294117647058824,1.7867642759106863,17.0,17.0,9.0,output/diffdock_workflow/poses/8C0Q/complex_0/rank4_confidence0.30.sdf,No sub-structure match found between the reference and probe mol
8C0Q,SWU,diffdock_sdf,diffdock,rank1|idx_1,atom_name,0.5294117647058824,1.7787831578230324,17.0,17.0,9.0,output/diffdock_workflow/poses/8C0Q/complex_0/rank1.sdf,No sub-structure match found between the reference and probe mol
8C0Q,SWU,diffdock_sdf,diffdock,rank1_confidence0.39|idx_1,atom_name,0.5294117647058824,1.7787831578230324,17.0,17.0,9.0,output/diffdock_workflow/poses/8C0Q/complex_0/rank1_confidence0.39.sdf,No sub-structure match found between the reference and probe mol
6I3E,H1Z,diffdock_sdf,diffdock,rank4_confidence0.90|idx_4,atom_name,0.5333333333333333,3.691688986393295,26.0,15.0,8.0,output/diffdock_workflow/poses/6I3E/complex_0/rank4_confidence0.90.sdf,No sub-structure match found between the reference and probe mol
6I3E,H1Z,diffdock_sdf,diffdock,rank2_confidence0.93|idx_2,atom_name,0.5333333333333333,3.635327410207643,26.0,15.0,8.0,output/diffdock_workflow/poses/6I3E/complex_0/rank2_confidence0.93.sdf,No sub-structure match found between the reference and probe mol
6I3E,H1Z,diffdock_sdf,diffdock,rank1|idx_1,atom_name,0.5333333333333333,3.082859119751858,26.0,15.0,8.0,output/diffdock_workflow/poses/6I3E/complex_0/rank1.sdf,No sub-structure match found between the reference and probe mol
6I3E,H1Z,diffdock_sdf,diffdock,rank1_confidence0.94|idx_1,atom_name,0.5333333333333333,3.082859119751858,26.0,15.0,8.0,output/diffdock_workflow/poses/6I3E/complex_0/rank1_confidence0.94.sdf,No sub-structure match found between the reference and probe mol
6I3E,H1Z,diffdock_sdf,diffdock,rank3_confidence0.92|idx_3,atom_name,0.5333333333333333,2.935229184040945,26.0,15.0,8.0,output/diffdock_workflow/poses/6I3E/complex_0/rank3_confidence0.92.sdf,No sub-structure match found between the reference and probe mol
5FDC,5WN,diffdock_sdf,diffdock,rank4_confidence0.42|idx_4,atom_name,0.5333333333333333,1.3820278778186952,15.0,15.0,8.0,output/diffdock_workflow/poses/5FDC/complex_0/rank4_confidence0.42.sdf,No sub-structure match found between the reference and probe mol
5FDC,5WN,diffdock_sdf,diffdock,rank3_confidence0.43|idx_3,atom_name,0.5333333333333333,1.3818186940558868,15.0,15.0,8.0,output/diffdock_workflow/poses/5FDC/complex_0/rank3_confidence0.43.sdf,No sub-structure match found between the reference and probe mol
5FDC,5WN,diffdock_sdf,diffdock,rank1|idx_1,atom_name,0.5333333333333333,1.3808685892932282,15.0,15.0,8.0,output/diffdock_workflow/poses/5FDC/complex_0/rank1.sdf,No sub-structure match found between the reference and probe mol
5FDC,5WN,diffdock_sdf,diffdock,rank1_confidence0.50|idx_1,atom_name,0.5333333333333333,1.3808685892932282,15.0,15.0,8.0,output/diffdock_workflow/poses/5FDC/complex_0/rank1_confidence0.50.sdf,No sub-structure match found between the reference and probe mol
5FDC,5WN,diffdock_sdf,diffdock,rank2_confidence0.45|idx_2,atom_name,0.5333333333333333,1.3808304874736257,15.0,15.0,8.0,output/diffdock_workflow/poses/5FDC/complex_0/rank2_confidence0.45.sdf,No sub-structure match found between the reference and probe mol
4YYT,S2O,diffdock_sdf,diffdock,rank2_confidence0.73|idx_2,atom_name,0.5384615384615384,1.8621030646298369,26.0,13.0,7.0,output/diffdock_workflow/poses/4YYT/complex_0/rank2_confidence0.73.sdf,No sub-structure match found between the reference and probe mol
4YYT,S2O,diffdock_sdf,diffdock,rank4_confidence0.68|idx_4,atom_name,0.5384615384615384,1.811180167239284,26.0,13.0,7.0,output/diffdock_workflow/poses/4YYT/complex_0/rank4_confidence0.68.sdf,No sub-structure match found between the reference and probe mol
6RG5,S2O,diffdock_sdf,diffdock,rank4_confidence0.65|idx_4,atom_name,0.5384615384615384,1.759049395186598,13.0,13.0,7.0,output/diffdock_workflow/poses/6RG5/complex_0/rank4_confidence0.65.sdf,No sub-structure match found between the reference and probe mol
4YYT,S2O,diffdock_sdf,diffdock,rank1|idx_1,atom_name,0.5384615384615384,1.747290705413915,26.0,13.0,7.0,output/diffdock_workflow/poses/4YYT/complex_0/rank1.sdf,No sub-structure match found between the reference and probe mol
4YYT,S2O,diffdock_sdf,diffdock,rank1_confidence0.74|idx_1,atom_name,0.5384615384615384,1.747290705413915,26.0,13.0,7.0,output/diffdock_workflow/poses/4YYT/complex_0/rank1_confidence0.74.sdf,No sub-structure match found between the reference and probe mol
6RG5,S2O,diffdock_sdf,diffdock,rank2_confidence0.67|idx_2,atom_name,0.5384615384615384,1.740981703508938,13.0,13.0,7.0,output/diffdock_workflow/poses/6RG5/complex_0/rank2_confidence0.67.sdf,No sub-structure match found between the reference and probe mol
6RG5,S2O,diffdock_sdf,diffdock,rank1|idx_1,atom_name,0.5384615384615384,1.6896885137799345,13.0,13.0,7.0,output/diffdock_workflow/poses/6RG5/complex_0/rank1.sdf,No sub-structure match found between the reference and probe mol
6RG5,S2O,diffdock_sdf,diffdock,rank1_confidence0.68|idx_1,atom_name,0.5384615384615384,1.6896885137799345,13.0,13.0,7.0,output/diffdock_workflow/poses/6RG5/complex_0/rank1_confidence0.68.sdf,No sub-structure match found between the reference and probe mol
6RG5,S2O,diffdock_sdf,diffdock,rank3_confidence0.67|idx_3,atom_name,0.5384615384615384,1.221578185699548,13.0,13.0,7.0,output/diffdock_workflow/poses/6RG5/complex_0/rank3_confidence0.67.sdf,No sub-structure match found between the reference and probe mol
4YYT,S2O,diffdock_sdf,diffdock,rank3_confidence0.69|idx_3,atom_name,0.5384615384615384,1.0569985372934576,26.0,13.0,7.0,output/diffdock_workflow/poses/4YYT/complex_0/rank3_confidence0.69.sdf,No sub-structure match found between the reference and probe mol
6RL9,SAN,diffdock_sdf,diffdock,rank2_confidence0.86|idx_2,atom_name,0.5454545454545454,2.372237798433197,11.0,11.0,6.0,output/diffdock_workflow/poses/6RL9/complex_0/rank2_confidence0.86.sdf,No sub-structure match found between the reference and probe mol
6RL9,SAN,diffdock_sdf,diffdock,rank1|idx_1,atom_name,0.5454545454545454,2.2908197379072863,11.0,11.0,6.0,output/diffdock_workflow/poses/6RL9/complex_0/rank1.sdf,No sub-structure match found between the reference and probe mol
6RL9,SAN,diffdock_sdf,diffdock,rank1_confidence0.87|idx_1,atom_name,0.5454545454545454,2.2908197379072863,11.0,11.0,6.0,output/diffdock_workflow/poses/6RL9/complex_0/rank1_confidence0.87.sdf,No sub-structure match found between the reference and probe mol
6RL9,SAN,diffdock_sdf,diffdock,rank4_confidence0.83|idx_4,atom_name,0.5454545454545454,2.244878912799546,11.0,11.0,6.0,output/diffdock_workflow/poses/6RL9/complex_0/rank4_confidence0.83.sdf,No sub-structure match found between the reference and probe mol
3MMF,D9H,diffdock_sdf,diffdock,rank1|idx_1,atom_name,0.5454545454545454,2.2156487078493727,22.0,22.0,12.0,output/diffdock_workflow/poses/3MMF/complex_0/rank1.sdf,No sub-structure match found between the reference and probe mol
3MMF,D9H,diffdock_sdf,diffdock,rank1_confidence-0.00|idx_1,atom_name,0.5454545454545454,2.2156487078493727,22.0,22.0,12.0,output/diffdock_workflow/poses/3MMF/complex_0/rank1_confidence-0.00.sdf,No sub-structure match found between the reference and probe mol
3MMF,D9H,diffdock_sdf,diffdock,rank3_confidence-0.22|idx_3,atom_name,0.5454545454545454,2.1606797860578006,22.0,22.0,12.0,output/diffdock_workflow/poses/3MMF/complex_0/rank3_confidence-0.22.sdf,No sub-structure match found between the reference and probe mol
3MMF,D9H,diffdock_sdf,diffdock,rank4_confidence-0.24|idx_4,atom_name,0.5454545454545454,2.148543068924062,22.0,22.0,12.0,output/diffdock_workflow/poses/3MMF/complex_0/rank4_confidence-0.24.sdf,No sub-structure match found between the reference and probe mol
3MMF,D9H,diffdock_sdf,diffdock,rank2_confidence-0.14|idx_2,atom_name,0.5454545454545454,2.1347407917670886,22.0,22.0,12.0,output/diffdock_workflow/poses/3MMF/complex_0/rank2_confidence-0.14.sdf,No sub-structure match found between the reference and probe mol
4YXI,4J8,diffdock_sdf,diffdock,rank3_confidence0.70|idx_3,atom_name,0.5454545454545454,2.112831478101458,11.0,11.0,6.0,output/diffdock_workflow/poses/4YXI/complex_0/rank3_confidence0.70.sdf,No sub-structure match found between the reference and probe mol
4YXI,4J8,diffdock_sdf,diffdock,rank4_confidence0.69|idx_4,atom_name,0.5454545454545454,2.055614663802507,11.0,11.0,6.0,output/diffdock_workflow/poses/4YXI/complex_0/rank4_confidence0.69.sdf,No sub-structure match found between the reference and probe mol
7OYP,4J8,diffdock_sdf,diffdock,rank1|idx_1,atom_name,0.5454545454545454,1.7605573508357328,11.0,11.0,6.0,output/diffdock_workflow/poses/7OYP/complex_0/rank1.sdf,No sub-structure match found between the reference and probe mol
7OYP,4J8,diffdock_sdf,diffdock,rank1_confidence0.72|idx_1,atom_name,0.5454545454545454,1.7605573508357328,11.0,11.0,6.0,output/diffdock_workflow/poses/7OYP/complex_0/rank1_confidence0.72.sdf,No sub-structure match found between the reference and probe mol
7OYP,4J8,diffdock_sdf,diffdock,rank2_confidence0.67|idx_2,atom_name,0.5454545454545454,1.699950923903907,11.0,11.0,6.0,output/diffdock_workflow/poses/7OYP/complex_0/rank2_confidence0.67.sdf,No sub-structure match found between the reference and probe mol
7OYP,4J8,diffdock_sdf,diffdock,rank4_confidence0.64|idx_4,atom_name,0.5454545454545454,1.3903458226074683,11.0,11.0,6.0,output/diffdock_workflow/poses/7OYP/complex_0/rank4_confidence0.64.sdf,No sub-structure match found between the reference and probe mol
7OYP,4J8,diffdock_sdf,diffdock,rank3_confidence0.65|idx_3,atom_name,0.5454545454545454,1.3822935703491854,11.0,11.0,6.0,output/diffdock_workflow/poses/7OYP/complex_0/rank3_confidence0.65.sdf,No sub-structure match found between the reference and probe mol
6GM9,4J8,diffdock_sdf,diffdock,rank1|idx_1,atom_name,0.5454545454545454,0.823635409367798,11.0,11.0,6.0,output/diffdock_workflow/poses/6GM9/complex_0/rank1.sdf,No sub-structure match found between the reference and probe mol
6GM9,4J8,diffdock_sdf,diffdock,rank1_confidence0.72|idx_1,atom_name,0.5454545454545454,0.823635409367798,11.0,11.0,6.0,output/diffdock_workflow/poses/6GM9/complex_0/rank1_confidence0.72.sdf,No sub-structure match found between the reference and probe mol
6GM9,4J8,diffdock_sdf,diffdock,rank4_confidence0.68|idx_4,atom_name,0.5454545454545454,0.8228782122863308,11.0,11.0,6.0,output/diffdock_workflow/poses/6GM9/complex_0/rank4_confidence0.68.sdf,No sub-structure match found between the reference and probe mol
4YXI,4J8,diffdock_sdf,diffdock,rank2_confidence0.70|idx_2,atom_name,0.5454545454545454,0.8204937196865231,11.0,11.0,6.0,output/diffdock_workflow/poses/4YXI/complex_0/rank2_confidence0.70.sdf,No sub-structure match found between the reference and probe mol
6GM9,4J8,diffdock_sdf,diffdock,rank2_confidence0.69|idx_2,atom_name,0.5454545454545454,0.8204857859331878,11.0,11.0,6.0,output/diffdock_workflow/poses/6GM9/complex_0/rank2_confidence0.69.sdf,No sub-structure match found between the reference and probe mol
4YXI,4J8,diffdock_sdf,diffdock,rank1|idx_1,atom_name,0.5454545454545454,0.8204114434399065,11.0,11.0,6.0,output/diffdock_workflow/poses/4YXI/complex_0/rank1.sdf,No sub-structure match found between the reference and probe mol
4YXI,4J8,diffdock_sdf,diffdock,rank1_confidence0.73|idx_1,atom_name,0.5454545454545454,0.8204114434399065,11.0,11.0,6.0,output/diffdock_workflow/poses/4YXI/complex_0/rank1_confidence0.73.sdf,No sub-structure match found between the reference and probe mol
6GM9,4J8,diffdock_sdf,diffdock,rank3_confidence0.69|idx_3,atom_name,0.5454545454545454,0.8202707305378414,11.0,11.0,6.0,output/diffdock_workflow/poses/6GM9/complex_0/rank3_confidence0.69.sdf,No sub-structure match found between the reference and probe mol
6RL9,SAN,diffdock_sdf,diffdock,rank3_confidence0.83|idx_3,atom_name,0.5454545454545454,0.0576240197045898,11.0,11.0,6.0,output/diffdock_workflow/poses/6RL9/complex_0/rank3_confidence0.83.sdf,No sub-structure match found between the reference and probe mol
4E3F,GRE,diffdock_sdf,diffdock,rank1|idx_1,atom_name,0.5454545454545454,0.0349045584323828,11.0,11.0,6.0,output/diffdock_workflow/poses/4E3F/complex_0/rank1.sdf,No sub-structure match found between the reference and probe mol
4E3F,GRE,diffdock_sdf,diffdock,rank1_confidence-0.10|idx_1,atom_name,0.5454545454545454,0.0349045584323828,11.0,11.0,6.0,output/diffdock_workflow/poses/4E3F/complex_0/rank1_confidence-0.10.sdf,No sub-structure match found between the reference and probe mol
4E3F,GRE,diffdock_sdf,diffdock,rank4_confidence-0.20|idx_4,atom_name,0.5454545454545454,0.0325876313112565,11.0,11.0,6.0,output/diffdock_workflow/poses/4E3F/complex_0/rank4_confidence-0.20.sdf,No sub-structure match found between the reference and probe mol
4E3F,GRE,diffdock_sdf,diffdock,rank3_confidence-0.16|idx_3,atom_name,0.5454545454545454,0.0317668252747319,11.0,11.0,6.0,output/diffdock_workflow/poses/4E3F/complex_0/rank3_confidence-0.16.sdf,No sub-structure match found between the reference and probe mol
4E3F,GRE,diffdock_sdf,diffdock,rank2_confidence-0.15|idx_2,atom_name,0.5454545454545454,0.0311352303282679,11.0,11.0,6.0,output/diffdock_workflow/poses/4E3F/complex_0/rank2_confidence-0.15.sdf,No sub-structure match found between the reference and probe mol
5U0F,7R1,diffdock_sdf,diffdock,rank4_confidence-0.00|idx_4,atom_name,0.5555555555555556,4.14430466743151,36.0,18.0,10.0,output/diffdock_workflow/poses/5U0F/complex_0/rank4_confidence-0.00.sdf,No sub-structure match found between the reference and probe mol
5U0F,7R1,diffdock_sdf,diffdock,rank2_confidence0.11|idx_2,atom_name,0.5555555555555556,4.059789234020021,36.0,18.0,10.0,output/diffdock_workflow/poses/5U0F/complex_0/rank2_confidence0.11.sdf,No sub-structure match found between the reference and probe mol
5U0F,7R1,diffdock_sdf,diffdock,rank3_confidence0.01|idx_3,atom_name,0.5555555555555556,4.016758566579643,36.0,18.0,10.0,output/diffdock_workflow/poses/5U0F/complex_0/rank3_confidence0.01.sdf,No sub-structure match found between the reference and probe mol
5U0F,7R1,diffdock_sdf,diffdock,rank1|idx_1,atom_name,0.5555555555555556,3.8633174932741303,36.0,18.0,10.0,output/diffdock_workflow/poses/5U0F/complex_0/rank1.sdf,No sub-structure match found between the reference and probe mol
5U0F,7R1,diffdock_sdf,diffdock,rank1_confidence0.31|idx_1,atom_name,0.5555555555555556,3.8633174932741303,36.0,18.0,10.0,output/diffdock_workflow/poses/5U0F/complex_0/rank1_confidence0.31.sdf,No sub-structure match found between the reference and probe mol
5U0F,7R1,diffdock_complex_pdb,diffdock,5U0F_diffdock_complex,atom_name,0.5555555555555556,2.276063287725428,36.0,18.0,10.0,output/diffdock_workflow/complexes/5U0F_diffdock_complex.pdb,"Explicit valence for atom # 8 O, 3, is greater than permitted"
4Q7P,3MH,diffdock_sdf,diffdock,rank4_confidence0.88|idx_4,atom_name,0.5555555555555556,1.278956446757543,9.0,9.0,5.0,output/diffdock_workflow/poses/4Q7P/complex_0/rank4_confidence0.88.sdf,No sub-structure match found between the reference and probe mol
4Q7P,3MH,diffdock_sdf,diffdock,rank2_confidence0.89|idx_2,atom_name,0.5555555555555556,1.2781887510996404,9.0,9.0,5.0,output/diffdock_workflow/poses/4Q7P/complex_0/rank2_confidence0.89.sdf,No sub-structure match found between the reference and probe mol
4Q7P,3MH,diffdock_sdf,diffdock,rank1|idx_1,atom_name,0.5555555555555556,1.2641802138656004,9.0,9.0,5.0,output/diffdock_workflow/poses/4Q7P/complex_0/rank1.sdf,No sub-structure match found between the reference and probe mol
4Q7P,3MH,diffdock_sdf,diffdock,rank1_confidence0.89|idx_1,atom_name,0.5555555555555556,1.2641802138656004,9.0,9.0,5.0,output/diffdock_workflow/poses/4Q7P/complex_0/rank1_confidence0.89.sdf,No sub-structure match found between the reference and probe mol
4Q7P,3MH,diffdock_sdf,diffdock,rank3_confidence0.89|idx_3,atom_name,0.5555555555555556,1.2597980299145466,9.0,9.0,5.0,output/diffdock_workflow/poses/4Q7P/complex_0/rank3_confidence0.89.sdf,No sub-structure match found between the reference and probe mol
5E2R,520,diffdock_sdf,diffdock,rank2_confidence0.64|idx_2,atom_name,0.56,3.963294305992289,25.0,25.0,14.0,output/diffdock_workflow/poses/5E2R/complex_0/rank2_confidence0.64.sdf,No sub-structure match found between the reference and probe mol
5E2R,520,diffdock_sdf,diffdock,rank3_confidence0.63|idx_3,atom_name,0.56,3.832676577447181,25.0,25.0,14.0,output/diffdock_workflow/poses/5E2R/complex_0/rank3_confidence0.63.sdf,No sub-structure match found between the reference and probe mol
5E2R,520,diffdock_sdf,diffdock,rank4_confidence0.60|idx_4,atom_name,0.56,3.735884585369956,25.0,25.0,14.0,output/diffdock_workflow/poses/5E2R/complex_0/rank4_confidence0.60.sdf,No sub-structure match found between the reference and probe mol
5E2R,520,diffdock_sdf,diffdock,rank1|idx_1,atom_name,0.56,3.707106958734271,25.0,25.0,14.0,output/diffdock_workflow/poses/5E2R/complex_0/rank1.sdf,No sub-structure match found between the reference and probe mol
5E2R,520,diffdock_sdf,diffdock,rank1_confidence0.65|idx_1,atom_name,0.56,3.707106958734271,25.0,25.0,14.0,output/diffdock_workflow/poses/5E2R/complex_0/rank1_confidence0.65.sdf,No sub-structure match found between the reference and probe mol
6RG3,K1W,diffdock_sdf,diffdock,rank1|idx_1,atom_name,0.56,3.184965446214896,25.0,25.0,14.0,output/diffdock_workflow/poses/6RG3/complex_0/rank1.sdf,No sub-structure match found between the reference and probe mol
6RG3,K1W,diffdock_sdf,diffdock,rank1_confidence0.29|idx_1,atom_name,0.56,3.184965446214896,25.0,25.0,14.0,output/diffdock_workflow/poses/6RG3/complex_0/rank1_confidence0.29.sdf,No sub-structure match found between the reference and probe mol
6RG3,K1W,diffdock_sdf,diffdock,rank3_confidence0.13|idx_3,atom_name,0.56,3.167049457591979,25.0,25.0,14.0,output/diffdock_workflow/poses/6RG3/complex_0/rank3_confidence0.13.sdf,No sub-structure match found between the reference and probe mol
6RG3,K1W,diffdock_sdf,diffdock,rank2_confidence0.23|idx_2,atom_name,0.56,3.119212316082853,25.0,25.0,14.0,output/diffdock_workflow/poses/6RG3/complex_0/rank2_confidence0.23.sdf,No sub-structure match found between the reference and probe mol
6RG3,K1W,diffdock_sdf,diffdock,rank4_confidence0.12|idx_4,atom_name,0.56,3.101382921701625,25.0,25.0,14.0,output/diffdock_workflow/poses/6RG3/complex_0/rank4_confidence0.12.sdf,No sub-structure match found between the reference and probe mol
6BCC,EZL,diffdock_sdf,diffdock,rank3_confidence1.00|idx_3,atom_name,0.5625,2.19188444371408,17.0,16.0,9.0,output/diffdock_workflow/poses/6BCC/complex_0/rank3_confidence1.00.sdf,No sub-structure match found between the reference and probe mol
6BCC,EZL,diffdock_sdf,diffdock,rank2_confidence1.00|idx_2,atom_name,0.5625,2.1859190575417395,17.0,16.0,9.0,output/diffdock_workflow/poses/6BCC/complex_0/rank2_confidence1.00.sdf,No sub-structure match found between the reference and probe mol
6BCC,EZL,diffdock_sdf,diffdock,rank4_confidence0.98|idx_4,atom_name,0.5625,2.155866588977877,17.0,16.0,9.0,output/diffdock_workflow/poses/6BCC/complex_0/rank4_confidence0.98.sdf,No sub-structure match found between the reference and probe mol
6BCC,EZL,diffdock_sdf,diffdock,rank1|idx_1,atom_name,0.5625,2.074492953078326,17.0,16.0,9.0,output/diffdock_workflow/poses/6BCC/complex_0/rank1.sdf,No sub-structure match found between the reference and probe mol
6BCC,EZL,diffdock_sdf,diffdock,rank1_confidence1.03|idx_1,atom_name,0.5625,2.074492953078326,17.0,16.0,9.0,output/diffdock_workflow/poses/6BCC/complex_0/rank1_confidence1.03.sdf,No sub-structure match found between the reference and probe mol
7ASJ,RWH,diffdock_sdf,diffdock,rank4_confidence-0.03|idx_4,atom_name,0.5652173913043478,5.748869188346646,46.0,23.0,13.0,output/diffdock_workflow/poses/7ASJ/complex_0/rank4_confidence-0.03.sdf,No sub-structure match found between the reference and probe mol
7ASJ,RWH,diffdock_sdf,diffdock,rank2_confidence0.02|idx_2,atom_name,0.5652173913043478,4.877056778247235,46.0,23.0,13.0,output/diffdock_workflow/poses/7ASJ/complex_0/rank2_confidence0.02.sdf,No sub-structure match found between the reference and probe mol
7ASJ,RWH,diffdock_sdf,diffdock,rank3_confidence-0.01|idx_3,atom_name,0.5652173913043478,4.125520659325414,46.0,23.0,13.0,output/diffdock_workflow/poses/7ASJ/complex_0/rank3_confidence-0.01.sdf,No sub-structure match found between the reference and probe mol
7ASJ,RWH,diffdock_sdf,diffdock,rank1|idx_1,atom_name,0.5652173913043478,3.920777190304519,46.0,23.0,13.0,output/diffdock_workflow/poses/7ASJ/complex_0/rank1.sdf,No sub-structure match found between the reference and probe mol
7ASJ,RWH,diffdock_sdf,diffdock,rank1_confidence0.16|idx_1,atom_name,0.5652173913043478,3.920777190304519,46.0,23.0,13.0,output/diffdock_workflow/poses/7ASJ/complex_0/rank1_confidence0.16.sdf,No sub-structure match found between the reference and probe mol
3SAX,E50,diffdock_sdf,diffdock,rank4_confidence-0.45|idx_4,atom_name,0.5652173913043478,2.51587453061318,23.0,23.0,13.0,output/diffdock_workflow/poses/3SAX/complex_0/rank4_confidence-0.45.sdf,No sub-structure match found between the reference and probe mol
3SAX,E50,diffdock_sdf,diffdock,rank3_confidence-0.44|idx_3,atom_name,0.5652173913043478,2.489893144158575,23.0,23.0,13.0,output/diffdock_workflow/poses/3SAX/complex_0/rank3_confidence-0.44.sdf,No sub-structure match found between the reference and probe mol
3SAX,E50,diffdock_sdf,diffdock,rank2_confidence-0.41|idx_2,atom_name,0.5652173913043478,2.487085242348049,23.0,23.0,13.0,output/diffdock_workflow/poses/3SAX/complex_0/rank2_confidence-0.41.sdf,No sub-structure match found between the reference and probe mol
3SAX,E50,diffdock_sdf,diffdock,rank1|idx_1,atom_name,0.5652173913043478,2.4225038197683064,23.0,23.0,13.0,output/diffdock_workflow/poses/3SAX/complex_0/rank1.sdf,No sub-structure match found between the reference and probe mol
3SAX,E50,diffdock_sdf,diffdock,rank1_confidence-0.24|idx_1,atom_name,0.5652173913043478,2.4225038197683064,23.0,23.0,13.0,output/diffdock_workflow/poses/3SAX/complex_0/rank1_confidence-0.24.sdf,No sub-structure match found between the reference and probe mol
3N3J,WWV,diffdock_sdf,diffdock,rank3_confidence0.29|idx_3,atom_name,0.5652173913043478,2.3978171341665893,23.0,23.0,13.0,output/diffdock_workflow/poses/3N3J/complex_0/rank3_confidence0.29.sdf,No sub-structure match found between the reference and probe mol
3N3J,WWV,diffdock_sdf,diffdock,rank2_confidence0.33|idx_2,atom_name,0.5652173913043478,2.3752592726415545,23.0,23.0,13.0,output/diffdock_workflow/poses/3N3J/complex_0/rank2_confidence0.33.sdf,No sub-structure match found between the reference and probe mol
3N3J,WWV,diffdock_sdf,diffdock,rank4_confidence0.28|idx_4,atom_name,0.5652173913043478,2.352023395498717,23.0,23.0,13.0,output/diffdock_workflow/poses/3N3J/complex_0/rank4_confidence0.28.sdf,No sub-structure match found between the reference and probe mol
3N3J,WWV,diffdock_sdf,diffdock,rank1|idx_1,atom_name,0.5652173913043478,2.3503667253258484,23.0,23.0,13.0,output/diffdock_workflow/poses/3N3J/complex_0/rank1.sdf,No sub-structure match found between the reference and probe mol
3N3J,WWV,diffdock_sdf,diffdock,rank1_confidence0.35|idx_1,atom_name,0.5652173913043478,2.3503667253258484,23.0,23.0,13.0,output/diffdock_workflow/poses/3N3J/complex_0/rank1_confidence0.35.sdf,No sub-structure match found between the reference and probe mol
3M40,J45,diffdock_sdf,diffdock,rank2_confidence0.07|idx_2,atom_name,0.5714285714285714,2.6808323431511103,21.0,21.0,12.0,output/diffdock_workflow/poses/3M40/complex_0/rank2_confidence0.07.sdf,No sub-structure match found between the reference and probe mol
3M40,J45,diffdock_sdf,diffdock,rank1|idx_1,atom_name,0.5714285714285714,2.6806169966274807,21.0,21.0,12.0,output/diffdock_workflow/poses/3M40/complex_0/rank1.sdf,No sub-structure match found between the reference and probe mol
3M40,J45,diffdock_sdf,diffdock,rank1_confidence0.20|idx_1,atom_name,0.5714285714285714,2.6806169966274807,21.0,21.0,12.0,output/diffdock_workflow/poses/3M40/complex_0/rank1_confidence0.20.sdf,No sub-structure match found between the reference and probe mol
3M40,J45,diffdock_sdf,diffdock,rank4_confidence-0.09|idx_4,atom_name,0.5714285714285714,2.6724587385825287,21.0,21.0,12.0,output/diffdock_workflow/poses/3M40/complex_0/rank4_confidence-0.09.sdf,No sub-structure match found between the reference and probe mol
3M40,J45,diffdock_sdf,diffdock,rank3_confidence-0.00|idx_3,atom_name,0.5714285714285714,2.532149296798476,21.0,21.0,12.0,output/diffdock_workflow/poses/3M40/complex_0/rank3_confidence-0.00.sdf,No sub-structure match found between the reference and probe mol
5U0E,7R4,diffdock_sdf,diffdock,rank1|idx_1,atom_name,0.5714285714285714,2.466477545220884,14.0,14.0,8.0,output/diffdock_workflow/poses/5U0E/complex_0/rank1.sdf,No sub-structure match found between the reference and probe mol
5U0E,7R4,diffdock_sdf,diffdock,rank1_confidence0.54|idx_1,atom_name,0.5714285714285714,2.466477545220884,14.0,14.0,8.0,output/diffdock_workflow/poses/5U0E/complex_0/rank1_confidence0.54.sdf,No sub-structure match found between the reference and probe mol
5U0E,7R4,diffdock_sdf,diffdock,rank4_confidence0.43|idx_4,atom_name,0.5714285714285714,2.169644180217681,14.0,14.0,8.0,output/diffdock_workflow/poses/5U0E/complex_0/rank4_confidence0.43.sdf,No sub-structure match found between the reference and probe mol
5U0E,7R4,diffdock_sdf,diffdock,rank3_confidence0.46|idx_3,atom_name,0.5714285714285714,2.1621508980402515,14.0,14.0,8.0,output/diffdock_workflow/poses/5U0E/complex_0/rank3_confidence0.46.sdf,No sub-structure match found between the reference and probe mol
5U0E,7R4,diffdock_sdf,diffdock,rank2_confidence0.54|idx_2,atom_name,0.5714285714285714,2.1483104812926146,14.0,14.0,8.0,output/diffdock_workflow/poses/5U0E/complex_0/rank2_confidence0.54.sdf,No sub-structure match found between the reference and probe mol
6H34,FKK,diffdock_sdf,diffdock,rank3_confidence-0.08|idx_3,atom_name,0.5769230769230769,4.394556840910985,26.0,26.0,15.0,output/diffdock_workflow/poses/6H34/complex_0/rank3_confidence-0.08.sdf,No sub-structure match found between the reference and probe mol
6H34,FKK,diffdock_sdf,diffdock,rank4_confidence-0.11|idx_4,atom_name,0.5769230769230769,2.4302380810565207,26.0,26.0,15.0,output/diffdock_workflow/poses/6H34/complex_0/rank4_confidence-0.11.sdf,No sub-structure match found between the reference and probe mol
6H34,FKK,diffdock_sdf,diffdock,rank2_confidence-0.02|idx_2,atom_name,0.5769230769230769,2.399486453728511,26.0,26.0,15.0,output/diffdock_workflow/poses/6H34/complex_0/rank2_confidence-0.02.sdf,No sub-structure match found between the reference and probe mol
6H34,FKK,diffdock_sdf,diffdock,rank1|idx_1,atom_name,0.5769230769230769,2.0328126945528613,26.0,26.0,15.0,output/diffdock_workflow/poses/6H34/complex_0/rank1.sdf,No sub-structure match found between the reference and probe mol
6H34,FKK,diffdock_sdf,diffdock,rank1_confidence0.05|idx_1,atom_name,0.5769230769230769,2.0328126945528613,26.0,26.0,15.0,output/diffdock_workflow/poses/6H34/complex_0/rank1_confidence0.05.sdf,No sub-structure match found between the reference and probe mol
5BYI,4WA,diffdock_sdf,diffdock,rank2_confidence0.66|idx_2,atom_name,0.5789473684210527,2.736701537118678,19.0,19.0,11.0,output/diffdock_workflow/poses/5BYI/complex_0/rank2_confidence0.66.sdf,No sub-structure match found between the reference and probe mol
5BYI,4WA,diffdock_sdf,diffdock,rank3_confidence0.65|idx_3,atom_name,0.5789473684210527,2.7344804018576405,19.0,19.0,11.0,output/diffdock_workflow/poses/5BYI/complex_0/rank3_confidence0.65.sdf,No sub-structure match found between the reference and probe mol
5BYI,4WA,diffdock_sdf,diffdock,rank4_confidence0.64|idx_4,atom_name,0.5789473684210527,2.704511210615716,19.0,19.0,11.0,output/diffdock_workflow/poses/5BYI/complex_0/rank4_confidence0.64.sdf,No sub-structure match found between the reference and probe mol
5BYI,4WA,diffdock_sdf,diffdock,rank1|idx_1,atom_name,0.5789473684210527,2.652932661299009,19.0,19.0,11.0,output/diffdock_workflow/poses/5BYI/complex_0/rank1.sdf,No sub-structure match found between the reference and probe mol
5BYI,4WA,diffdock_sdf,diffdock,rank1_confidence0.73|idx_1,atom_name,0.5789473684210527,2.652932661299009,19.0,19.0,11.0,output/diffdock_workflow/poses/5BYI/complex_0/rank1_confidence0.73.sdf,No sub-structure match found between the reference and probe mol
4YXO,4JC,diffdock_sdf,diffdock,rank1|idx_1,atom_name,0.5833333333333334,2.609607040115794,12.0,12.0,7.0,output/diffdock_workflow/poses/4YXO/complex_0/rank1.sdf,No sub-structure match found between the reference and probe mol
4YXO,4JC,diffdock_sdf,diffdock,rank1_confidence0.57|idx_1,atom_name,0.5833333333333334,2.609607040115794,12.0,12.0,7.0,output/diffdock_workflow/poses/4YXO/complex_0/rank1_confidence0.57.sdf,No sub-structure match found between the reference and probe mol
4YXO,4JC,diffdock_sdf,diffdock,rank2_confidence0.57|idx_2,atom_name,0.5833333333333334,2.532228812259101,12.0,12.0,7.0,output/diffdock_workflow/poses/4YXO/complex_0/rank2_confidence0.57.sdf,No sub-structure match found between the reference and probe mol
6HQX,4JC,diffdock_sdf,diffdock,rank1|idx_1,atom_name,0.5833333333333334,2.1173552078690623,12.0,12.0,7.0,output/diffdock_workflow/poses/6HQX/complex_0/rank1.sdf,No sub-structure match found between the reference and probe mol
6HQX,4JC,diffdock_sdf,diffdock,rank1_confidence0.50|idx_1,atom_name,0.5833333333333334,2.1173552078690623,12.0,12.0,7.0,output/diffdock_workflow/poses/6HQX/complex_0/rank1_confidence0.50.sdf,No sub-structure match found between the reference and probe mol
4YXO,4JC,diffdock_sdf,diffdock,rank4_confidence-0.07|idx_4,atom_name,0.5833333333333334,2.094342706397815,12.0,12.0,7.0,output/diffdock_workflow/poses/4YXO/complex_0/rank4_confidence-0.07.sdf,No sub-structure match found between the reference and probe mol
6HQX,4JC,diffdock_sdf,diffdock,rank4_confidence-0.09|idx_4,atom_name,0.5833333333333334,1.7940773974530608,12.0,12.0,7.0,output/diffdock_workflow/poses/6HQX/complex_0/rank4_confidence-0.09.sdf,No sub-structure match found between the reference and probe mol
6HQX,4JC,diffdock_sdf,diffdock,rank3_confidence-0.08|idx_3,atom_name,0.5833333333333334,1.5985065820652435,12.0,12.0,7.0,output/diffdock_workflow/poses/6HQX/complex_0/rank3_confidence-0.08.sdf,No sub-structure match found between the reference and probe mol
6HQX,4JC,diffdock_sdf,diffdock,rank2_confidence-0.02|idx_2,atom_name,0.5833333333333334,1.5461360410447775,12.0,12.0,7.0,output/diffdock_workflow/poses/6HQX/complex_0/rank2_confidence-0.02.sdf,No sub-structure match found between the reference and probe mol
4YXO,4JC,diffdock_sdf,diffdock,rank3_confidence0.56|idx_3,atom_name,0.5833333333333334,1.2092268347192954,12.0,12.0,7.0,output/diffdock_workflow/poses/4YXO/complex_0/rank3_confidence0.56.sdf,No sub-structure match found between the reference and probe mol
5M78,SAL,diffdock_sdf,diffdock,rank2_confidence0.11|idx_2,atom_name,0.6,0.0954701211312724,10.0,10.0,6.0,output/diffdock_workflow/poses/5M78/complex_0/rank2_confidence0.11.sdf,No sub-structure match found between the reference and probe mol
6UX1,SAL,diffdock_sdf,diffdock,rank4_confidence0.15|idx_4,atom_name,0.6,0.0671067571887465,10.0,10.0,6.0,output/diffdock_workflow/poses/6UX1/complex_0/rank4_confidence0.15.sdf,No sub-structure match found between the reference and probe mol
6UX1,SAL,diffdock_sdf,diffdock,rank1|idx_1,atom_name,0.6,0.0634534864450501,10.0,10.0,6.0,output/diffdock_workflow/poses/6UX1/complex_0/rank1.sdf,No sub-structure match found between the reference and probe mol
6UX1,SAL,diffdock_sdf,diffdock,rank1_confidence0.21|idx_1,atom_name,0.6,0.0634534864450501,10.0,10.0,6.0,output/diffdock_workflow/poses/6UX1/complex_0/rank1_confidence0.21.sdf,No sub-structure match found between the reference and probe mol
6UX1,SAL,diffdock_sdf,diffdock,rank3_confidence0.19|idx_3,atom_name,0.6,0.0568200965380332,10.0,10.0,6.0,output/diffdock_workflow/poses/6UX1/complex_0/rank3_confidence0.19.sdf,No sub-structure match found between the reference and probe mol
6UX1,SAL,diffdock_sdf,diffdock,rank2_confidence0.19|idx_2,atom_name,0.6,0.0545616477360825,10.0,10.0,6.0,output/diffdock_workflow/poses/6UX1/complex_0/rank2_confidence0.19.sdf,No sub-structure match found between the reference and probe mol
5M78,SAL,diffdock_sdf,diffdock,rank4_confidence0.07|idx_4,atom_name,0.6,0.0322242715768725,10.0,10.0,6.0,output/diffdock_workflow/poses/5M78/complex_0/rank4_confidence0.07.sdf,No sub-structure match found between the reference and probe mol
5M78,SAL,diffdock_sdf,diffdock,rank1|idx_1,atom_name,0.6,0.0238402890902441,10.0,10.0,6.0,output/diffdock_workflow/poses/5M78/complex_0/rank1.sdf,No sub-structure match found between the reference and probe mol
5M78,SAL,diffdock_sdf,diffdock,rank1_confidence0.12|idx_1,atom_name,0.6,0.0238402890902441,10.0,10.0,6.0,output/diffdock_workflow/poses/5M78/complex_0/rank1_confidence0.12.sdf,No sub-structure match found between the reference and probe mol
5M78,SAL,diffdock_sdf,diffdock,rank3_confidence0.08|idx_3,atom_name,0.6,0.0234846544194926,10.0,10.0,6.0,output/diffdock_workflow/poses/5M78/complex_0/rank3_confidence0.08.sdf,No sub-structure match found between the reference and probe mol
5N24,8HE,diffdock_sdf,diffdock,rank3_confidence0.69|idx_3,atom_name,0.6111111111111112,2.3048967170740537,18.0,18.0,11.0,output/diffdock_workflow/poses/5N24/complex_0/rank3_confidence0.69.sdf,No sub-structure match found between the reference and probe mol
5N24,8HE,diffdock_sdf,diffdock,rank1|idx_1,atom_name,0.6111111111111112,2.274530889475955,18.0,18.0,11.0,output/diffdock_workflow/poses/5N24/complex_0/rank1.sdf,No sub-structure match found between the reference and probe mol
5N24,8HE,diffdock_sdf,diffdock,rank1_confidence0.73|idx_1,atom_name,0.6111111111111112,2.274530889475955,18.0,18.0,11.0,output/diffdock_workflow/poses/5N24/complex_0/rank1_confidence0.73.sdf,No sub-structure match found between the reference and probe mol
5N24,8HE,diffdock_sdf,diffdock,rank4_confidence0.67|idx_4,atom_name,0.6111111111111112,2.1670278740800284,18.0,18.0,11.0,output/diffdock_workflow/poses/5N24/complex_0/rank4_confidence0.67.sdf,No sub-structure match found between the reference and probe mol
5N24,8HE,diffdock_sdf,diffdock,rank2_confidence0.72|idx_2,atom_name,0.6111111111111112,2.1560894112344253,18.0,18.0,11.0,output/diffdock_workflow/poses/5N24/complex_0/rank2_confidence0.72.sdf,No sub-structure match found between the reference and probe mol
6RG4,K45,diffdock_sdf,diffdock,rank3_confidence0.30|idx_3,atom_name,0.6153846153846154,5.148439166078142,26.0,26.0,16.0,output/diffdock_workflow/poses/6RG4/complex_0/rank3_confidence0.30.sdf,No sub-structure match found between the reference and probe mol
6RG4,K45,diffdock_sdf,diffdock,rank1|idx_1,atom_name,0.6153846153846154,4.885284547124964,26.0,26.0,16.0,output/diffdock_workflow/poses/6RG4/complex_0/rank1.sdf,No sub-structure match found between the reference and probe mol
6RG4,K45,diffdock_sdf,diffdock,rank1_confidence0.35|idx_1,atom_name,0.6153846153846154,4.885284547124964,26.0,26.0,16.0,output/diffdock_workflow/poses/6RG4/complex_0/rank1_confidence0.35.sdf,No sub-structure match found between the reference and probe mol
6RG4,K45,diffdock_sdf,diffdock,rank2_confidence0.31|idx_2,atom_name,0.6153846153846154,4.8659011158445455,26.0,26.0,16.0,output/diffdock_workflow/poses/6RG4/complex_0/rank2_confidence0.31.sdf,No sub-structure match found between the reference and probe mol
6RG4,K45,diffdock_sdf,diffdock,rank4_confidence0.29|idx_4,atom_name,0.6153846153846154,4.693317590480083,26.0,26.0,16.0,output/diffdock_workflow/poses/6RG4/complex_0/rank4_confidence0.29.sdf,No sub-structure match found between the reference and probe mol
6RH4,4NZ,diffdock_sdf,diffdock,rank3_confidence0.70|idx_3,atom_name,0.6153846153846154,2.407449797908011,13.0,13.0,8.0,output/diffdock_workflow/poses/6RH4/complex_0/rank3_confidence0.70.sdf,No sub-structure match found between the reference and probe mol
6RH4,4NZ,diffdock_sdf,diffdock,rank1|idx_1,atom_name,0.6153846153846154,2.3410236017445984,13.0,13.0,8.0,output/diffdock_workflow/poses/6RH4/complex_0/rank1.sdf,No sub-structure match found between the reference and probe mol
6RH4,4NZ,diffdock_sdf,diffdock,rank1_confidence0.72|idx_1,atom_name,0.6153846153846154,2.3410236017445984,13.0,13.0,8.0,output/diffdock_workflow/poses/6RH4/complex_0/rank1_confidence0.72.sdf,No sub-structure match found between the reference and probe mol
6RH4,4NZ,diffdock_sdf,diffdock,rank4_confidence0.68|idx_4,atom_name,0.6153846153846154,2.278774381912908,13.0,13.0,8.0,output/diffdock_workflow/poses/6RH4/complex_0/rank4_confidence0.68.sdf,No sub-structure match found between the reference and probe mol
6RH4,4NZ,diffdock_sdf,diffdock,rank2_confidence0.70|idx_2,atom_name,0.6153846153846154,2.2638567974596,13.0,13.0,8.0,output/diffdock_workflow/poses/6RH4/complex_0/rank2_confidence0.70.sdf,No sub-structure match found between the reference and probe mol
4YXU,4JE,diffdock_sdf,diffdock,rank1|idx_1,atom_name,0.6153846153846154,1.768503100300571,13.0,13.0,8.0,output/diffdock_workflow/poses/4YXU/complex_0/rank1.sdf,No sub-structure match found between the reference and probe mol
4YXU,4JE,diffdock_sdf,diffdock,rank1_confidence0.06|idx_1,atom_name,0.6153846153846154,1.768503100300571,13.0,13.0,8.0,output/diffdock_workflow/poses/4YXU/complex_0/rank1_confidence0.06.sdf,No sub-structure match found between the reference and probe mol
6HR3,4JE,diffdock_sdf,diffdock,rank2_confidence0.63|idx_2,atom_name,0.6153846153846154,1.385847853868992,13.0,13.0,8.0,output/diffdock_workflow/poses/6HR3/complex_0/rank2_confidence0.63.sdf,No sub-structure match found between the reference and probe mol
6HR3,4JE,diffdock_sdf,diffdock,rank3_confidence0.62|idx_3,atom_name,0.6153846153846154,1.3830632006688233,13.0,13.0,8.0,output/diffdock_workflow/poses/6HR3/complex_0/rank3_confidence0.62.sdf,No sub-structure match found between the reference and probe mol
6HR3,4JE,diffdock_sdf,diffdock,rank4_confidence-0.39|idx_4,atom_name,0.6153846153846154,1.37982463781853,13.0,13.0,8.0,output/diffdock_workflow/poses/6HR3/complex_0/rank4_confidence-0.39.sdf,No sub-structure match found between the reference and probe mol
6HR3,4JE,diffdock_sdf,diffdock,rank1|idx_1,atom_name,0.6153846153846154,1.3674504897777937,13.0,13.0,8.0,output/diffdock_workflow/poses/6HR3/complex_0/rank1.sdf,No sub-structure match found between the reference and probe mol
6HR3,4JE,diffdock_sdf,diffdock,rank1_confidence0.63|idx_1,atom_name,0.6153846153846154,1.3674504897777937,13.0,13.0,8.0,output/diffdock_workflow/poses/6HR3/complex_0/rank1_confidence0.63.sdf,No sub-structure match found between the reference and probe mol
4YXU,4JE,diffdock_sdf,diffdock,rank4_confidence-0.60|idx_4,atom_name,0.6153846153846154,1.2825201945488105,13.0,13.0,8.0,output/diffdock_workflow/poses/4YXU/complex_0/rank4_confidence-0.60.sdf,No sub-structure match found between the reference and probe mol
4YXU,4JE,diffdock_sdf,diffdock,rank2_confidence-0.05|idx_2,atom_name,0.6153846153846154,1.0019658137051912,13.0,13.0,8.0,output/diffdock_workflow/poses/4YXU/complex_0/rank2_confidence-0.05.sdf,No sub-structure match found between the reference and probe mol
4YXU,4JE,diffdock_sdf,diffdock,rank3_confidence-0.07|idx_3,atom_name,0.6153846153846154,0.9469414631910396,13.0,13.0,8.0,output/diffdock_workflow/poses/4YXU/complex_0/rank3_confidence-0.07.sdf,No sub-structure match found between the reference and probe mol
3N4B,WWZ,diffdock_sdf,diffdock,rank1|idx_1,atom_name,0.6190476190476191,1.9725633112101677,21.0,21.0,13.0,output/diffdock_workflow/poses/3N4B/complex_0/rank1.sdf,No sub-structure match found between the reference and probe mol
3N4B,WWZ,diffdock_sdf,diffdock,rank1_confidence0.82|idx_1,atom_name,0.6190476190476191,1.9725633112101677,21.0,21.0,13.0,output/diffdock_workflow/poses/3N4B/complex_0/rank1_confidence0.82.sdf,No sub-structure match found between the reference and probe mol
3N4B,WWZ,diffdock_sdf,diffdock,rank4_confidence0.77|idx_4,atom_name,0.6190476190476191,1.965617055750928,21.0,21.0,13.0,output/diffdock_workflow/poses/3N4B/complex_0/rank4_confidence0.77.sdf,No sub-structure match found between the reference and probe mol
3N4B,WWZ,diffdock_sdf,diffdock,rank3_confidence0.81|idx_3,atom_name,0.6190476190476191,1.9612018459488365,21.0,21.0,13.0,output/diffdock_workflow/poses/3N4B/complex_0/rank3_confidence0.81.sdf,No sub-structure match found between the reference and probe mol
3N4B,WWZ,diffdock_sdf,diffdock,rank2_confidence0.81|idx_2,atom_name,0.6190476190476191,1.86243777514118,21.0,21.0,13.0,output/diffdock_workflow/poses/3N4B/complex_0/rank2_confidence0.81.sdf,No sub-structure match found between the reference and probe mol
5N25,8HK,diffdock_sdf,diffdock,rank1|idx_1,atom_name,0.625,3.0375210983828014,16.0,16.0,10.0,output/diffdock_workflow/poses/5N25/complex_0/rank1.sdf,No sub-structure match found between the reference and probe mol
5N25,8HK,diffdock_sdf,diffdock,rank1_confidence0.94|idx_1,atom_name,0.625,3.0375210983828014,16.0,16.0,10.0,output/diffdock_workflow/poses/5N25/complex_0/rank1_confidence0.94.sdf,No sub-structure match found between the reference and probe mol
5N25,8HK,diffdock_sdf,diffdock,rank4_confidence0.88|idx_4,atom_name,0.625,2.661716561121058,16.0,16.0,10.0,output/diffdock_workflow/poses/5N25/complex_0/rank4_confidence0.88.sdf,No sub-structure match found between the reference and probe mol
5N25,8HK,diffdock_sdf,diffdock,rank2_confidence0.89|idx_2,atom_name,0.625,2.65311416902596,16.0,16.0,10.0,output/diffdock_workflow/poses/5N25/complex_0/rank2_confidence0.89.sdf,No sub-structure match found between the reference and probe mol
5N25,8HK,diffdock_sdf,diffdock,rank3_confidence0.89|idx_3,atom_name,0.625,2.64276162020926,16.0,16.0,10.0,output/diffdock_workflow/poses/5N25/complex_0/rank3_confidence0.89.sdf,No sub-structure match found between the reference and probe mol
6GOT,F6W,diffdock_sdf,diffdock,rank2_confidence0.39|idx_2,atom_name,0.631578947368421,2.518869106551225,19.0,19.0,12.0,output/diffdock_workflow/poses/6GOT/complex_0/rank2_confidence0.39.sdf,No sub-structure match found between the reference and probe mol
6GOT,F6W,diffdock_sdf,diffdock,rank3_confidence0.37|idx_3,atom_name,0.631578947368421,2.2339455292519155,19.0,19.0,12.0,output/diffdock_workflow/poses/6GOT/complex_0/rank3_confidence0.37.sdf,No sub-structure match found between the reference and probe mol
6GOT,F6W,diffdock_sdf,diffdock,rank4_confidence0.37|idx_4,atom_name,0.631578947368421,2.140922687779831,19.0,19.0,12.0,output/diffdock_workflow/poses/6GOT/complex_0/rank4_confidence0.37.sdf,No sub-structure match found between the reference and probe mol
6GOT,F6W,diffdock_sdf,diffdock,rank1|idx_1,atom_name,0.631578947368421,2.132935637711331,19.0,19.0,12.0,output/diffdock_workflow/poses/6GOT/complex_0/rank1.sdf,No sub-structure match found between the reference and probe mol
6GOT,F6W,diffdock_sdf,diffdock,rank1_confidence0.43|idx_1,atom_name,0.631578947368421,2.132935637711331,19.0,19.0,12.0,output/diffdock_workflow/poses/6GOT/complex_0/rank1_confidence0.43.sdf,No sub-structure match found between the reference and probe mol
3MZC,S6I,diffdock_sdf,diffdock,rank1|idx_1,atom_name,0.631578947368421,2.0763179681427424,19.0,19.0,12.0,output/diffdock_workflow/poses/3MZC/complex_0/rank1.sdf,No sub-structure match found between the reference and probe mol
3MZC,S6I,diffdock_sdf,diffdock,rank1_confidence0.98|idx_1,atom_name,0.631578947368421,2.0763179681427424,19.0,19.0,12.0,output/diffdock_workflow/poses/3MZC/complex_0/rank1_confidence0.98.sdf,No sub-structure match found between the reference and probe mol
3MZC,S6I,diffdock_sdf,diffdock,rank4_confidence0.90|idx_4,atom_name,0.631578947368421,2.05734589882914,19.0,19.0,12.0,output/diffdock_workflow/poses/3MZC/complex_0/rank4_confidence0.90.sdf,No sub-structure match found between the reference and probe mol
3MZC,S6I,diffdock_sdf,diffdock,rank3_confidence0.93|idx_3,atom_name,0.631578947368421,2.0378894471770472,19.0,19.0,12.0,output/diffdock_workflow/poses/3MZC/complex_0/rank3_confidence0.93.sdf,No sub-structure match found between the reference and probe mol
3MZC,S6I,diffdock_sdf,diffdock,rank2_confidence0.95|idx_2,atom_name,0.631578947368421,1.861891795672848,19.0,19.0,12.0,output/diffdock_workflow/poses/3MZC/complex_0/rank2_confidence0.95.sdf,No sub-structure match found between the reference and probe mol
5N1R,8GH,diffdock_sdf,diffdock,rank3_confidence0.62|idx_3,atom_name,0.6363636363636364,1.827504382482812,22.0,22.0,14.0,output/diffdock_workflow/poses/5N1R/complex_0/rank3_confidence0.62.sdf,No sub-structure match found between the reference and probe mol
5N1R,8GH,diffdock_sdf,diffdock,rank2_confidence0.62|idx_2,atom_name,0.6363636363636364,1.7527623552085163,22.0,22.0,14.0,output/diffdock_workflow/poses/5N1R/complex_0/rank2_confidence0.62.sdf,No sub-structure match found between the reference and probe mol
5N1R,8GH,diffdock_sdf,diffdock,rank4_confidence0.60|idx_4,atom_name,0.6363636363636364,1.7447991162695815,22.0,22.0,14.0,output/diffdock_workflow/poses/5N1R/complex_0/rank4_confidence0.60.sdf,No sub-structure match found between the reference and probe mol
5N1R,8GH,diffdock_sdf,diffdock,rank1|idx_1,atom_name,0.6363636363636364,1.6610573321208966,22.0,22.0,14.0,output/diffdock_workflow/poses/5N1R/complex_0/rank1.sdf,No sub-structure match found between the reference and probe mol
5N1R,8GH,diffdock_sdf,diffdock,rank1_confidence0.63|idx_1,atom_name,0.6363636363636364,1.6610573321208966,22.0,22.0,14.0,output/diffdock_workflow/poses/5N1R/complex_0/rank1_confidence0.63.sdf,No sub-structure match found between the reference and probe mol
6H33,FKQ,diffdock_sdf,diffdock,rank1|idx_1,atom_name,0.64,1.766461454831361,25.0,25.0,16.0,output/diffdock_workflow/poses/6H33/complex_0/rank1.sdf,No sub-structure match found between the reference and probe mol
6H33,FKQ,diffdock_sdf,diffdock,rank1_confidence0.54|idx_1,atom_name,0.64,1.766461454831361,25.0,25.0,16.0,output/diffdock_workflow/poses/6H33/complex_0/rank1_confidence0.54.sdf,No sub-structure match found between the reference and probe mol
6H33,FKQ,diffdock_sdf,diffdock,rank2_confidence0.47|idx_2,atom_name,0.64,1.7279681665676698,25.0,25.0,16.0,output/diffdock_workflow/poses/6H33/complex_0/rank2_confidence0.47.sdf,No sub-structure match found between the reference and probe mol
6H33,FKQ,diffdock_sdf,diffdock,rank4_confidence0.39|idx_4,atom_name,0.64,1.6752744330055251,25.0,25.0,16.0,output/diffdock_workflow/poses/6H33/complex_0/rank4_confidence0.39.sdf,No sub-structure match found between the reference and probe mol
6H33,FKQ,diffdock_sdf,diffdock,rank3_confidence0.41|idx_3,atom_name,0.64,1.3017735899967922,25.0,25.0,16.0,output/diffdock_workflow/poses/6H33/complex_0/rank3_confidence0.41.sdf,No sub-structure match found between the reference and probe mol
5LL8,6YP,diffdock_sdf,diffdock,rank2_confidence0.84|idx_2,atom_name,0.6428571428571429,1.8782276255446744,14.0,14.0,9.0,output/diffdock_workflow/poses/5LL8/complex_0/rank2_confidence0.84.sdf,No sub-structure match found between the reference and probe mol
5LL8,6YP,diffdock_sdf,diffdock,rank3_confidence0.81|idx_3,atom_name,0.6428571428571429,1.8327726044015595,14.0,14.0,9.0,output/diffdock_workflow/poses/5LL8/complex_0/rank3_confidence0.81.sdf,No sub-structure match found between the reference and probe mol
5LL8,6YP,diffdock_sdf,diffdock,rank4_confidence0.81|idx_4,atom_name,0.6428571428571429,1.8287964710130904,14.0,14.0,9.0,output/diffdock_workflow/poses/5LL8/complex_0/rank4_confidence0.81.sdf,No sub-structure match found between the reference and probe mol
6HXD,6YP,diffdock_sdf,diffdock,rank3_confidence0.80|idx_3,atom_name,0.6428571428571429,1.6516852104506683,14.0,14.0,9.0,output/diffdock_workflow/poses/6HXD/complex_0/rank3_confidence0.80.sdf,No sub-structure match found between the reference and probe mol
5LL8,6YP,diffdock_sdf,diffdock,rank1|idx_1,atom_name,0.6428571428571429,1.4473084972769164,14.0,14.0,9.0,output/diffdock_workflow/poses/5LL8/complex_0/rank1.sdf,No sub-structure match found between the reference and probe mol
5LL8,6YP,diffdock_sdf,diffdock,rank1_confidence0.86|idx_1,atom_name,0.6428571428571429,1.4473084972769164,14.0,14.0,9.0,output/diffdock_workflow/poses/5LL8/complex_0/rank1_confidence0.86.sdf,No sub-structure match found between the reference and probe mol
6HXD,6YP,diffdock_sdf,diffdock,rank2_confidence0.81|idx_2,atom_name,0.6428571428571429,1.099258721443206,14.0,14.0,9.0,output/diffdock_workflow/poses/6HXD/complex_0/rank2_confidence0.81.sdf,No sub-structure match found between the reference and probe mol
6HXD,6YP,diffdock_sdf,diffdock,rank1|idx_1,atom_name,0.6428571428571429,1.097049301901415,14.0,14.0,9.0,output/diffdock_workflow/poses/6HXD/complex_0/rank1.sdf,No sub-structure match found between the reference and probe mol
6HXD,6YP,diffdock_sdf,diffdock,rank1_confidence0.81|idx_1,atom_name,0.6428571428571429,1.097049301901415,14.0,14.0,9.0,output/diffdock_workflow/poses/6HXD/complex_0/rank1_confidence0.81.sdf,No sub-structure match found between the reference and probe mol
6HXD,6YP,diffdock_sdf,diffdock,rank4_confidence0.80|idx_4,atom_name,0.6428571428571429,1.095730010506565,14.0,14.0,9.0,output/diffdock_workflow/poses/6HXD/complex_0/rank4_confidence0.80.sdf,No sub-structure match found between the reference and probe mol
5N0E,8F3,diffdock_sdf,diffdock,rank3_confidence-0.72|idx_3,atom_name,0.6666666666666666,6.327578717424534,30.0,30.0,20.0,output/diffdock_workflow/poses/5N0E/complex_0/rank3_confidence-0.72.sdf,No sub-structure match found between the reference and probe mol
5N0E,8F3,diffdock_sdf,diffdock,rank4_confidence-0.73|idx_4,atom_name,0.6666666666666666,6.297218927931148,30.0,30.0,20.0,output/diffdock_workflow/poses/5N0E/complex_0/rank4_confidence-0.73.sdf,No sub-structure match found between the reference and probe mol
5N0D,8F2,diffdock_sdf,diffdock,rank2_confidence-0.69|idx_2,atom_name,0.6666666666666666,5.945154445013936,30.0,30.0,20.0,output/diffdock_workflow/poses/5N0D/complex_0/rank2_confidence-0.69.sdf,No sub-structure match found between the reference and probe mol
5N0D,8F2,diffdock_sdf,diffdock,rank3_confidence-0.71|idx_3,atom_name,0.6666666666666666,5.925238961109696,30.0,30.0,20.0,output/diffdock_workflow/poses/5N0D/complex_0/rank3_confidence-0.71.sdf,No sub-structure match found between the reference and probe mol
5N0D,8F2,diffdock_sdf,diffdock,rank1|idx_1,atom_name,0.6666666666666666,5.88953679154077,30.0,30.0,20.0,output/diffdock_workflow/poses/5N0D/complex_0/rank1.sdf,No sub-structure match found between the reference and probe mol
5N0D,8F2,diffdock_sdf,diffdock,rank1_confidence-0.69|idx_1,atom_name,0.6666666666666666,5.88953679154077,30.0,30.0,20.0,output/diffdock_workflow/poses/5N0D/complex_0/rank1_confidence-0.69.sdf,No sub-structure match found between the reference and probe mol
5N0D,8F2,diffdock_sdf,diffdock,rank4_confidence-0.74|idx_4,atom_name,0.6666666666666666,5.884164805155796,30.0,30.0,20.0,output/diffdock_workflow/poses/5N0D/complex_0/rank4_confidence-0.74.sdf,No sub-structure match found between the reference and probe mol
5N0E,8F3,diffdock_sdf,diffdock,rank1|idx_1,atom_name,0.6666666666666666,5.6187833202717306,30.0,30.0,20.0,output/diffdock_workflow/poses/5N0E/complex_0/rank1.sdf,No sub-structure match found between the reference and probe mol
5N0E,8F3,diffdock_sdf,diffdock,rank1_confidence-0.56|idx_1,atom_name,0.6666666666666666,5.6187833202717306,30.0,30.0,20.0,output/diffdock_workflow/poses/5N0E/complex_0/rank1_confidence-0.56.sdf,No sub-structure match found between the reference and probe mol
6H2Z,FKE,diffdock_sdf,diffdock,rank4_confidence0.32|idx_4,atom_name,0.6666666666666666,2.822750964345864,24.0,24.0,16.0,output/diffdock_workflow/poses/6H2Z/complex_0/rank4_confidence0.32.sdf,No sub-structure match found between the reference and probe mol
5N0E,8F3,diffdock_sdf,diffdock,rank2_confidence-0.64|idx_2,atom_name,0.6666666666666666,2.342396118257952,30.0,30.0,20.0,output/diffdock_workflow/poses/5N0E/complex_0/rank2_confidence-0.64.sdf,No sub-structure match found between the reference and probe mol
4Q8Y,HQT,diffdock_sdf,diffdock,rank1|idx_1,atom_name,0.6666666666666666,1.8167998868983544,12.0,12.0,8.0,output/diffdock_workflow/poses/4Q8Y/complex_0/rank1.sdf,No sub-structure match found between the reference and probe mol
4Q8Y,HQT,diffdock_sdf,diffdock,rank1_confidence0.75|idx_1,atom_name,0.6666666666666666,1.8167998868983544,12.0,12.0,8.0,output/diffdock_workflow/poses/4Q8Y/complex_0/rank1_confidence0.75.sdf,No sub-structure match found between the reference and probe mol
4Q8Y,HQT,diffdock_sdf,diffdock,rank4_confidence0.62|idx_4,atom_name,0.6666666666666666,1.813568147149096,12.0,12.0,8.0,output/diffdock_workflow/poses/4Q8Y/complex_0/rank4_confidence0.62.sdf,No sub-structure match found between the reference and probe mol
4Q8Y,HQT,diffdock_sdf,diffdock,rank3_confidence0.66|idx_3,atom_name,0.6666666666666666,1.7744625022683898,12.0,12.0,8.0,output/diffdock_workflow/poses/4Q8Y/complex_0/rank3_confidence0.66.sdf,No sub-structure match found between the reference and probe mol
4Q8Y,HQT,diffdock_sdf,diffdock,rank2_confidence0.68|idx_2,atom_name,0.6666666666666666,1.763128699283966,12.0,12.0,8.0,output/diffdock_workflow/poses/4Q8Y/complex_0/rank2_confidence0.68.sdf,No sub-structure match found between the reference and probe mol
6SBH,L4K,diffdock_sdf,diffdock,rank2_confidence0.81|idx_2,atom_name,0.6666666666666666,1.6625280406761846,15.0,15.0,10.0,output/diffdock_workflow/poses/6SBH/complex_0/rank2_confidence0.81.sdf,No sub-structure match found between the reference and probe mol
6SBH,L4K,diffdock_sdf,diffdock,rank1|idx_1,atom_name,0.6666666666666666,1.61706657182612,15.0,15.0,10.0,output/diffdock_workflow/poses/6SBH/complex_0/rank1.sdf,No sub-structure match found between the reference and probe mol
6SBH,L4K,diffdock_sdf,diffdock,rank1_confidence0.82|idx_1,atom_name,0.6666666666666666,1.61706657182612,15.0,15.0,10.0,output/diffdock_workflow/poses/6SBH/complex_0/rank1_confidence0.82.sdf,No sub-structure match found between the reference and probe mol
6H2Z,FKE,diffdock_sdf,diffdock,rank2_confidence0.50|idx_2,atom_name,0.6666666666666666,1.3980332347945297,24.0,24.0,16.0,output/diffdock_workflow/poses/6H2Z/complex_0/rank2_confidence0.50.sdf,No sub-structure match found between the reference and probe mol
6H2Z,FKE,diffdock_sdf,diffdock,rank1|idx_1,atom_name,0.6666666666666666,1.3633988180990195,24.0,24.0,16.0,output/diffdock_workflow/poses/6H2Z/complex_0/rank1.sdf,No sub-structure match found between the reference and probe mol
6H2Z,FKE,diffdock_sdf,diffdock,rank1_confidence0.51|idx_1,atom_name,0.6666666666666666,1.3633988180990195,24.0,24.0,16.0,output/diffdock_workflow/poses/6H2Z/complex_0/rank1_confidence0.51.sdf,No sub-structure match found between the reference and probe mol
6H2Z,FKE,diffdock_sdf,diffdock,rank3_confidence0.50|idx_3,atom_name,0.6666666666666666,1.3407766343440817,24.0,24.0,16.0,output/diffdock_workflow/poses/6H2Z/complex_0/rank3_confidence0.50.sdf,No sub-structure match found between the reference and probe mol
6D1L,FQV,diffdock_sdf,diffdock,rank2_confidence0.54|idx_2,atom_name,0.6666666666666666,1.2875804188349214,15.0,15.0,10.0,output/diffdock_workflow/poses/6D1L/complex_0/rank2_confidence0.54.sdf,No sub-structure match found between the reference and probe mol
6D1L,FQV,diffdock_sdf,diffdock,rank1|idx_1,atom_name,0.6666666666666666,1.1173254104747314,15.0,15.0,10.0,output/diffdock_workflow/poses/6D1L/complex_0/rank1.sdf,No sub-structure match found between the reference and probe mol
6D1L,FQV,diffdock_sdf,diffdock,rank1_confidence0.57|idx_1,atom_name,0.6666666666666666,1.1173254104747314,15.0,15.0,10.0,output/diffdock_workflow/poses/6D1L/complex_0/rank1_confidence0.57.sdf,No sub-structure match found between the reference and probe mol
6SBH,L4K,diffdock_sdf,diffdock,rank3_confidence0.80|idx_3,atom_name,0.6666666666666666,1.116804175306478,15.0,15.0,10.0,output/diffdock_workflow/poses/6SBH/complex_0/rank3_confidence0.80.sdf,No sub-structure match found between the reference and probe mol
6SBH,L4K,diffdock_sdf,diffdock,rank4_confidence0.79|idx_4,atom_name,0.6666666666666666,1.103845893799169,15.0,15.0,10.0,output/diffdock_workflow/poses/6SBH/complex_0/rank4_confidence0.79.sdf,No sub-structure match found between the reference and probe mol
4Q7W,6MH,diffdock_sdf,diffdock,rank4_confidence0.63|idx_4,atom_name,0.6666666666666666,0.8876165003026605,9.0,9.0,6.0,output/diffdock_workflow/poses/4Q7W/complex_0/rank4_confidence0.63.sdf,No sub-structure match found between the reference and probe mol
4Q7W,6MH,diffdock_sdf,diffdock,rank1|idx_1,atom_name,0.6666666666666666,0.8875809642663555,9.0,9.0,6.0,output/diffdock_workflow/poses/4Q7W/complex_0/rank1.sdf,No sub-structure match found between the reference and probe mol
4Q7W,6MH,diffdock_sdf,diffdock,rank1_confidence0.64|idx_1,atom_name,0.6666666666666666,0.8875809642663555,9.0,9.0,6.0,output/diffdock_workflow/poses/4Q7W/complex_0/rank1_confidence0.64.sdf,No sub-structure match found between the reference and probe mol
4Q7W,6MH,diffdock_sdf,diffdock,rank2_confidence0.64|idx_2,atom_name,0.6666666666666666,0.8868662765626126,9.0,9.0,6.0,output/diffdock_workflow/poses/4Q7W/complex_0/rank2_confidence0.64.sdf,No sub-structure match found between the reference and probe mol
4Q7W,6MH,diffdock_sdf,diffdock,rank3_confidence0.64|idx_3,atom_name,0.6666666666666666,0.8840323656412491,9.0,9.0,6.0,output/diffdock_workflow/poses/4Q7W/complex_0/rank3_confidence0.64.sdf,No sub-structure match found between the reference and probe mol
6D1L,FQV,diffdock_sdf,diffdock,rank4_confidence0.54|idx_4,atom_name,0.6666666666666666,0.4088696354409223,15.0,15.0,10.0,output/diffdock_workflow/poses/6D1L/complex_0/rank4_confidence0.54.sdf,No sub-structure match found between the reference and probe mol
6D1L,FQV,diffdock_sdf,diffdock,rank3_confidence0.54|idx_3,atom_name,0.6666666666666666,0.2811164997985201,15.0,15.0,10.0,output/diffdock_workflow/poses/6D1L/complex_0/rank3_confidence0.54.sdf,No sub-structure match found between the reference and probe mol
6RH4,4NZ,diffdock_complex_pdb,diffdock,6RH4_diffdock_complex,atom_name,0.6923076923076923,2.5378551552789856,13.0,13.0,9.0,output/diffdock_workflow/complexes/6RH4_diffdock_complex.pdb,No sub-structure match found between the reference and probe mol
3M98,E02,diffdock_sdf,diffdock,rank4_confidence-0.68|idx_4,atom_name,0.6956521739130435,3.291408665070055,23.0,23.0,16.0,output/diffdock_workflow/poses/3M98/complex_0/rank4_confidence-0.68.sdf,No sub-structure match found between the reference and probe mol
3M98,E02,diffdock_sdf,diffdock,rank3_confidence-0.43|idx_3,atom_name,0.6956521739130435,3.178969508207574,23.0,23.0,16.0,output/diffdock_workflow/poses/3M98/complex_0/rank3_confidence-0.43.sdf,No sub-structure match found between the reference and probe mol
3M98,E02,diffdock_sdf,diffdock,rank2_confidence-0.40|idx_2,atom_name,0.6956521739130435,3.1596945950952344,23.0,23.0,16.0,output/diffdock_workflow/poses/3M98/complex_0/rank2_confidence-0.40.sdf,No sub-structure match found between the reference and probe mol
3M98,E02,diffdock_sdf,diffdock,rank1|idx_1,atom_name,0.6956521739130435,3.120958148047966,23.0,23.0,16.0,output/diffdock_workflow/poses/3M98/complex_0/rank1.sdf,No sub-structure match found between the reference and probe mol
3M98,E02,diffdock_sdf,diffdock,rank1_confidence-0.14|idx_1,atom_name,0.6956521739130435,3.120958148047966,23.0,23.0,16.0,output/diffdock_workflow/poses/3M98/complex_0/rank1_confidence-0.14.sdf,No sub-structure match found between the reference and probe mol
