pdb_id,ligand,source,scenario,pose_name,pose_path,status,method,rmsd_angstrom,n_atoms_ref,n_atoms_pose,n_atoms_mapped,mapping_coverage,ref_residue,pose_residue,error
3DC3,AZM,diffdock_sdf,diffdock,rank1|idx_1,output/diffdock_workflow/poses/3DC3/complex_0/rank1.sdf,ok_low_coverage,atom_name,0.9923691249252632,13.0,13.0,4.0,0.3076923076923077,AZM|A|263,SDF|LIG|1,No sub-structure match found between the reference and probe mol
3DC3,AZM,diffdock_sdf,diffdock,rank1_confidence0.92|idx_1,output/diffdock_workflow/poses/3DC3/complex_0/rank1_confidence0.92.sdf,ok_low_coverage,atom_name,0.9923691249252632,13.0,13.0,4.0,0.3076923076923077,AZM|A|263,SDF|LIG|1,No sub-structure match found between the reference and probe mol
3DC3,AZM,diffdock_sdf,diffdock,rank2_confidence0.72|idx_2,output/diffdock_workflow/poses/3DC3/complex_0/rank2_confidence0.72.sdf,ok_low_coverage,atom_name,2.8624995762134384,13.0,13.0,4.0,0.3076923076923077,AZM|A|263,SDF|LIG|1,No sub-structure match found between the reference and probe mol
3DC3,AZM,diffdock_sdf,diffdock,rank3_confidence0.72|idx_3,output/diffdock_workflow/poses/3DC3/complex_0/rank3_confidence0.72.sdf,ok_low_coverage,atom_name,2.8709736600703892,13.0,13.0,4.0,0.3076923076923077,AZM|A|263,SDF|LIG|1,No sub-structure match found between the reference and probe mol
3DC3,AZM,diffdock_sdf,diffdock,rank4_confidence0.70|idx_4,output/diffdock_workflow/poses/3DC3/complex_0/rank4_confidence0.70.sdf,ok_low_coverage,atom_name,2.8809444836562115,13.0,13.0,4.0,0.3076923076923077,AZM|A|263,SDF|LIG|1,No sub-structure match found between the reference and probe mol
3DC3,AZM,diffdock_complex_pdb,diffdock,3DC3_diffdock_complex,output/diffdock_workflow/complexes/3DC3_diffdock_complex.pdb,ok,rdkit_best_rms,0.22951928894530596,13.0,13.0,13.0,1.0,AZM|A|263,UNL|L|1,
3DC3,AZM,boltz_cif,crystal_pocket,3DC3_crystal_pocket_model_0|idx_0,output/boltz_results_boltz_inputs/predictions/3DC3_crystal_pocket/3DC3_crystal_pocket_model_0.cif,ok,rdkit_best_rms,0.14265831668104717,13.0,13.0,13.0,1.0,AZM|A|263,LIG1|AZM|1,
3DC3,AZM,boltz_cif,default,3DC3_default_model_0|idx_0,output/boltz_results_boltz_inputs/predictions/3DC3_default/3DC3_default_model_0.cif,ok,rdkit_best_rms,0.1400800381784051,13.0,13.0,13.0,1.0,AZM|A|263,LIG1|AZM|1,
3DC3,AZM,boltz_cif,diffdock_pocket,3DC3_diffdock_pocket_model_0|idx_0,output/boltz_results_boltz_inputs/predictions/3DC3_diffdock_pocket/3DC3_diffdock_pocket_model_0.cif,ok,rdkit_best_rms,0.13994360888887003,13.0,13.0,13.0,1.0,AZM|A|263,LIG1|AZM|1,
3K7K,KCS,diffdock_sdf,diffdock,rank1|idx_1,output/diffdock_workflow/poses/3K7K/complex_0/rank1.sdf,ok,element_sorted_fallback,1.4831582729779533,4.0,4.0,4.0,1.0,KCS|A|301,SDF|LIG|1,No sub-structure match found between the reference and probe mol
3K7K,KCS,diffdock_sdf,diffdock,rank1_confidence0.41|idx_1,output/diffdock_workflow/poses/3K7K/complex_0/rank1_confidence0.41.sdf,ok,element_sorted_fallback,1.4831582729779533,4.0,4.0,4.0,1.0,KCS|A|301,SDF|LIG|1,No sub-structure match found between the reference and probe mol
3K7K,KCS,diffdock_sdf,diffdock,rank2_confidence0.40|idx_2,output/diffdock_workflow/poses/3K7K/complex_0/rank2_confidence0.40.sdf,ok,element_sorted_fallback,1.4485604410783162,4.0,4.0,4.0,1.0,KCS|A|301,SDF|LIG|1,No sub-structure match found between the reference and probe mol
3K7K,KCS,diffdock_sdf,diffdock,rank3_confidence0.39|idx_3,output/diffdock_workflow/poses/3K7K/complex_0/rank3_confidence0.39.sdf,ok,element_sorted_fallback,1.4499617064680634,4.0,4.0,4.0,1.0,KCS|A|301,SDF|LIG|1,No sub-structure match found between the reference and probe mol
3K7K,KCS,diffdock_sdf,diffdock,rank4_confidence0.38|idx_4,output/diffdock_workflow/poses/3K7K/complex_0/rank4_confidence0.38.sdf,ok,element_sorted_fallback,1.3796053653153733,4.0,4.0,4.0,1.0,KCS|A|301,SDF|LIG|1,No sub-structure match found between the reference and probe mol
3K7K,KCS,diffdock_complex_pdb,diffdock,3K7K_diffdock_complex,output/diffdock_workflow/complexes/3K7K_diffdock_complex.pdb,ok,rdkit_best_rms,0.1398879592235161,4.0,4.0,4.0,1.0,KCS|A|301,UNL|L|1,
3K7K,KCS,boltz_cif,default,3K7K_default_model_0|idx_0,output/boltz_results_boltz_inputs/predictions/3K7K_default/3K7K_default_model_0.cif,ok,rdkit_best_rms,0.10899052487025354,4.0,4.0,4.0,1.0,KCS|A|301,LIG1|KCS|1,
3KWA,SPM,diffdock_sdf,diffdock,rank1|idx_1,output/diffdock_workflow/poses/3KWA/complex_0/rank1.sdf,ok,rdkit_best_rms,2.921010834499416,14.0,14.0,14.0,1.0,SPM|A|300,SDF|LIG|1,
3KWA,SPM,diffdock_sdf,diffdock,rank1_confidence0.15|idx_1,output/diffdock_workflow/poses/3KWA/complex_0/rank1_confidence0.15.sdf,ok,rdkit_best_rms,2.921010834499416,14.0,14.0,14.0,1.0,SPM|A|300,SDF|LIG|1,
3KWA,SPM,diffdock_sdf,diffdock,rank2_confidence0.08|idx_2,output/diffdock_workflow/poses/3KWA/complex_0/rank2_confidence0.08.sdf,ok,rdkit_best_rms,2.9126232895217896,14.0,14.0,14.0,1.0,SPM|A|300,SDF|LIG|1,
3KWA,SPM,diffdock_sdf,diffdock,rank3_confidence0.03|idx_3,output/diffdock_workflow/poses/3KWA/complex_0/rank3_confidence0.03.sdf,ok,rdkit_best_rms,2.893931282062794,14.0,14.0,14.0,1.0,SPM|A|300,SDF|LIG|1,
3KWA,SPM,diffdock_sdf,diffdock,rank4_confidence0.02|idx_4,output/diffdock_workflow/poses/3KWA/complex_0/rank4_confidence0.02.sdf,ok,rdkit_best_rms,2.9048026487240257,14.0,14.0,14.0,1.0,SPM|A|300,SDF|LIG|1,
3KWA,SPM,diffdock_complex_pdb,diffdock,3KWA_diffdock_complex,output/diffdock_workflow/complexes/3KWA_diffdock_complex.pdb,ok,rdkit_best_rms,2.9210006067018894,14.0,14.0,14.0,1.0,SPM|A|300,UNL|L|1,
3KWA,SPM,boltz_cif,crystal_pocket,3KWA_crystal_pocket_model_0|idx_0,output/boltz_results_boltz_inputs/predictions/3KWA_crystal_pocket/3KWA_crystal_pocket_model_0.cif,ok,rdkit_best_rms,2.3562515776050765,14.0,14.0,14.0,1.0,SPM|A|300,LIG1|SPM|1,
3KWA,SPM,boltz_cif,default,3KWA_default_model_0|idx_0,output/boltz_results_boltz_inputs/predictions/3KWA_default/3KWA_default_model_0.cif,ok,rdkit_best_rms,2.373207003154236,14.0,14.0,14.0,1.0,SPM|A|300,LIG1|SPM|1,
3KWA,SPM,boltz_cif,diffdock_pocket,3KWA_diffdock_pocket_model_0|idx_0,output/boltz_results_boltz_inputs/predictions/3KWA_diffdock_pocket/3KWA_diffdock_pocket_model_0.cif,ok,rdkit_best_rms,2.336897487975724,14.0,14.0,14.0,1.0,SPM|A|300,LIG1|SPM|1,
3L14,I7B,diffdock_sdf,diffdock,rank1|idx_1,output/diffdock_workflow/poses/3L14/complex_0/rank1.sdf,ok_low_coverage,atom_name,2.433353731684686,16.0,16.0,6.0,0.375,I7B|A|301,SDF|LIG|1,No sub-structure match found between the reference and probe mol
3L14,I7B,diffdock_sdf,diffdock,rank1_confidence0.38|idx_1,output/diffdock_workflow/poses/3L14/complex_0/rank1_confidence0.38.sdf,ok_low_coverage,atom_name,2.433353731684686,16.0,16.0,6.0,0.375,I7B|A|301,SDF|LIG|1,No sub-structure match found between the reference and probe mol
3L14,I7B,diffdock_sdf,diffdock,rank2_confidence0.36|idx_2,output/diffdock_workflow/poses/3L14/complex_0/rank2_confidence0.36.sdf,ok_low_coverage,atom_name,2.435077241205058,16.0,16.0,6.0,0.375,I7B|A|301,SDF|LIG|1,No sub-structure match found between the reference and probe mol
3L14,I7B,diffdock_sdf,diffdock,rank3_confidence0.35|idx_3,output/diffdock_workflow/poses/3L14/complex_0/rank3_confidence0.35.sdf,ok_low_coverage,atom_name,2.454885138150929,16.0,16.0,6.0,0.375,I7B|A|301,SDF|LIG|1,No sub-structure match found between the reference and probe mol
3L14,I7B,diffdock_sdf,diffdock,rank4_confidence0.32|idx_4,output/diffdock_workflow/poses/3L14/complex_0/rank4_confidence0.32.sdf,ok_low_coverage,atom_name,2.497705911966743,16.0,16.0,6.0,0.375,I7B|A|301,SDF|LIG|1,No sub-structure match found between the reference and probe mol
3L14,I7B,diffdock_complex_pdb,diffdock,3L14_diffdock_complex,output/diffdock_workflow/complexes/3L14_diffdock_complex.pdb,ok,rdkit_best_rms,0.2068078260407499,16.0,16.0,16.0,1.0,I7B|A|301,UNL|L|1,
3L14,I7B,boltz_cif,crystal_pocket,3L14_crystal_pocket_model_0|idx_0,output/boltz_results_boltz_inputs/predictions/3L14_crystal_pocket/3L14_crystal_pocket_model_0.cif,ok,rdkit_best_rms,0.8720097328997228,16.0,16.0,16.0,1.0,I7B|A|301,LIG1|I7B|1,
3L14,I7B,boltz_cif,default,3L14_default_model_0|idx_0,output/boltz_results_boltz_inputs/predictions/3L14_default/3L14_default_model_0.cif,ok,rdkit_best_rms,0.8720549573767777,16.0,16.0,16.0,1.0,I7B|A|301,LIG1|I7B|1,
3L14,I7B,boltz_cif,diffdock_pocket,3L14_diffdock_pocket_model_0|idx_0,output/boltz_results_boltz_inputs/predictions/3L14_diffdock_pocket/3L14_diffdock_pocket_model_0.cif,ok,rdkit_best_rms,0.8794596335700766,16.0,16.0,16.0,1.0,I7B|A|301,LIG1|I7B|1,
3M2Y,BE0,diffdock_sdf,diffdock,rank1|idx_1,output/diffdock_workflow/poses/3M2Y/complex_0/rank1.sdf,ok,rdkit_best_rms,0.5841025606679909,10.0,10.0,10.0,1.0,BE0|A|503,SDF|LIG|1,
3M2Y,BE0,diffdock_sdf,diffdock,rank1_confidence0.82|idx_1,output/diffdock_workflow/poses/3M2Y/complex_0/rank1_confidence0.82.sdf,ok,rdkit_best_rms,0.5841025606679909,10.0,10.0,10.0,1.0,BE0|A|503,SDF|LIG|1,
3M2Y,BE0,diffdock_sdf,diffdock,rank2_confidence0.79|idx_2,output/diffdock_workflow/poses/3M2Y/complex_0/rank2_confidence0.79.sdf,ok,rdkit_best_rms,0.5039673372491332,10.0,10.0,10.0,1.0,BE0|A|503,SDF|LIG|1,
3M2Y,BE0,diffdock_sdf,diffdock,rank3_confidence0.77|idx_3,output/diffdock_workflow/poses/3M2Y/complex_0/rank3_confidence0.77.sdf,ok,rdkit_best_rms,0.4924960984070809,10.0,10.0,10.0,1.0,BE0|A|503,SDF|LIG|1,
3M2Y,BE0,diffdock_sdf,diffdock,rank4_confidence0.77|idx_4,output/diffdock_workflow/poses/3M2Y/complex_0/rank4_confidence0.77.sdf,ok,rdkit_best_rms,0.6155975281061414,10.0,10.0,10.0,1.0,BE0|A|503,SDF|LIG|1,
3M2Y,BE0,diffdock_complex_pdb,diffdock,3M2Y_diffdock_complex,output/diffdock_workflow/complexes/3M2Y_diffdock_complex.pdb,ok,rdkit_best_rms,0.5839841241578665,10.0,10.0,10.0,1.0,BE0|A|503,UNL|L|1,
3M2Y,BE0,boltz_cif,crystal_pocket,3M2Y_crystal_pocket_model_0|idx_0,output/boltz_results_boltz_inputs/predictions/3M2Y_crystal_pocket/3M2Y_crystal_pocket_model_0.cif,ok,rdkit_best_rms,0.8009886059310516,10.0,10.0,10.0,1.0,BE0|A|503,LIG1|BE0|1,
3M2Y,BE0,boltz_cif,default,3M2Y_default_model_0|idx_0,output/boltz_results_boltz_inputs/predictions/3M2Y_default/3M2Y_default_model_0.cif,ok,rdkit_best_rms,0.6964913021738082,10.0,10.0,10.0,1.0,BE0|A|503,LIG1|BE0|1,
3M2Y,BE0,boltz_cif,diffdock_pocket,3M2Y_diffdock_pocket_model_0|idx_0,output/boltz_results_boltz_inputs/predictions/3M2Y_diffdock_pocket/3M2Y_diffdock_pocket_model_0.cif,ok,rdkit_best_rms,0.6885045983785983,10.0,10.0,10.0,1.0,BE0|A|503,LIG1|BE0|1,
3M3X,JS7,diffdock_sdf,diffdock,rank1|idx_1,output/diffdock_workflow/poses/3M3X/complex_0/rank1.sdf,ok_low_coverage,atom_name,4.251183124505269,24.0,24.0,8.0,0.3333333333333333,JS7|A|264,SDF|LIG|1,No sub-structure match found between the reference and probe mol
3M3X,JS7,diffdock_sdf,diffdock,rank1_confidence0.21|idx_1,output/diffdock_workflow/poses/3M3X/complex_0/rank1_confidence0.21.sdf,ok_low_coverage,atom_name,4.251183124505269,24.0,24.0,8.0,0.3333333333333333,JS7|A|264,SDF|LIG|1,No sub-structure match found between the reference and probe mol
3M3X,JS7,diffdock_sdf,diffdock,rank2_confidence0.19|idx_2,output/diffdock_workflow/poses/3M3X/complex_0/rank2_confidence0.19.sdf,ok_low_coverage,atom_name,4.310625603550436,24.0,24.0,8.0,0.3333333333333333,JS7|A|264,SDF|LIG|1,No sub-structure match found between the reference and probe mol
3M3X,JS7,diffdock_sdf,diffdock,rank3_confidence0.13|idx_3,output/diffdock_workflow/poses/3M3X/complex_0/rank3_confidence0.13.sdf,ok_low_coverage,atom_name,4.345044552174734,24.0,24.0,8.0,0.3333333333333333,JS7|A|264,SDF|LIG|1,No sub-structure match found between the reference and probe mol
3M3X,JS7,diffdock_sdf,diffdock,rank4_confidence0.09|idx_4,output/diffdock_workflow/poses/3M3X/complex_0/rank4_confidence0.09.sdf,ok_low_coverage,atom_name,4.515567948338792,24.0,24.0,8.0,0.3333333333333333,JS7|A|264,SDF|LIG|1,No sub-structure match found between the reference and probe mol
3M3X,JS7,diffdock_complex_pdb,diffdock,3M3X_diffdock_complex,output/diffdock_workflow/complexes/3M3X_diffdock_complex.pdb,ok_low_coverage,atom_name,1.9047848365235072,24.0,24.0,12.0,0.5,JS7|A|264,UNL|L|1,No sub-structure match found between the reference and probe mol
3M3X,JS7,boltz_cif,crystal_pocket,3M3X_crystal_pocket_model_0|idx_0,output/boltz_results_boltz_inputs/predictions/3M3X_crystal_pocket/3M3X_crystal_pocket_model_0.cif,ok,rdkit_best_rms,0.3499644217849084,24.0,24.0,24.0,1.0,JS7|A|264,LIG1|JS7|1,
3M3X,JS7,boltz_cif,default,3M3X_default_model_0|idx_0,output/boltz_results_boltz_inputs/predictions/3M3X_default/3M3X_default_model_0.cif,ok,rdkit_best_rms,0.4061859456748088,24.0,24.0,24.0,1.0,JS7|A|264,LIG1|JS7|1,
3M3X,JS7,boltz_cif,diffdock_pocket,3M3X_diffdock_pocket_model_0|idx_0,output/boltz_results_boltz_inputs/predictions/3M3X_diffdock_pocket/3M3X_diffdock_pocket_model_0.cif,ok,rdkit_best_rms,0.37350569212743384,24.0,24.0,24.0,1.0,JS7|A|264,LIG1|JS7|1,
3M40,J45,diffdock_sdf,diffdock,rank1|idx_1,output/diffdock_workflow/poses/3M40/complex_0/rank1.sdf,ok_low_coverage,atom_name,2.6806169966274807,21.0,21.0,12.0,0.5714285714285714,J45|A|263,SDF|LIG|1,No sub-structure match found between the reference and probe mol
3M40,J45,diffdock_sdf,diffdock,rank1_confidence0.20|idx_1,output/diffdock_workflow/poses/3M40/complex_0/rank1_confidence0.20.sdf,ok_low_coverage,atom_name,2.6806169966274807,21.0,21.0,12.0,0.5714285714285714,J45|A|263,SDF|LIG|1,No sub-structure match found between the reference and probe mol
3M40,J45,diffdock_sdf,diffdock,rank2_confidence0.07|idx_2,output/diffdock_workflow/poses/3M40/complex_0/rank2_confidence0.07.sdf,ok_low_coverage,atom_name,2.6808323431511103,21.0,21.0,12.0,0.5714285714285714,J45|A|263,SDF|LIG|1,No sub-structure match found between the reference and probe mol
3M40,J45,diffdock_sdf,diffdock,rank3_confidence-0.00|idx_3,output/diffdock_workflow/poses/3M40/complex_0/rank3_confidence-0.00.sdf,ok_low_coverage,atom_name,2.5321492967984756,21.0,21.0,12.0,0.5714285714285714,J45|A|263,SDF|LIG|1,No sub-structure match found between the reference and probe mol
3M40,J45,diffdock_sdf,diffdock,rank4_confidence-0.09|idx_4,output/diffdock_workflow/poses/3M40/complex_0/rank4_confidence-0.09.sdf,ok_low_coverage,atom_name,2.6724587385825287,21.0,21.0,12.0,0.5714285714285714,J45|A|263,SDF|LIG|1,No sub-structure match found between the reference and probe mol
3M40,J45,diffdock_complex_pdb,diffdock,3M40_diffdock_complex,output/diffdock_workflow/complexes/3M40_diffdock_complex.pdb,ok_low_coverage,atom_name,4.1500253596907655,21.0,21.0,9.0,0.42857142857142855,J45|A|263,UNL|L|1,No sub-structure match found between the reference and probe mol
3M40,J45,boltz_cif,crystal_pocket,3M40_crystal_pocket_model_0|idx_0,output/boltz_results_boltz_inputs/predictions/3M40_crystal_pocket/3M40_crystal_pocket_model_0.cif,ok,rdkit_best_rms,0.3206770512295873,21.0,21.0,21.0,1.0,J45|A|263,LIG1|J45|1,
3M40,J45,boltz_cif,default,3M40_default_model_0|idx_0,output/boltz_results_boltz_inputs/predictions/3M40_default/3M40_default_model_0.cif,ok,rdkit_best_rms,0.3430406395489987,21.0,21.0,21.0,1.0,J45|A|263,LIG1|J45|1,
3M40,J45,boltz_cif,diffdock_pocket,3M40_diffdock_pocket_model_0|idx_0,output/boltz_results_boltz_inputs/predictions/3M40_diffdock_pocket/3M40_diffdock_pocket_model_0.cif,ok,rdkit_best_rms,0.3549057049846112,21.0,21.0,21.0,1.0,J45|A|263,LIG1|J45|1,
3M5E,JDR,diffdock_sdf,diffdock,rank1|idx_1,output/diffdock_workflow/poses/3M5E/complex_0/rank1.sdf,ok_low_coverage,atom_name,4.011424350325408,23.0,23.0,5.0,0.21739130434782608,JDR|A|264,SDF|LIG|1,No sub-structure match found between the reference and probe mol
3M5E,JDR,diffdock_sdf,diffdock,rank1_confidence0.03|idx_1,output/diffdock_workflow/poses/3M5E/complex_0/rank1_confidence0.03.sdf,ok_low_coverage,atom_name,4.011424350325408,23.0,23.0,5.0,0.21739130434782608,JDR|A|264,SDF|LIG|1,No sub-structure match found between the reference and probe mol
3M5E,JDR,diffdock_sdf,diffdock,rank2_confidence0.03|idx_2,output/diffdock_workflow/poses/3M5E/complex_0/rank2_confidence0.03.sdf,ok_low_coverage,atom_name,3.9612409630726644,23.0,23.0,5.0,0.21739130434782608,JDR|A|264,SDF|LIG|1,No sub-structure match found between the reference and probe mol
3M5E,JDR,diffdock_sdf,diffdock,rank3_confidence0.01|idx_3,output/diffdock_workflow/poses/3M5E/complex_0/rank3_confidence0.01.sdf,ok_low_coverage,atom_name,3.929378631477176,23.0,23.0,5.0,0.21739130434782608,JDR|A|264,SDF|LIG|1,No sub-structure match found between the reference and probe mol
3M5E,JDR,diffdock_sdf,diffdock,rank4_confidence-0.02|idx_4,output/diffdock_workflow/poses/3M5E/complex_0/rank4_confidence-0.02.sdf,ok_low_coverage,atom_name,4.179446138580823,23.0,23.0,5.0,0.21739130434782608,JDR|A|264,SDF|LIG|1,No sub-structure match found between the reference and probe mol
3M5E,JDR,diffdock_complex_pdb,diffdock,3M5E_diffdock_complex,output/diffdock_workflow/complexes/3M5E_diffdock_complex.pdb,ok,rdkit_best_rms,0.18173862606595637,23.0,23.0,23.0,1.0,JDR|A|264,UNL|L|1,
3M5E,JDR,boltz_cif,crystal_pocket,3M5E_crystal_pocket_model_0|idx_0,output/boltz_results_boltz_inputs/predictions/3M5E_crystal_pocket/3M5E_crystal_pocket_model_0.cif,ok,rdkit_best_rms,0.5816720569599171,23.0,23.0,23.0,1.0,JDR|A|264,LIG1|JDR|1,
3M5E,JDR,boltz_cif,default,3M5E_default_model_0|idx_0,output/boltz_results_boltz_inputs/predictions/3M5E_default/3M5E_default_model_0.cif,ok,rdkit_best_rms,0.5701991776003221,23.0,23.0,23.0,1.0,JDR|A|264,LIG1|JDR|1,
3M5E,JDR,boltz_cif,diffdock_pocket,3M5E_diffdock_pocket_model_0|idx_0,output/boltz_results_boltz_inputs/predictions/3M5E_diffdock_pocket/3M5E_diffdock_pocket_model_0.cif,ok,rdkit_best_rms,0.6102866659097098,23.0,23.0,23.0,1.0,JDR|A|264,LIG1|JDR|1,
3M67,E36,diffdock_sdf,diffdock,rank1|idx_1,output/diffdock_workflow/poses/3M67/complex_0/rank1.sdf,ok_low_coverage,atom_name,5.2885607757195485,28.0,28.0,13.0,0.4642857142857143,E36|A|262,SDF|LIG|1,No sub-structure match found between the reference and probe mol
3M67,E36,diffdock_sdf,diffdock,rank1_confidence-0.15|idx_1,output/diffdock_workflow/poses/3M67/complex_0/rank1_confidence-0.15.sdf,ok_low_coverage,atom_name,5.2885607757195485,28.0,28.0,13.0,0.4642857142857143,E36|A|262,SDF|LIG|1,No sub-structure match found between the reference and probe mol
3M67,E36,diffdock_sdf,diffdock,rank2_confidence-0.17|idx_2,output/diffdock_workflow/poses/3M67/complex_0/rank2_confidence-0.17.sdf,ok_low_coverage,atom_name,5.131719435099713,28.0,28.0,13.0,0.4642857142857143,E36|A|262,SDF|LIG|1,No sub-structure match found between the reference and probe mol
3M67,E36,diffdock_sdf,diffdock,rank3_confidence-0.28|idx_3,output/diffdock_workflow/poses/3M67/complex_0/rank3_confidence-0.28.sdf,ok_low_coverage,atom_name,5.231123574062813,28.0,28.0,13.0,0.4642857142857143,E36|A|262,SDF|LIG|1,No sub-structure match found between the reference and probe mol
3M67,E36,diffdock_sdf,diffdock,rank4_confidence-0.31|idx_4,output/diffdock_workflow/poses/3M67/complex_0/rank4_confidence-0.31.sdf,ok_low_coverage,atom_name,5.178622661421163,28.0,28.0,13.0,0.4642857142857143,E36|A|262,SDF|LIG|1,No sub-structure match found between the reference and probe mol
3M67,E36,diffdock_complex_pdb,diffdock,3M67_diffdock_complex,output/diffdock_workflow/complexes/3M67_diffdock_complex.pdb,ok,rdkit_best_rms,0.6979954425232631,28.0,28.0,28.0,1.0,E36|A|262,UNL|L|1,
3M67,E36,boltz_cif,crystal_pocket,3M67_crystal_pocket_model_0|idx_0,output/boltz_results_boltz_inputs/predictions/3M67_crystal_pocket/3M67_crystal_pocket_model_0.cif,ok,rdkit_best_rms,0.7329998624108761,28.0,28.0,28.0,1.0,E36|A|262,LIG1|E36|1,
3M67,E36,boltz_cif,default,3M67_default_model_0|idx_0,output/boltz_results_boltz_inputs/predictions/3M67_default/3M67_default_model_0.cif,ok,rdkit_best_rms,0.7368240366472157,28.0,28.0,28.0,1.0,E36|A|262,LIG1|E36|1,
3M67,E36,boltz_cif,diffdock_pocket,3M67_diffdock_pocket_model_0|idx_0,output/boltz_results_boltz_inputs/predictions/3M67_diffdock_pocket/3M67_diffdock_pocket_model_0.cif,ok,rdkit_best_rms,0.757558996046329,28.0,28.0,28.0,1.0,E36|A|262,LIG1|E36|1,
3M98,E02,diffdock_sdf,diffdock,rank1|idx_1,output/diffdock_workflow/poses/3M98/complex_0/rank1.sdf,ok_low_coverage,atom_name,3.120958148047966,23.0,23.0,16.0,0.6956521739130435,E02|A|263,SDF|LIG|1,No sub-structure match found between the reference and probe mol
3M98,E02,diffdock_sdf,diffdock,rank1_confidence-0.14|idx_1,output/diffdock_workflow/poses/3M98/complex_0/rank1_confidence-0.14.sdf,ok_low_coverage,atom_name,3.120958148047966,23.0,23.0,16.0,0.6956521739130435,E02|A|263,SDF|LIG|1,No sub-structure match found between the reference and probe mol
3M98,E02,diffdock_sdf,diffdock,rank2_confidence-0.40|idx_2,output/diffdock_workflow/poses/3M98/complex_0/rank2_confidence-0.40.sdf,ok_low_coverage,atom_name,3.1596945950952344,23.0,23.0,16.0,0.6956521739130435,E02|A|263,SDF|LIG|1,No sub-structure match found between the reference and probe mol
3M98,E02,diffdock_sdf,diffdock,rank3_confidence-0.43|idx_3,output/diffdock_workflow/poses/3M98/complex_0/rank3_confidence-0.43.sdf,ok_low_coverage,atom_name,3.178969508207574,23.0,23.0,16.0,0.6956521739130435,E02|A|263,SDF|LIG|1,No sub-structure match found between the reference and probe mol
3M98,E02,diffdock_sdf,diffdock,rank4_confidence-0.68|idx_4,output/diffdock_workflow/poses/3M98/complex_0/rank4_confidence-0.68.sdf,ok_low_coverage,atom_name,3.291408665070055,23.0,23.0,16.0,0.6956521739130435,E02|A|263,SDF|LIG|1,No sub-structure match found between the reference and probe mol
3M98,E02,diffdock_complex_pdb,diffdock,3M98_diffdock_complex,output/diffdock_workflow/complexes/3M98_diffdock_complex.pdb,ok,rdkit_best_rms,1.569438738110951,23.0,23.0,23.0,1.0,E02|A|263,UNL|L|1,
3M98,E02,boltz_cif,crystal_pocket,3M98_crystal_pocket_model_0|idx_0,output/boltz_results_boltz_inputs/predictions/3M98_crystal_pocket/3M98_crystal_pocket_model_0.cif,ok,rdkit_best_rms,1.708315884966152,23.0,23.0,23.0,1.0,E02|A|263,LIG1|E02|1,
3M98,E02,boltz_cif,default,3M98_default_model_0|idx_0,output/boltz_results_boltz_inputs/predictions/3M98_default/3M98_default_model_0.cif,ok,rdkit_best_rms,1.8538917682300076,23.0,23.0,23.0,1.0,E02|A|263,LIG1|E02|1,
3M98,E02,boltz_cif,diffdock_pocket,3M98_diffdock_pocket_model_0|idx_0,output/boltz_results_boltz_inputs/predictions/3M98_diffdock_pocket/3M98_diffdock_pocket_model_0.cif,ok,rdkit_best_rms,1.261425197922516,23.0,23.0,23.0,1.0,E02|A|263,LIG1|E02|1,
3MHI,J90,diffdock_sdf,diffdock,rank1|idx_1,output/diffdock_workflow/poses/3MHI/complex_0/rank1.sdf,ok_low_coverage,atom_name,2.327705964015424,22.0,22.0,9.0,0.4090909090909091,J90|A|263,SDF|LIG|1,No sub-structure match found between the reference and probe mol
3MHI,J90,diffdock_sdf,diffdock,rank1_confidence0.48|idx_1,output/diffdock_workflow/poses/3MHI/complex_0/rank1_confidence0.48.sdf,ok_low_coverage,atom_name,2.327705964015424,22.0,22.0,9.0,0.4090909090909091,J90|A|263,SDF|LIG|1,No sub-structure match found between the reference and probe mol
3MHI,J90,diffdock_sdf,diffdock,rank2_confidence0.43|idx_2,output/diffdock_workflow/poses/3MHI/complex_0/rank2_confidence0.43.sdf,ok_low_coverage,atom_name,2.381982877639378,22.0,22.0,9.0,0.4090909090909091,J90|A|263,SDF|LIG|1,No sub-structure match found between the reference and probe mol
3MHI,J90,diffdock_sdf,diffdock,rank3_confidence0.38|idx_3,output/diffdock_workflow/poses/3MHI/complex_0/rank3_confidence0.38.sdf,ok_low_coverage,atom_name,2.4125261020706086,22.0,22.0,9.0,0.4090909090909091,J90|A|263,SDF|LIG|1,No sub-structure match found between the reference and probe mol
3MHI,J90,diffdock_sdf,diffdock,rank4_confidence0.38|idx_4,output/diffdock_workflow/poses/3MHI/complex_0/rank4_confidence0.38.sdf,ok_low_coverage,atom_name,2.519881319628252,22.0,22.0,9.0,0.4090909090909091,J90|A|263,SDF|LIG|1,No sub-structure match found between the reference and probe mol
3MHI,J90,diffdock_complex_pdb,diffdock,3MHI_diffdock_complex,output/diffdock_workflow/complexes/3MHI_diffdock_complex.pdb,ok_low_coverage,atom_name,2.306118425919412,22.0,22.0,10.0,0.45454545454545453,J90|A|263,UNL|L|1,No sub-structure match found between the reference and probe mol
3MHI,J90,boltz_cif,crystal_pocket,3MHI_crystal_pocket_model_0|idx_0,output/boltz_results_boltz_inputs/predictions/3MHI_crystal_pocket/3MHI_crystal_pocket_model_0.cif,ok,rdkit_best_rms,0.3022446090042824,22.0,22.0,22.0,1.0,J90|A|263,LIG1|J90|1,
3MHI,J90,boltz_cif,default,3MHI_default_model_0|idx_0,output/boltz_results_boltz_inputs/predictions/3MHI_default/3MHI_default_model_0.cif,ok,rdkit_best_rms,0.17700734312882577,22.0,22.0,22.0,1.0,J90|A|263,LIG1|J90|1,
3MHI,J90,boltz_cif,diffdock_pocket,3MHI_diffdock_pocket_model_0|idx_0,output/boltz_results_boltz_inputs/predictions/3MHI_diffdock_pocket/3MHI_diffdock_pocket_model_0.cif,ok,rdkit_best_rms,0.25327898748242245,22.0,22.0,22.0,1.0,J90|A|263,LIG1|J90|1,
3MHL,J71,diffdock_sdf,diffdock,rank1|idx_1,output/diffdock_workflow/poses/3MHL/complex_0/rank1.sdf,ok_low_coverage,atom_name,3.562801894313219,23.0,23.0,7.0,0.30434782608695654,J71|A|265,SDF|LIG|1,No sub-structure match found between the reference and probe mol
3MHL,J71,diffdock_sdf,diffdock,rank1_confidence0.17|idx_1,output/diffdock_workflow/poses/3MHL/complex_0/rank1_confidence0.17.sdf,ok_low_coverage,atom_name,3.562801894313219,23.0,23.0,7.0,0.30434782608695654,J71|A|265,SDF|LIG|1,No sub-structure match found between the reference and probe mol
3MHL,J71,diffdock_sdf,diffdock,rank2_confidence0.07|idx_2,output/diffdock_workflow/poses/3MHL/complex_0/rank2_confidence0.07.sdf,ok_low_coverage,atom_name,3.9867490730006416,23.0,23.0,7.0,0.30434782608695654,J71|A|265,SDF|LIG|1,No sub-structure match found between the reference and probe mol
3MHL,J71,diffdock_sdf,diffdock,rank3_confidence-0.01|idx_3,output/diffdock_workflow/poses/3MHL/complex_0/rank3_confidence-0.01.sdf,ok_low_coverage,atom_name,3.347558104680045,23.0,23.0,7.0,0.30434782608695654,J71|A|265,SDF|LIG|1,No sub-structure match found between the reference and probe mol
3MHL,J71,diffdock_sdf,diffdock,rank4_confidence-0.05|idx_4,output/diffdock_workflow/poses/3MHL/complex_0/rank4_confidence-0.05.sdf,ok_low_coverage,atom_name,3.403100081377162,23.0,23.0,7.0,0.30434782608695654,J71|A|265,SDF|LIG|1,No sub-structure match found between the reference and probe mol
3MHL,J71,diffdock_complex_pdb,diffdock,3MHL_diffdock_complex,output/diffdock_workflow/complexes/3MHL_diffdock_complex.pdb,ok_low_coverage,atom_name,2.6541373287441714,23.0,23.0,11.0,0.4782608695652174,J71|A|265,UNL|L|1,No sub-structure match found between the reference and probe mol
3MHL,J71,boltz_cif,crystal_pocket,3MHL_crystal_pocket_model_0|idx_0,output/boltz_results_boltz_inputs/predictions/3MHL_crystal_pocket/3MHL_crystal_pocket_model_0.cif,ok,rdkit_best_rms,1.4344630322746104,23.0,23.0,23.0,1.0,J71|A|265,LIG1|J71|1,
3MHL,J71,boltz_cif,default,3MHL_default_model_0|idx_0,output/boltz_results_boltz_inputs/predictions/3MHL_default/3MHL_default_model_0.cif,ok,rdkit_best_rms,1.5759401275347018,23.0,23.0,23.0,1.0,J71|A|265,LIG1|J71|1,
3MHL,J71,boltz_cif,diffdock_pocket,3MHL_diffdock_pocket_model_0|idx_0,output/boltz_results_boltz_inputs/predictions/3MHL_diffdock_pocket/3MHL_diffdock_pocket_model_0.cif,ok,rdkit_best_rms,1.487647581396075,23.0,23.0,23.0,1.0,J71|A|265,LIG1|J71|1,
3MHM,J75,diffdock_sdf,diffdock,rank1|idx_1,output/diffdock_workflow/poses/3MHM/complex_0/rank1.sdf,ok_low_coverage,atom_name,5.503220178818083,29.0,29.0,9.0,0.3103448275862069,J75|A|264,SDF|LIG|1,No sub-structure match found between the reference and probe mol
3MHM,J75,diffdock_sdf,diffdock,rank1_confidence-0.36|idx_1,output/diffdock_workflow/poses/3MHM/complex_0/rank1_confidence-0.36.sdf,ok_low_coverage,atom_name,5.503220178818083,29.0,29.0,9.0,0.3103448275862069,J75|A|264,SDF|LIG|1,No sub-structure match found between the reference and probe mol
3MHM,J75,diffdock_sdf,diffdock,rank2_confidence-0.94|idx_2,output/diffdock_workflow/poses/3MHM/complex_0/rank2_confidence-0.94.sdf,ok_low_coverage,atom_name,5.788708962294438,29.0,29.0,9.0,0.3103448275862069,J75|A|264,SDF|LIG|1,No sub-structure match found between the reference and probe mol
3MHM,J75,diffdock_sdf,diffdock,rank3_confidence-1.00|idx_3,output/diffdock_workflow/poses/3MHM/complex_0/rank3_confidence-1.00.sdf,ok_low_coverage,atom_name,5.1421345969498455,29.0,29.0,9.0,0.3103448275862069,J75|A|264,SDF|LIG|1,No sub-structure match found between the reference and probe mol
3MHM,J75,diffdock_sdf,diffdock,rank4_confidence-1.00|idx_4,output/diffdock_workflow/poses/3MHM/complex_0/rank4_confidence-1.00.sdf,ok_low_coverage,atom_name,5.913393940307978,29.0,29.0,9.0,0.3103448275862069,J75|A|264,SDF|LIG|1,No sub-structure match found between the reference and probe mol
3MHM,J75,diffdock_complex_pdb,diffdock,3MHM_diffdock_complex,output/diffdock_workflow/complexes/3MHM_diffdock_complex.pdb,ok_low_coverage,atom_name,4.7496517330357655,29.0,29.0,12.0,0.41379310344827586,J75|A|264,UNL|L|1,No sub-structure match found between the reference and probe mol
3MHM,J75,boltz_cif,crystal_pocket,3MHM_crystal_pocket_model_0|idx_0,output/boltz_results_boltz_inputs/predictions/3MHM_crystal_pocket/3MHM_crystal_pocket_model_0.cif,ok,rdkit_best_rms,2.310289593216445,29.0,29.0,29.0,1.0,J75|A|264,LIG1|J75|1,
3MHM,J75,boltz_cif,default,3MHM_default_model_0|idx_0,output/boltz_results_boltz_inputs/predictions/3MHM_default/3MHM_default_model_0.cif,ok,rdkit_best_rms,2.314517087048851,29.0,29.0,29.0,1.0,J75|A|264,LIG1|J75|1,
3MHM,J75,boltz_cif,diffdock_pocket,3MHM_diffdock_pocket_model_0|idx_0,output/boltz_results_boltz_inputs/predictions/3MHM_diffdock_pocket/3MHM_diffdock_pocket_model_0.cif,ok,rdkit_best_rms,2.3018442465810454,29.0,29.0,29.0,1.0,J75|A|264,LIG1|J75|1,
3MHO,J43,diffdock_sdf,diffdock,rank1|idx_1,output/diffdock_workflow/poses/3MHO/complex_0/rank1.sdf,ok_low_coverage,atom_name,2.435278659416358,22.0,22.0,5.0,0.22727272727272727,J43|A|265,SDF|LIG|1,No sub-structure match found between the reference and probe mol
3MHO,J43,diffdock_sdf,diffdock,rank1_confidence-0.37|idx_1,output/diffdock_workflow/poses/3MHO/complex_0/rank1_confidence-0.37.sdf,ok_low_coverage,atom_name,2.435278659416358,22.0,22.0,5.0,0.22727272727272727,J43|A|265,SDF|LIG|1,No sub-structure match found between the reference and probe mol
3MHO,J43,diffdock_sdf,diffdock,rank2_confidence-0.41|idx_2,output/diffdock_workflow/poses/3MHO/complex_0/rank2_confidence-0.41.sdf,ok_low_coverage,atom_name,2.424895360539259,22.0,22.0,5.0,0.22727272727272727,J43|A|265,SDF|LIG|1,No sub-structure match found between the reference and probe mol
3MHO,J43,diffdock_sdf,diffdock,rank3_confidence-0.48|idx_3,output/diffdock_workflow/poses/3MHO/complex_0/rank3_confidence-0.48.sdf,ok_low_coverage,atom_name,3.0399285818522888,22.0,22.0,5.0,0.22727272727272727,J43|A|265,SDF|LIG|1,No sub-structure match found between the reference and probe mol
3MHO,J43,diffdock_sdf,diffdock,rank4_confidence-0.61|idx_4,output/diffdock_workflow/poses/3MHO/complex_0/rank4_confidence-0.61.sdf,ok_low_coverage,atom_name,4.1409190338229,22.0,22.0,5.0,0.22727272727272727,J43|A|265,SDF|LIG|1,No sub-structure match found between the reference and probe mol
3MHO,J43,diffdock_complex_pdb,diffdock,3MHO_diffdock_complex,output/diffdock_workflow/complexes/3MHO_diffdock_complex.pdb,ok,rdkit_best_rms,0.14019116873815224,22.0,22.0,22.0,1.0,J43|A|265,UNL|L|1,
3MHO,J43,boltz_cif,crystal_pocket,3MHO_crystal_pocket_model_0|idx_0,output/boltz_results_boltz_inputs/predictions/3MHO_crystal_pocket/3MHO_crystal_pocket_model_0.cif,ok,rdkit_best_rms,1.335830985336892,22.0,22.0,22.0,1.0,J43|A|265,LIG1|J43|1,
3MHO,J43,boltz_cif,default,3MHO_default_model_0|idx_0,output/boltz_results_boltz_inputs/predictions/3MHO_default/3MHO_default_model_0.cif,ok,rdkit_best_rms,1.3422080601584885,22.0,22.0,22.0,1.0,J43|A|265,LIG1|J43|1,
3MHO,J43,boltz_cif,diffdock_pocket,3MHO_diffdock_pocket_model_0|idx_0,output/boltz_results_boltz_inputs/predictions/3MHO_diffdock_pocket/3MHO_diffdock_pocket_model_0.cif,ok,rdkit_best_rms,1.3297214824707229,22.0,22.0,22.0,1.0,J43|A|265,LIG1|J43|1,
3ML2,SU0,diffdock_sdf,diffdock,rank1|idx_1,output/diffdock_workflow/poses/3ML2/complex_0/rank1.sdf,ok_low_coverage,atom_name,2.872755070943424,27.0,27.0,14.0,0.5185185185185185,SU0|A|263,SDF|LIG|1,No sub-structure match found between the reference and probe mol
3ML2,SU0,diffdock_sdf,diffdock,rank1_confidence0.12|idx_1,output/diffdock_workflow/poses/3ML2/complex_0/rank1_confidence0.12.sdf,ok_low_coverage,atom_name,2.872755070943424,27.0,27.0,14.0,0.5185185185185185,SU0|A|263,SDF|LIG|1,No sub-structure match found between the reference and probe mol
3ML2,SU0,diffdock_sdf,diffdock,rank2_confidence0.10|idx_2,output/diffdock_workflow/poses/3ML2/complex_0/rank2_confidence0.10.sdf,ok_low_coverage,atom_name,2.768672044007727,27.0,27.0,14.0,0.5185185185185185,SU0|A|263,SDF|LIG|1,No sub-structure match found between the reference and probe mol
3ML2,SU0,diffdock_sdf,diffdock,rank3_confidence0.09|idx_3,output/diffdock_workflow/poses/3ML2/complex_0/rank3_confidence0.09.sdf,ok_low_coverage,atom_name,2.8836052157551166,27.0,27.0,14.0,0.5185185185185185,SU0|A|263,SDF|LIG|1,No sub-structure match found between the reference and probe mol
3ML2,SU0,diffdock_sdf,diffdock,rank4_confidence0.08|idx_4,output/diffdock_workflow/poses/3ML2/complex_0/rank4_confidence0.08.sdf,ok_low_coverage,atom_name,2.739178046029469,27.0,27.0,14.0,0.5185185185185185,SU0|A|263,SDF|LIG|1,No sub-structure match found between the reference and probe mol
3ML2,SU0,diffdock_complex_pdb,diffdock,3ML2_diffdock_complex,output/diffdock_workflow/complexes/3ML2_diffdock_complex.pdb,ok,rdkit_best_rms,0.8161834918394528,27.0,27.0,27.0,1.0,SU0|A|263,UNL|L|1,
3ML2,SU0,boltz_cif,crystal_pocket,3ML2_crystal_pocket_model_0|idx_0,output/boltz_results_boltz_inputs/predictions/3ML2_crystal_pocket/3ML2_crystal_pocket_model_0.cif,ok,rdkit_best_rms,2.0695517217885575,27.0,27.0,27.0,1.0,SU0|A|263,LIG1|SU0|1,
3ML2,SU0,boltz_cif,default,3ML2_default_model_0|idx_0,output/boltz_results_boltz_inputs/predictions/3ML2_default/3ML2_default_model_0.cif,ok,rdkit_best_rms,2.1036001981622316,27.0,27.0,27.0,1.0,SU0|A|263,LIG1|SU0|1,
3ML2,SU0,boltz_cif,diffdock_pocket,3ML2_diffdock_pocket_model_0|idx_0,output/boltz_results_boltz_inputs/predictions/3ML2_diffdock_pocket/3ML2_diffdock_pocket_model_0.cif,ok,rdkit_best_rms,2.0541760276526926,27.0,27.0,27.0,1.0,SU0|A|263,LIG1|SU0|1,
3MMF,D9H,diffdock_sdf,diffdock,rank1|idx_1,output/diffdock_workflow/poses/3MMF/complex_0/rank1.sdf,ok_low_coverage,atom_name,2.2156487078493727,22.0,22.0,12.0,0.5454545454545454,D9H|A|263,SDF|LIG|1,No sub-structure match found between the reference and probe mol
3MMF,D9H,diffdock_sdf,diffdock,rank1_confidence-0.00|idx_1,output/diffdock_workflow/poses/3MMF/complex_0/rank1_confidence-0.00.sdf,ok_low_coverage,atom_name,2.2156487078493727,22.0,22.0,12.0,0.5454545454545454,D9H|A|263,SDF|LIG|1,No sub-structure match found between the reference and probe mol
3MMF,D9H,diffdock_sdf,diffdock,rank2_confidence-0.14|idx_2,output/diffdock_workflow/poses/3MMF/complex_0/rank2_confidence-0.14.sdf,ok_low_coverage,atom_name,2.1347407917670886,22.0,22.0,12.0,0.5454545454545454,D9H|A|263,SDF|LIG|1,No sub-structure match found between the reference and probe mol
3MMF,D9H,diffdock_sdf,diffdock,rank3_confidence-0.22|idx_3,output/diffdock_workflow/poses/3MMF/complex_0/rank3_confidence-0.22.sdf,ok_low_coverage,atom_name,2.1606797860578006,22.0,22.0,12.0,0.5454545454545454,D9H|A|263,SDF|LIG|1,No sub-structure match found between the reference and probe mol
3MMF,D9H,diffdock_sdf,diffdock,rank4_confidence-0.24|idx_4,output/diffdock_workflow/poses/3MMF/complex_0/rank4_confidence-0.24.sdf,ok_low_coverage,atom_name,2.148543068924062,22.0,22.0,12.0,0.5454545454545454,D9H|A|263,SDF|LIG|1,No sub-structure match found between the reference and probe mol
3MMF,D9H,diffdock_complex_pdb,diffdock,3MMF_diffdock_complex,output/diffdock_workflow/complexes/3MMF_diffdock_complex.pdb,ok,rdkit_best_rms,0.9350759342426761,22.0,22.0,22.0,1.0,D9H|A|263,UNL|L|1,
3MMF,D9H,boltz_cif,crystal_pocket,3MMF_crystal_pocket_model_0|idx_0,output/boltz_results_boltz_inputs/predictions/3MMF_crystal_pocket/3MMF_crystal_pocket_model_0.cif,ok,rdkit_best_rms,0.9596719888084974,22.0,22.0,22.0,1.0,D9H|A|263,LIG1|D9H|1,
3MMF,D9H,boltz_cif,default,3MMF_default_model_0|idx_0,output/boltz_results_boltz_inputs/predictions/3MMF_default/3MMF_default_model_0.cif,ok,rdkit_best_rms,0.4302257002427035,22.0,22.0,22.0,1.0,D9H|A|263,LIG1|D9H|1,
3MMF,D9H,boltz_cif,diffdock_pocket,3MMF_diffdock_pocket_model_0|idx_0,output/boltz_results_boltz_inputs/predictions/3MMF_diffdock_pocket/3MMF_diffdock_pocket_model_0.cif,ok,rdkit_best_rms,0.655968149253975,22.0,22.0,22.0,1.0,D9H|A|263,LIG1|D9H|1,
3MNA,DWH,diffdock_sdf,diffdock,rank1|idx_1,output/diffdock_workflow/poses/3MNA/complex_0/rank1.sdf,ok_low_coverage,atom_name,4.527566746087005,24.0,24.0,10.0,0.4166666666666667,DWH|A|263,SDF|LIG|1,No sub-structure match found between the reference and probe mol
3MNA,DWH,diffdock_sdf,diffdock,rank1_confidence-0.22|idx_1,output/diffdock_workflow/poses/3MNA/complex_0/rank1_confidence-0.22.sdf,ok_low_coverage,atom_name,4.527566746087005,24.0,24.0,10.0,0.4166666666666667,DWH|A|263,SDF|LIG|1,No sub-structure match found between the reference and probe mol
3MNA,DWH,diffdock_sdf,diffdock,rank2_confidence-0.36|idx_2,output/diffdock_workflow/poses/3MNA/complex_0/rank2_confidence-0.36.sdf,ok_low_coverage,atom_name,4.135586113769672,24.0,24.0,10.0,0.4166666666666667,DWH|A|263,SDF|LIG|1,No sub-structure match found between the reference and probe mol
3MNA,DWH,diffdock_sdf,diffdock,rank3_confidence-0.50|idx_3,output/diffdock_workflow/poses/3MNA/complex_0/rank3_confidence-0.50.sdf,ok_low_coverage,atom_name,7.058370084715483,24.0,24.0,10.0,0.4166666666666667,DWH|A|263,SDF|LIG|1,No sub-structure match found between the reference and probe mol
3MNA,DWH,diffdock_sdf,diffdock,rank4_confidence-0.94|idx_4,output/diffdock_workflow/poses/3MNA/complex_0/rank4_confidence-0.94.sdf,ok_low_coverage,atom_name,3.2499831007992928,24.0,24.0,10.0,0.4166666666666667,DWH|A|263,SDF|LIG|1,No sub-structure match found between the reference and probe mol
3MNA,DWH,diffdock_complex_pdb,diffdock,3MNA_diffdock_complex,output/diffdock_workflow/complexes/3MNA_diffdock_complex.pdb,ok,rdkit_best_rms,1.2455636366094485,24.0,24.0,24.0,1.0,DWH|A|263,UNL|L|1,
3MNA,DWH,boltz_cif,crystal_pocket,3MNA_crystal_pocket_model_0|idx_0,output/boltz_results_boltz_inputs/predictions/3MNA_crystal_pocket/3MNA_crystal_pocket_model_0.cif,ok,rdkit_best_rms,0.7714462264638626,24.0,24.0,24.0,1.0,DWH|A|263,LIG1|DWH|1,
3MNA,DWH,boltz_cif,default,3MNA_default_model_0|idx_0,output/boltz_results_boltz_inputs/predictions/3MNA_default/3MNA_default_model_0.cif,ok,rdkit_best_rms,1.0089285618296269,24.0,24.0,24.0,1.0,DWH|A|263,LIG1|DWH|1,
3MNA,DWH,boltz_cif,diffdock_pocket,3MNA_diffdock_pocket_model_0|idx_0,output/boltz_results_boltz_inputs/predictions/3MNA_diffdock_pocket/3MNA_diffdock_pocket_model_0.cif,ok,rdkit_best_rms,0.5346512509556658,24.0,24.0,24.0,1.0,DWH|A|263,LIG1|DWH|1,
3MZC,S6I,diffdock_sdf,diffdock,rank1|idx_1,output/diffdock_workflow/poses/3MZC/complex_0/rank1.sdf,ok_low_coverage,atom_name,2.0763179681427424,19.0,19.0,12.0,0.631578947368421,S6I|A|263,SDF|LIG|1,No sub-structure match found between the reference and probe mol
3MZC,S6I,diffdock_sdf,diffdock,rank1_confidence0.98|idx_1,output/diffdock_workflow/poses/3MZC/complex_0/rank1_confidence0.98.sdf,ok_low_coverage,atom_name,2.0763179681427424,19.0,19.0,12.0,0.631578947368421,S6I|A|263,SDF|LIG|1,No sub-structure match found between the reference and probe mol
3MZC,S6I,diffdock_sdf,diffdock,rank2_confidence0.95|idx_2,output/diffdock_workflow/poses/3MZC/complex_0/rank2_confidence0.95.sdf,ok_low_coverage,atom_name,1.8618917956728482,19.0,19.0,12.0,0.631578947368421,S6I|A|263,SDF|LIG|1,No sub-structure match found between the reference and probe mol
3MZC,S6I,diffdock_sdf,diffdock,rank3_confidence0.93|idx_3,output/diffdock_workflow/poses/3MZC/complex_0/rank3_confidence0.93.sdf,ok_low_coverage,atom_name,2.0378894471770472,19.0,19.0,12.0,0.631578947368421,S6I|A|263,SDF|LIG|1,No sub-structure match found between the reference and probe mol
3MZC,S6I,diffdock_sdf,diffdock,rank4_confidence0.90|idx_4,output/diffdock_workflow/poses/3MZC/complex_0/rank4_confidence0.90.sdf,ok_low_coverage,atom_name,2.05734589882914,19.0,19.0,12.0,0.631578947368421,S6I|A|263,SDF|LIG|1,No sub-structure match found between the reference and probe mol
3MZC,S6I,diffdock_complex_pdb,diffdock,3MZC_diffdock_complex,output/diffdock_workflow/complexes/3MZC_diffdock_complex.pdb,ok,rdkit_best_rms,0.2727216138869699,19.0,19.0,19.0,1.0,S6I|A|263,UNL|L|1,
3MZC,S6I,boltz_cif,crystal_pocket,3MZC_crystal_pocket_model_0|idx_0,output/boltz_results_boltz_inputs/predictions/3MZC_crystal_pocket/3MZC_crystal_pocket_model_0.cif,ok,rdkit_best_rms,1.236527956678696,19.0,19.0,19.0,1.0,S6I|A|263,LIG1|S6I|1,
3MZC,S6I,boltz_cif,default,3MZC_default_model_0|idx_0,output/boltz_results_boltz_inputs/predictions/3MZC_default/3MZC_default_model_0.cif,ok,rdkit_best_rms,0.9892409157342266,19.0,19.0,19.0,1.0,S6I|A|263,LIG1|S6I|1,
3MZC,S6I,boltz_cif,diffdock_pocket,3MZC_diffdock_pocket_model_0|idx_0,output/boltz_results_boltz_inputs/predictions/3MZC_diffdock_pocket/3MZC_diffdock_pocket_model_0.cif,ok,rdkit_best_rms,1.1736046134187998,19.0,19.0,19.0,1.0,S6I|A|263,LIG1|S6I|1,
3N0N,P9B,diffdock_sdf,diffdock,rank1|idx_1,output/diffdock_workflow/poses/3N0N/complex_0/rank1.sdf,ok_low_coverage,atom_name,2.8891084228179884,50.0,25.0,13.0,0.52,P9B|A|263,SDF|LIG|1,No sub-structure match found between the reference and probe mol
3N0N,P9B,diffdock_sdf,diffdock,rank1_confidence0.42|idx_1,output/diffdock_workflow/poses/3N0N/complex_0/rank1_confidence0.42.sdf,ok_low_coverage,atom_name,2.8891084228179884,50.0,25.0,13.0,0.52,P9B|A|263,SDF|LIG|1,No sub-structure match found between the reference and probe mol
3N0N,P9B,diffdock_sdf,diffdock,rank2_confidence0.40|idx_2,output/diffdock_workflow/poses/3N0N/complex_0/rank2_confidence0.40.sdf,ok_low_coverage,atom_name,2.972496630081445,50.0,25.0,13.0,0.52,P9B|A|263,SDF|LIG|1,No sub-structure match found between the reference and probe mol
3N0N,P9B,diffdock_sdf,diffdock,rank3_confidence0.38|idx_3,output/diffdock_workflow/poses/3N0N/complex_0/rank3_confidence0.38.sdf,ok_low_coverage,atom_name,3.3540608949134945,50.0,25.0,13.0,0.52,P9B|A|263,SDF|LIG|1,No sub-structure match found between the reference and probe mol
3N0N,P9B,diffdock_sdf,diffdock,rank4_confidence0.38|idx_4,output/diffdock_workflow/poses/3N0N/complex_0/rank4_confidence0.38.sdf,ok_low_coverage,atom_name,2.9688533569402438,50.0,25.0,13.0,0.52,P9B|A|263,SDF|LIG|1,No sub-structure match found between the reference and probe mol
3N0N,P9B,diffdock_complex_pdb,diffdock,3N0N_diffdock_complex,output/diffdock_workflow/complexes/3N0N_diffdock_complex.pdb,ok,rdkit_best_rms,0.22194479219052649,50.0,25.0,25.0,1.0,P9B|A|263,UNL|L|1,
3N0N,P9B,boltz_cif,crystal_pocket,3N0N_crystal_pocket_model_0|idx_0,output/boltz_results_boltz_inputs/predictions/3N0N_crystal_pocket/3N0N_crystal_pocket_model_0.cif,ok,rdkit_best_rms,1.5963573545124528,50.0,25.0,25.0,1.0,P9B|A|263,LIG1|P9B|1,
3N0N,P9B,boltz_cif,default,3N0N_default_model_0|idx_0,output/boltz_results_boltz_inputs/predictions/3N0N_default/3N0N_default_model_0.cif,ok,rdkit_best_rms,1.609558744288868,50.0,25.0,25.0,1.0,P9B|A|263,LIG1|P9B|1,
3N0N,P9B,boltz_cif,diffdock_pocket,3N0N_diffdock_pocket_model_0|idx_0,output/boltz_results_boltz_inputs/predictions/3N0N_diffdock_pocket/3N0N_diffdock_pocket_model_0.cif,ok,rdkit_best_rms,1.531664465382282,50.0,25.0,25.0,1.0,P9B|A|263,LIG1|P9B|1,
3N3J,WWV,diffdock_sdf,diffdock,rank1|idx_1,output/diffdock_workflow/poses/3N3J/complex_0/rank1.sdf,ok_low_coverage,atom_name,2.3503667253258484,23.0,23.0,13.0,0.5652173913043478,WWV|A|263,SDF|LIG|1,No sub-structure match found between the reference and probe mol
3N3J,WWV,diffdock_sdf,diffdock,rank1_confidence0.35|idx_1,output/diffdock_workflow/poses/3N3J/complex_0/rank1_confidence0.35.sdf,ok_low_coverage,atom_name,2.3503667253258484,23.0,23.0,13.0,0.5652173913043478,WWV|A|263,SDF|LIG|1,No sub-structure match found between the reference and probe mol
3N3J,WWV,diffdock_sdf,diffdock,rank2_confidence0.33|idx_2,output/diffdock_workflow/poses/3N3J/complex_0/rank2_confidence0.33.sdf,ok_low_coverage,atom_name,2.3752592726415545,23.0,23.0,13.0,0.5652173913043478,WWV|A|263,SDF|LIG|1,No sub-structure match found between the reference and probe mol
3N3J,WWV,diffdock_sdf,diffdock,rank3_confidence0.29|idx_3,output/diffdock_workflow/poses/3N3J/complex_0/rank3_confidence0.29.sdf,ok_low_coverage,atom_name,2.3978171341665893,23.0,23.0,13.0,0.5652173913043478,WWV|A|263,SDF|LIG|1,No sub-structure match found between the reference and probe mol
3N3J,WWV,diffdock_sdf,diffdock,rank4_confidence0.28|idx_4,output/diffdock_workflow/poses/3N3J/complex_0/rank4_confidence0.28.sdf,ok_low_coverage,atom_name,2.352023395498717,23.0,23.0,13.0,0.5652173913043478,WWV|A|263,SDF|LIG|1,No sub-structure match found between the reference and probe mol
3N3J,WWV,diffdock_complex_pdb,diffdock,3N3J_diffdock_complex,output/diffdock_workflow/complexes/3N3J_diffdock_complex.pdb,ok,rdkit_best_rms,0.3063613752437657,23.0,23.0,23.0,1.0,WWV|A|263,UNL|L|1,
3N3J,WWV,boltz_cif,crystal_pocket,3N3J_crystal_pocket_model_0|idx_0,output/boltz_results_boltz_inputs/predictions/3N3J_crystal_pocket/3N3J_crystal_pocket_model_0.cif,ok,rdkit_best_rms,1.2201998704483195,23.0,23.0,23.0,1.0,WWV|A|263,LIG1|WWV|1,
3N3J,WWV,boltz_cif,default,3N3J_default_model_0|idx_0,output/boltz_results_boltz_inputs/predictions/3N3J_default/3N3J_default_model_0.cif,ok,rdkit_best_rms,0.3464585552435793,23.0,23.0,23.0,1.0,WWV|A|263,LIG1|WWV|1,
3N3J,WWV,boltz_cif,diffdock_pocket,3N3J_diffdock_pocket_model_0|idx_0,output/boltz_results_boltz_inputs/predictions/3N3J_diffdock_pocket/3N3J_diffdock_pocket_model_0.cif,ok,rdkit_best_rms,1.0734088863188054,23.0,23.0,23.0,1.0,WWV|A|263,LIG1|WWV|1,
3N4B,WWZ,diffdock_sdf,diffdock,rank1|idx_1,output/diffdock_workflow/poses/3N4B/complex_0/rank1.sdf,ok_low_coverage,atom_name,1.9725633112101675,21.0,21.0,13.0,0.6190476190476191,WWZ|A|263,SDF|LIG|1,No sub-structure match found between the reference and probe mol
3N4B,WWZ,diffdock_sdf,diffdock,rank1_confidence0.82|idx_1,output/diffdock_workflow/poses/3N4B/complex_0/rank1_confidence0.82.sdf,ok_low_coverage,atom_name,1.9725633112101675,21.0,21.0,13.0,0.6190476190476191,WWZ|A|263,SDF|LIG|1,No sub-structure match found between the reference and probe mol
3N4B,WWZ,diffdock_sdf,diffdock,rank2_confidence0.81|idx_2,output/diffdock_workflow/poses/3N4B/complex_0/rank2_confidence0.81.sdf,ok_low_coverage,atom_name,1.8624377751411798,21.0,21.0,13.0,0.6190476190476191,WWZ|A|263,SDF|LIG|1,No sub-structure match found between the reference and probe mol
3N4B,WWZ,diffdock_sdf,diffdock,rank3_confidence0.81|idx_3,output/diffdock_workflow/poses/3N4B/complex_0/rank3_confidence0.81.sdf,ok_low_coverage,atom_name,1.9612018459488365,21.0,21.0,13.0,0.6190476190476191,WWZ|A|263,SDF|LIG|1,No sub-structure match found between the reference and probe mol
3N4B,WWZ,diffdock_sdf,diffdock,rank4_confidence0.77|idx_4,output/diffdock_workflow/poses/3N4B/complex_0/rank4_confidence0.77.sdf,ok_low_coverage,atom_name,1.9656170557509278,21.0,21.0,13.0,0.6190476190476191,WWZ|A|263,SDF|LIG|1,No sub-structure match found between the reference and probe mol
3N4B,WWZ,diffdock_complex_pdb,diffdock,3N4B_diffdock_complex,output/diffdock_workflow/complexes/3N4B_diffdock_complex.pdb,ok,rdkit_best_rms,0.18836451738026794,21.0,21.0,21.0,1.0,WWZ|A|263,UNL|L|1,
3N4B,WWZ,boltz_cif,crystal_pocket,3N4B_crystal_pocket_model_0|idx_0,output/boltz_results_boltz_inputs/predictions/3N4B_crystal_pocket/3N4B_crystal_pocket_model_0.cif,ok,rdkit_best_rms,1.0678723071179295,21.0,21.0,21.0,1.0,WWZ|A|263,LIG1|WWZ|1,
3N4B,WWZ,boltz_cif,default,3N4B_default_model_0|idx_0,output/boltz_results_boltz_inputs/predictions/3N4B_default/3N4B_default_model_0.cif,ok,rdkit_best_rms,1.1148966302843344,21.0,21.0,21.0,1.0,WWZ|A|263,LIG1|WWZ|1,
3N4B,WWZ,boltz_cif,diffdock_pocket,3N4B_diffdock_pocket_model_0|idx_0,output/boltz_results_boltz_inputs/predictions/3N4B_diffdock_pocket/3N4B_diffdock_pocket_model_0.cif,ok,rdkit_best_rms,1.0671295852549898,21.0,21.0,21.0,1.0,WWZ|A|263,LIG1|WWZ|1,
3NB5,R21,diffdock_sdf,diffdock,rank1|idx_1,output/diffdock_workflow/poses/3NB5/complex_0/rank1.sdf,ok,element_sorted_fallback,2.5635858729759553,24.0,24.0,24.0,1.0,R21|A|300,SDF|LIG|1,No sub-structure match found between the reference and probe mol
3NB5,R21,diffdock_sdf,diffdock,rank1_confidence-0.08|idx_1,output/diffdock_workflow/poses/3NB5/complex_0/rank1_confidence-0.08.sdf,ok,element_sorted_fallback,2.5635858729759553,24.0,24.0,24.0,1.0,R21|A|300,SDF|LIG|1,No sub-structure match found between the reference and probe mol
3NB5,R21,diffdock_sdf,diffdock,rank2_confidence-0.10|idx_2,output/diffdock_workflow/poses/3NB5/complex_0/rank2_confidence-0.10.sdf,ok,element_sorted_fallback,2.920725229127312,24.0,24.0,24.0,1.0,R21|A|300,SDF|LIG|1,No sub-structure match found between the reference and probe mol
3NB5,R21,diffdock_sdf,diffdock,rank3_confidence-0.11|idx_3,output/diffdock_workflow/poses/3NB5/complex_0/rank3_confidence-0.11.sdf,ok,element_sorted_fallback,2.5219538448617667,24.0,24.0,24.0,1.0,R21|A|300,SDF|LIG|1,No sub-structure match found between the reference and probe mol
3NB5,R21,diffdock_sdf,diffdock,rank4_confidence-0.12|idx_4,output/diffdock_workflow/poses/3NB5/complex_0/rank4_confidence-0.12.sdf,ok,element_sorted_fallback,3.4361125376406805,24.0,24.0,24.0,1.0,R21|A|300,SDF|LIG|1,No sub-structure match found between the reference and probe mol
3NB5,R21,diffdock_complex_pdb,diffdock,3NB5_diffdock_complex,output/diffdock_workflow/complexes/3NB5_diffdock_complex.pdb,ok,rdkit_best_rms,0.5790133974117598,24.0,24.0,24.0,1.0,R21|A|300,UNL|L|1,
3NB5,R21,boltz_cif,crystal_pocket,3NB5_crystal_pocket_model_0|idx_0,output/boltz_results_boltz_inputs/predictions/3NB5_crystal_pocket/3NB5_crystal_pocket_model_0.cif,ok,rdkit_best_rms,1.1951752016585853,24.0,24.0,24.0,1.0,R21|A|300,LIG1|R21|1,
3NB5,R21,boltz_cif,default,3NB5_default_model_0|idx_0,output/boltz_results_boltz_inputs/predictions/3NB5_default/3NB5_default_model_0.cif,ok,rdkit_best_rms,0.76310374121922,24.0,24.0,24.0,1.0,R21|A|300,LIG1|R21|1,
3NB5,R21,boltz_cif,diffdock_pocket,3NB5_diffdock_pocket_model_0|idx_0,output/boltz_results_boltz_inputs/predictions/3NB5_diffdock_pocket/3NB5_diffdock_pocket_model_0.cif,ok,rdkit_best_rms,1.7594606735633498,24.0,24.0,24.0,1.0,R21|A|300,LIG1|R21|1,
3NI5,C1H,diffdock_sdf,diffdock,rank1|idx_1,output/diffdock_workflow/poses/3NI5/complex_0/rank1.sdf,ok,element_sorted_fallback,3.953980570867269,30.0,30.0,30.0,1.0,C1H|A|264,SDF|LIG|1,No sub-structure match found between the reference and probe mol
3NI5,C1H,diffdock_sdf,diffdock,rank1_confidence-0.92|idx_1,output/diffdock_workflow/poses/3NI5/complex_0/rank1_confidence-0.92.sdf,ok,element_sorted_fallback,3.953980570867269,30.0,30.0,30.0,1.0,C1H|A|264,SDF|LIG|1,No sub-structure match found between the reference and probe mol
3NI5,C1H,diffdock_sdf,diffdock,rank2_confidence-0.92|idx_2,output/diffdock_workflow/poses/3NI5/complex_0/rank2_confidence-0.92.sdf,ok,element_sorted_fallback,3.159826509353986,30.0,30.0,30.0,1.0,C1H|A|264,SDF|LIG|1,No sub-structure match found between the reference and probe mol
3NI5,C1H,diffdock_sdf,diffdock,rank3_confidence-0.97|idx_3,output/diffdock_workflow/poses/3NI5/complex_0/rank3_confidence-0.97.sdf,ok,element_sorted_fallback,3.1996809128105514,30.0,30.0,30.0,1.0,C1H|A|264,SDF|LIG|1,No sub-structure match found between the reference and probe mol
3NI5,C1H,diffdock_sdf,diffdock,rank4_confidence-1.13|idx_4,output/diffdock_workflow/poses/3NI5/complex_0/rank4_confidence-1.13.sdf,ok,element_sorted_fallback,3.5335218937643953,30.0,30.0,30.0,1.0,C1H|A|264,SDF|LIG|1,No sub-structure match found between the reference and probe mol
3NI5,C1H,diffdock_complex_pdb,diffdock,3NI5_diffdock_complex,output/diffdock_workflow/complexes/3NI5_diffdock_complex.pdb,ok,element_sorted_fallback,3.953821127989485,30.0,30.0,30.0,1.0,C1H|A|264,UNL|L|1,No sub-structure match found between the reference and probe mol
3NI5,C1H,boltz_cif,crystal_pocket,3NI5_crystal_pocket_model_0|idx_0,output/boltz_results_boltz_inputs/predictions/3NI5_crystal_pocket/3NI5_crystal_pocket_model_0.cif,ok,rdkit_best_rms,1.486054458431167,30.0,30.0,30.0,1.0,C1H|A|264,LIG1|C1H|1,
3NI5,C1H,boltz_cif,default,3NI5_default_model_0|idx_0,output/boltz_results_boltz_inputs/predictions/3NI5_default/3NI5_default_model_0.cif,ok,rdkit_best_rms,2.031877421570958,30.0,30.0,30.0,1.0,C1H|A|264,LIG1|C1H|1,
3NI5,C1H,boltz_cif,diffdock_pocket,3NI5_diffdock_pocket_model_0|idx_0,output/boltz_results_boltz_inputs/predictions/3NI5_diffdock_pocket/3NI5_diffdock_pocket_model_0.cif,ok,rdkit_best_rms,1.514920737173676,30.0,30.0,30.0,1.0,C1H|A|264,LIG1|C1H|1,
3OY0,OY0,diffdock_sdf,diffdock,rank1|idx_1,output/diffdock_workflow/poses/3OY0/complex_0/rank1.sdf,ok,element_sorted_fallback,2.9409256664558674,21.0,21.0,21.0,1.0,OY0|A|263,SDF|LIG|1,No sub-structure match found between the reference and probe mol
3OY0,OY0,diffdock_sdf,diffdock,rank1_confidence0.06|idx_1,output/diffdock_workflow/poses/3OY0/complex_0/rank1_confidence0.06.sdf,ok,element_sorted_fallback,2.9409256664558674,21.0,21.0,21.0,1.0,OY0|A|263,SDF|LIG|1,No sub-structure match found between the reference and probe mol
3OY0,OY0,diffdock_sdf,diffdock,rank2_confidence0.01|idx_2,output/diffdock_workflow/poses/3OY0/complex_0/rank2_confidence0.01.sdf,ok,element_sorted_fallback,2.670511813154575,21.0,21.0,21.0,1.0,OY0|A|263,SDF|LIG|1,No sub-structure match found between the reference and probe mol
3OY0,OY0,diffdock_sdf,diffdock,rank3_confidence0.01|idx_3,output/diffdock_workflow/poses/3OY0/complex_0/rank3_confidence0.01.sdf,ok,element_sorted_fallback,2.3690640677883232,21.0,21.0,21.0,1.0,OY0|A|263,SDF|LIG|1,No sub-structure match found between the reference and probe mol
3OY0,OY0,diffdock_sdf,diffdock,rank4_confidence-0.05|idx_4,output/diffdock_workflow/poses/3OY0/complex_0/rank4_confidence-0.05.sdf,ok,element_sorted_fallback,2.1533915982345793,21.0,21.0,21.0,1.0,OY0|A|263,SDF|LIG|1,No sub-structure match found between the reference and probe mol
3OY0,OY0,diffdock_complex_pdb,diffdock,3OY0_diffdock_complex,output/diffdock_workflow/complexes/3OY0_diffdock_complex.pdb,ok,rdkit_best_rms,1.0858705673396094,21.0,21.0,21.0,1.0,OY0|A|263,UNL|L|1,
3OY0,OY0,boltz_cif,crystal_pocket,3OY0_crystal_pocket_model_0|idx_0,output/boltz_results_boltz_inputs/predictions/3OY0_crystal_pocket/3OY0_crystal_pocket_model_0.cif,ok,rdkit_best_rms,0.6072228710916376,21.0,21.0,21.0,1.0,OY0|A|263,LIG1|OY0|1,
3OY0,OY0,boltz_cif,default,3OY0_default_model_0|idx_0,output/boltz_results_boltz_inputs/predictions/3OY0_default/3OY0_default_model_0.cif,ok,rdkit_best_rms,0.8791002084137777,21.0,21.0,21.0,1.0,OY0|A|263,LIG1|OY0|1,
3OY0,OY0,boltz_cif,diffdock_pocket,3OY0_diffdock_pocket_model_0|idx_0,output/boltz_results_boltz_inputs/predictions/3OY0_diffdock_pocket/3OY0_diffdock_pocket_model_0.cif,ok,rdkit_best_rms,0.5532542576549652,21.0,21.0,21.0,1.0,OY0|A|263,LIG1|OY0|1,
3OYS,OYS,diffdock_sdf,diffdock,rank1|idx_1,output/diffdock_workflow/poses/3OYS/complex_0/rank1.sdf,ok,element_sorted_fallback,1.5604625577201698,20.0,20.0,20.0,1.0,OYS|A|263,SDF|LIG|1,No sub-structure match found between the reference and probe mol
3OYS,OYS,diffdock_sdf,diffdock,rank1_confidence0.72|idx_1,output/diffdock_workflow/poses/3OYS/complex_0/rank1_confidence0.72.sdf,ok,element_sorted_fallback,1.5604625577201698,20.0,20.0,20.0,1.0,OYS|A|263,SDF|LIG|1,No sub-structure match found between the reference and probe mol
3OYS,OYS,diffdock_sdf,diffdock,rank2_confidence0.67|idx_2,output/diffdock_workflow/poses/3OYS/complex_0/rank2_confidence0.67.sdf,ok,element_sorted_fallback,1.8919710114557937,20.0,20.0,20.0,1.0,OYS|A|263,SDF|LIG|1,No sub-structure match found between the reference and probe mol
3OYS,OYS,diffdock_sdf,diffdock,rank3_confidence0.67|idx_3,output/diffdock_workflow/poses/3OYS/complex_0/rank3_confidence0.67.sdf,ok,element_sorted_fallback,1.5479635376536756,20.0,20.0,20.0,1.0,OYS|A|263,SDF|LIG|1,No sub-structure match found between the reference and probe mol
3OYS,OYS,diffdock_sdf,diffdock,rank4_confidence0.67|idx_4,output/diffdock_workflow/poses/3OYS/complex_0/rank4_confidence0.67.sdf,ok,element_sorted_fallback,1.1291826960301694,20.0,20.0,20.0,1.0,OYS|A|263,SDF|LIG|1,No sub-structure match found between the reference and probe mol
3OYS,OYS,diffdock_complex_pdb,diffdock,3OYS_diffdock_complex,output/diffdock_workflow/complexes/3OYS_diffdock_complex.pdb,ok,rdkit_best_rms,0.19911399194430712,20.0,20.0,20.0,1.0,OYS|A|263,UNL|L|1,
3OYS,OYS,boltz_cif,crystal_pocket,3OYS_crystal_pocket_model_0|idx_0,output/boltz_results_boltz_inputs/predictions/3OYS_crystal_pocket/3OYS_crystal_pocket_model_0.cif,ok,rdkit_best_rms,0.08578558322044767,20.0,20.0,20.0,1.0,OYS|A|263,LIG1|OYS|1,
3OYS,OYS,boltz_cif,default,3OYS_default_model_0|idx_0,output/boltz_results_boltz_inputs/predictions/3OYS_default/3OYS_default_model_0.cif,ok,rdkit_best_rms,0.07311260718782278,20.0,20.0,20.0,1.0,OYS|A|263,LIG1|OYS|1,
3OYS,OYS,boltz_cif,diffdock_pocket,3OYS_diffdock_pocket_model_0|idx_0,output/boltz_results_boltz_inputs/predictions/3OYS_diffdock_pocket/3OYS_diffdock_pocket_model_0.cif,ok,rdkit_best_rms,0.09119529818358878,20.0,20.0,20.0,1.0,OYS|A|263,LIG1|OYS|1,
3P4V,PMX,diffdock_sdf,diffdock,rank1|idx_1,output/diffdock_workflow/poses/3P4V/complex_0/rank1.sdf,failed,,,27.0,,,,PMX|A|300,,No reliable mapping: atom names differ and atom count differs.
3P4V,PMX,diffdock_sdf,diffdock,rank1_confidence-0.47|idx_1,output/diffdock_workflow/poses/3P4V/complex_0/rank1_confidence-0.47.sdf,failed,,,27.0,,,,PMX|A|300,,No reliable mapping: atom names differ and atom count differs.
3P4V,PMX,diffdock_sdf,diffdock,rank2_confidence-0.74|idx_2,output/diffdock_workflow/poses/3P4V/complex_0/rank2_confidence-0.74.sdf,failed,,,27.0,,,,PMX|A|300,,No reliable mapping: atom names differ and atom count differs.
3P4V,PMX,diffdock_sdf,diffdock,rank3_confidence-0.83|idx_3,output/diffdock_workflow/poses/3P4V/complex_0/rank3_confidence-0.83.sdf,failed,,,27.0,,,,PMX|A|300,,No reliable mapping: atom names differ and atom count differs.
3P4V,PMX,diffdock_sdf,diffdock,rank4_confidence-0.84|idx_4,output/diffdock_workflow/poses/3P4V/complex_0/rank4_confidence-0.84.sdf,failed,,,27.0,,,,PMX|A|300,,No reliable mapping: atom names differ and atom count differs.
3P4V,PMX,diffdock_complex_pdb,diffdock,3P4V_diffdock_complex,output/diffdock_workflow/complexes/3P4V_diffdock_complex.pdb,ok,rdkit_best_rms,1.6040248170829952,27.0,22.0,22.0,1.0,PMX|A|300,UNL|L|1,
3P4V,PMX,boltz_cif,crystal_pocket,3P4V_crystal_pocket_model_0|idx_0,output/boltz_results_boltz_inputs/predictions/3P4V_crystal_pocket/3P4V_crystal_pocket_model_0.cif,ok,rdkit_best_rms,1.9280623803543628,27.0,22.0,22.0,1.0,PMX|A|300,LIG1|PMX|1,
3P4V,PMX,boltz_cif,default,3P4V_default_model_0|idx_0,output/boltz_results_boltz_inputs/predictions/3P4V_default/3P4V_default_model_0.cif,ok,rdkit_best_rms,2.0801684362824844,27.0,22.0,22.0,1.0,PMX|A|300,LIG1|PMX|1,
3P4V,PMX,boltz_cif,diffdock_pocket,3P4V_diffdock_pocket_model_0|idx_0,output/boltz_results_boltz_inputs/predictions/3P4V_diffdock_pocket/3P4V_diffdock_pocket_model_0.cif,ok,rdkit_best_rms,2.1137521453125427,27.0,22.0,22.0,1.0,PMX|A|300,LIG1|PMX|1,
3QYK,IE2,diffdock_sdf,diffdock,rank1|idx_1,output/diffdock_workflow/poses/3QYK/complex_0/rank1.sdf,ok,element_sorted_fallback,4.539201884837236,24.0,24.0,24.0,1.0,IE2|A|263,SDF|LIG|1,No sub-structure match found between the reference and probe mol
3QYK,IE2,diffdock_sdf,diffdock,rank1_confidence-0.54|idx_1,output/diffdock_workflow/poses/3QYK/complex_0/rank1_confidence-0.54.sdf,ok,element_sorted_fallback,4.539201884837236,24.0,24.0,24.0,1.0,IE2|A|263,SDF|LIG|1,No sub-structure match found between the reference and probe mol
3QYK,IE2,diffdock_sdf,diffdock,rank2_confidence-0.55|idx_2,output/diffdock_workflow/poses/3QYK/complex_0/rank2_confidence-0.55.sdf,ok,element_sorted_fallback,4.563955846569196,24.0,24.0,24.0,1.0,IE2|A|263,SDF|LIG|1,No sub-structure match found between the reference and probe mol
3QYK,IE2,diffdock_sdf,diffdock,rank3_confidence-0.56|idx_3,output/diffdock_workflow/poses/3QYK/complex_0/rank3_confidence-0.56.sdf,ok,element_sorted_fallback,3.712142391937594,24.0,24.0,24.0,1.0,IE2|A|263,SDF|LIG|1,No sub-structure match found between the reference and probe mol
3QYK,IE2,diffdock_sdf,diffdock,rank4_confidence-0.57|idx_4,output/diffdock_workflow/poses/3QYK/complex_0/rank4_confidence-0.57.sdf,ok,element_sorted_fallback,4.5765216221974825,24.0,24.0,24.0,1.0,IE2|A|263,SDF|LIG|1,No sub-structure match found between the reference and probe mol
3QYK,IE2,diffdock_complex_pdb,diffdock,3QYK_diffdock_complex,output/diffdock_workflow/complexes/3QYK_diffdock_complex.pdb,ok,rdkit_best_rms,1.057461350932482,24.0,24.0,24.0,1.0,IE2|A|263,UNL|L|1,
3QYK,IE2,boltz_cif,crystal_pocket,3QYK_crystal_pocket_model_0|idx_0,output/boltz_results_boltz_inputs/predictions/3QYK_crystal_pocket/3QYK_crystal_pocket_model_0.cif,ok,rdkit_best_rms,0.9579916087123794,24.0,24.0,24.0,1.0,IE2|A|263,LIG1|IE2|1,
3QYK,IE2,boltz_cif,default,3QYK_default_model_0|idx_0,output/boltz_results_boltz_inputs/predictions/3QYK_default/3QYK_default_model_0.cif,ok,rdkit_best_rms,0.9941256268527519,24.0,24.0,24.0,1.0,IE2|A|263,LIG1|IE2|1,
3QYK,IE2,boltz_cif,diffdock_pocket,3QYK_diffdock_pocket_model_0|idx_0,output/boltz_results_boltz_inputs/predictions/3QYK_diffdock_pocket/3QYK_diffdock_pocket_model_0.cif,ok,rdkit_best_rms,1.125799263351118,24.0,24.0,24.0,1.0,IE2|A|263,LIG1|IE2|1,
3S8X,E59,diffdock_sdf,diffdock,rank1|idx_1,output/diffdock_workflow/poses/3S8X/complex_0/rank1.sdf,ok,atom_name,0.9801684736930012,44.0,22.0,17.0,0.7727272727272727,E59|A|266,SDF|LIG|1,No sub-structure match found between the reference and probe mol
3S8X,E59,diffdock_sdf,diffdock,rank1_confidence0.22|idx_1,output/diffdock_workflow/poses/3S8X/complex_0/rank1_confidence0.22.sdf,ok,atom_name,0.9801684736930012,44.0,22.0,17.0,0.7727272727272727,E59|A|266,SDF|LIG|1,No sub-structure match found between the reference and probe mol
3S8X,E59,diffdock_sdf,diffdock,rank2_confidence0.19|idx_2,output/diffdock_workflow/poses/3S8X/complex_0/rank2_confidence0.19.sdf,ok,atom_name,1.559339059184442,44.0,22.0,17.0,0.7727272727272727,E59|A|266,SDF|LIG|1,No sub-structure match found between the reference and probe mol
3S8X,E59,diffdock_sdf,diffdock,rank3_confidence0.18|idx_3,output/diffdock_workflow/poses/3S8X/complex_0/rank3_confidence0.18.sdf,ok,atom_name,1.502070165442079,44.0,22.0,17.0,0.7727272727272727,E59|A|266,SDF|LIG|1,No sub-structure match found between the reference and probe mol
3S8X,E59,diffdock_sdf,diffdock,rank4_confidence0.18|idx_4,output/diffdock_workflow/poses/3S8X/complex_0/rank4_confidence0.18.sdf,ok,atom_name,1.0417327570061923,44.0,22.0,17.0,0.7727272727272727,E59|A|266,SDF|LIG|1,No sub-structure match found between the reference and probe mol
3S8X,E59,diffdock_complex_pdb,diffdock,3S8X_diffdock_complex,output/diffdock_workflow/complexes/3S8X_diffdock_complex.pdb,ok,rdkit_best_rms,1.8079733655792634,44.0,22.0,22.0,1.0,E59|A|266,UNL|L|1,
3S8X,E59,boltz_cif,crystal_pocket,3S8X_crystal_pocket_model_0|idx_0,output/boltz_results_boltz_inputs/predictions/3S8X_crystal_pocket/3S8X_crystal_pocket_model_0.cif,ok,rdkit_best_rms,0.8996193308174532,44.0,22.0,22.0,1.0,E59|A|266,LIG1|E59|1,
3S8X,E59,boltz_cif,default,3S8X_default_model_0|idx_0,output/boltz_results_boltz_inputs/predictions/3S8X_default/3S8X_default_model_0.cif,ok,rdkit_best_rms,0.9330394086010851,44.0,22.0,22.0,1.0,E59|A|266,LIG1|E59|1,
3S8X,E59,boltz_cif,diffdock_pocket,3S8X_diffdock_pocket_model_0|idx_0,output/boltz_results_boltz_inputs/predictions/3S8X_diffdock_pocket/3S8X_diffdock_pocket_model_0.cif,ok,rdkit_best_rms,0.8461269161086755,44.0,22.0,22.0,1.0,E59|A|266,LIG1|E59|1,
3S9T,E49,diffdock_sdf,diffdock,rank1|idx_1,output/diffdock_workflow/poses/3S9T/complex_0/rank1.sdf,ok_low_coverage,atom_name,2.964868006723383,23.0,23.0,11.0,0.4782608695652174,E49|A|266,SDF|LIG|1,No sub-structure match found between the reference and probe mol
3S9T,E49,diffdock_sdf,diffdock,rank1_confidence-0.58|idx_1,output/diffdock_workflow/poses/3S9T/complex_0/rank1_confidence-0.58.sdf,ok_low_coverage,atom_name,2.964868006723383,23.0,23.0,11.0,0.4782608695652174,E49|A|266,SDF|LIG|1,No sub-structure match found between the reference and probe mol
3S9T,E49,diffdock_sdf,diffdock,rank2_confidence-0.83|idx_2,output/diffdock_workflow/poses/3S9T/complex_0/rank2_confidence-0.83.sdf,ok_low_coverage,atom_name,2.878980772219345,23.0,23.0,11.0,0.4782608695652174,E49|A|266,SDF|LIG|1,No sub-structure match found between the reference and probe mol
3S9T,E49,diffdock_sdf,diffdock,rank3_confidence-0.88|idx_3,output/diffdock_workflow/poses/3S9T/complex_0/rank3_confidence-0.88.sdf,ok_low_coverage,atom_name,2.9249259366641955,23.0,23.0,11.0,0.4782608695652174,E49|A|266,SDF|LIG|1,No sub-structure match found between the reference and probe mol
3S9T,E49,diffdock_sdf,diffdock,rank4_confidence-0.89|idx_4,output/diffdock_workflow/poses/3S9T/complex_0/rank4_confidence-0.89.sdf,ok_low_coverage,atom_name,2.8880550801297167,23.0,23.0,11.0,0.4782608695652174,E49|A|266,SDF|LIG|1,No sub-structure match found between the reference and probe mol
3S9T,E49,diffdock_complex_pdb,diffdock,3S9T_diffdock_complex,output/diffdock_workflow/complexes/3S9T_diffdock_complex.pdb,ok,rdkit_best_rms,0.7630286272653816,23.0,23.0,23.0,1.0,E49|A|266,UNL|L|1,
3S9T,E49,boltz_cif,crystal_pocket,3S9T_crystal_pocket_model_0|idx_0,output/boltz_results_boltz_inputs/predictions/3S9T_crystal_pocket/3S9T_crystal_pocket_model_0.cif,ok,rdkit_best_rms,0.5871741609720316,23.0,23.0,23.0,1.0,E49|A|266,LIG1|E49|1,
3S9T,E49,boltz_cif,default,3S9T_default_model_0|idx_0,output/boltz_results_boltz_inputs/predictions/3S9T_default/3S9T_default_model_0.cif,ok,rdkit_best_rms,0.5703757791259918,23.0,23.0,23.0,1.0,E49|A|266,LIG1|E49|1,
3S9T,E49,boltz_cif,diffdock_pocket,3S9T_diffdock_pocket_model_0|idx_0,output/boltz_results_boltz_inputs/predictions/3S9T_diffdock_pocket/3S9T_diffdock_pocket_model_0.cif,ok,rdkit_best_rms,0.9028228860937277,23.0,23.0,23.0,1.0,E49|A|266,LIG1|E49|1,
3SAP,E2I,diffdock_sdf,diffdock,rank1|idx_1,output/diffdock_workflow/poses/3SAP/complex_0/rank1.sdf,ok_low_coverage,atom_name,5.035837228180455,24.0,24.0,9.0,0.375,E2I|A|266,SDF|LIG|1,No sub-structure match found between the reference and probe mol
3SAP,E2I,diffdock_sdf,diffdock,rank1_confidence0.11|idx_1,output/diffdock_workflow/poses/3SAP/complex_0/rank1_confidence0.11.sdf,ok_low_coverage,atom_name,5.035837228180455,24.0,24.0,9.0,0.375,E2I|A|266,SDF|LIG|1,No sub-structure match found between the reference and probe mol
3SAP,E2I,diffdock_sdf,diffdock,rank2_confidence0.09|idx_2,output/diffdock_workflow/poses/3SAP/complex_0/rank2_confidence0.09.sdf,ok_low_coverage,atom_name,5.118510104729257,24.0,24.0,9.0,0.375,E2I|A|266,SDF|LIG|1,No sub-structure match found between the reference and probe mol
3SAP,E2I,diffdock_sdf,diffdock,rank3_confidence0.04|idx_3,output/diffdock_workflow/poses/3SAP/complex_0/rank3_confidence0.04.sdf,ok_low_coverage,atom_name,5.672600077478833,24.0,24.0,9.0,0.375,E2I|A|266,SDF|LIG|1,No sub-structure match found between the reference and probe mol
3SAP,E2I,diffdock_sdf,diffdock,rank4_confidence0.03|idx_4,output/diffdock_workflow/poses/3SAP/complex_0/rank4_confidence0.03.sdf,ok_low_coverage,atom_name,5.66633856914468,24.0,24.0,9.0,0.375,E2I|A|266,SDF|LIG|1,No sub-structure match found between the reference and probe mol
3SAP,E2I,diffdock_complex_pdb,diffdock,3SAP_diffdock_complex,output/diffdock_workflow/complexes/3SAP_diffdock_complex.pdb,ok,rdkit_best_rms,1.4129421480307789,24.0,24.0,24.0,1.0,E2I|A|266,UNL|L|1,
3SAP,E2I,boltz_cif,crystal_pocket,3SAP_crystal_pocket_model_0|idx_0,output/boltz_results_boltz_inputs/predictions/3SAP_crystal_pocket/3SAP_crystal_pocket_model_0.cif,ok,rdkit_best_rms,0.7910832039350288,24.0,24.0,24.0,1.0,E2I|A|266,LIG1|E2I|1,
3SAP,E2I,boltz_cif,default,3SAP_default_model_0|idx_0,output/boltz_results_boltz_inputs/predictions/3SAP_default/3SAP_default_model_0.cif,ok,rdkit_best_rms,0.7498529940354098,24.0,24.0,24.0,1.0,E2I|A|266,LIG1|E2I|1,
3SAP,E2I,boltz_cif,diffdock_pocket,3SAP_diffdock_pocket_model_0|idx_0,output/boltz_results_boltz_inputs/predictions/3SAP_diffdock_pocket/3SAP_diffdock_pocket_model_0.cif,ok,rdkit_best_rms,0.6976676254165103,24.0,24.0,24.0,1.0,E2I|A|266,LIG1|E2I|1,
3SAX,E50,diffdock_sdf,diffdock,rank1|idx_1,output/diffdock_workflow/poses/3SAX/complex_0/rank1.sdf,ok_low_coverage,atom_name,2.4225038197683064,23.0,23.0,13.0,0.5652173913043478,E50|A|263,SDF|LIG|1,No sub-structure match found between the reference and probe mol
3SAX,E50,diffdock_sdf,diffdock,rank1_confidence-0.24|idx_1,output/diffdock_workflow/poses/3SAX/complex_0/rank1_confidence-0.24.sdf,ok_low_coverage,atom_name,2.4225038197683064,23.0,23.0,13.0,0.5652173913043478,E50|A|263,SDF|LIG|1,No sub-structure match found between the reference and probe mol
3SAX,E50,diffdock_sdf,diffdock,rank2_confidence-0.41|idx_2,output/diffdock_workflow/poses/3SAX/complex_0/rank2_confidence-0.41.sdf,ok_low_coverage,atom_name,2.487085242348049,23.0,23.0,13.0,0.5652173913043478,E50|A|263,SDF|LIG|1,No sub-structure match found between the reference and probe mol
3SAX,E50,diffdock_sdf,diffdock,rank3_confidence-0.44|idx_3,output/diffdock_workflow/poses/3SAX/complex_0/rank3_confidence-0.44.sdf,ok_low_coverage,atom_name,2.489893144158575,23.0,23.0,13.0,0.5652173913043478,E50|A|263,SDF|LIG|1,No sub-structure match found between the reference and probe mol
3SAX,E50,diffdock_sdf,diffdock,rank4_confidence-0.45|idx_4,output/diffdock_workflow/poses/3SAX/complex_0/rank4_confidence-0.45.sdf,ok_low_coverage,atom_name,2.51587453061318,23.0,23.0,13.0,0.5652173913043478,E50|A|263,SDF|LIG|1,No sub-structure match found between the reference and probe mol
3SAX,E50,diffdock_complex_pdb,diffdock,3SAX_diffdock_complex,output/diffdock_workflow/complexes/3SAX_diffdock_complex.pdb,ok,rdkit_best_rms,0.3357820071005694,23.0,23.0,23.0,1.0,E50|A|263,UNL|L|1,
3SAX,E50,boltz_cif,crystal_pocket,3SAX_crystal_pocket_model_0|idx_0,output/boltz_results_boltz_inputs/predictions/3SAX_crystal_pocket/3SAX_crystal_pocket_model_0.cif,ok,rdkit_best_rms,0.678656929967925,23.0,23.0,23.0,1.0,E50|A|263,LIG1|E50|1,
3SAX,E50,boltz_cif,default,3SAX_default_model_0|idx_0,output/boltz_results_boltz_inputs/predictions/3SAX_default/3SAX_default_model_0.cif,ok,rdkit_best_rms,0.5894386603820368,23.0,23.0,23.0,1.0,E50|A|263,LIG1|E50|1,
3SAX,E50,boltz_cif,diffdock_pocket,3SAX_diffdock_pocket_model_0|idx_0,output/boltz_results_boltz_inputs/predictions/3SAX_diffdock_pocket/3SAX_diffdock_pocket_model_0.cif,ok,rdkit_best_rms,0.6491658802805863,23.0,23.0,23.0,1.0,E50|A|263,LIG1|E50|1,
3SBH,E65,diffdock_sdf,diffdock,rank1|idx_1,output/diffdock_workflow/poses/3SBH/complex_0/rank1.sdf,ok_low_coverage,atom_name,3.1394498819845387,22.0,22.0,11.0,0.5,E65|A|266,SDF|LIG|1,No sub-structure match found between the reference and probe mol
3SBH,E65,diffdock_sdf,diffdock,rank1_confidence0.07|idx_1,output/diffdock_workflow/poses/3SBH/complex_0/rank1_confidence0.07.sdf,ok_low_coverage,atom_name,3.1394498819845387,22.0,22.0,11.0,0.5,E65|A|266,SDF|LIG|1,No sub-structure match found between the reference and probe mol
3SBH,E65,diffdock_sdf,diffdock,rank2_confidence0.04|idx_2,output/diffdock_workflow/poses/3SBH/complex_0/rank2_confidence0.04.sdf,ok_low_coverage,atom_name,3.1189523125583873,22.0,22.0,11.0,0.5,E65|A|266,SDF|LIG|1,No sub-structure match found between the reference and probe mol
3SBH,E65,diffdock_sdf,diffdock,rank3_confidence0.03|idx_3,output/diffdock_workflow/poses/3SBH/complex_0/rank3_confidence0.03.sdf,ok_low_coverage,atom_name,3.1374346983032306,22.0,22.0,11.0,0.5,E65|A|266,SDF|LIG|1,No sub-structure match found between the reference and probe mol
3SBH,E65,diffdock_sdf,diffdock,rank4_confidence-0.01|idx_4,output/diffdock_workflow/poses/3SBH/complex_0/rank4_confidence-0.01.sdf,ok_low_coverage,atom_name,3.1456873646654047,22.0,22.0,11.0,0.5,E65|A|266,SDF|LIG|1,No sub-structure match found between the reference and probe mol
3SBH,E65,diffdock_complex_pdb,diffdock,3SBH_diffdock_complex,output/diffdock_workflow/complexes/3SBH_diffdock_complex.pdb,ok,rdkit_best_rms,0.22772191392751906,22.0,22.0,22.0,1.0,E65|A|266,UNL|L|1,
3SBH,E65,boltz_cif,crystal_pocket,3SBH_crystal_pocket_model_0|idx_0,output/boltz_results_boltz_inputs/predictions/3SBH_crystal_pocket/3SBH_crystal_pocket_model_0.cif,ok,rdkit_best_rms,0.5909755698492059,22.0,22.0,22.0,1.0,E65|A|266,LIG1|E65|1,
3SBH,E65,boltz_cif,default,3SBH_default_model_0|idx_0,output/boltz_results_boltz_inputs/predictions/3SBH_default/3SBH_default_model_0.cif,ok,rdkit_best_rms,0.6976525953743679,22.0,22.0,22.0,1.0,E65|A|266,LIG1|E65|1,
3SBH,E65,boltz_cif,diffdock_pocket,3SBH_diffdock_pocket_model_0|idx_0,output/boltz_results_boltz_inputs/predictions/3SBH_diffdock_pocket/3SBH_diffdock_pocket_model_0.cif,ok,rdkit_best_rms,0.646376587908471,22.0,22.0,22.0,1.0,E65|A|266,LIG1|E65|1,
3SBI,E90,diffdock_sdf,diffdock,rank1|idx_1,output/diffdock_workflow/poses/3SBI/complex_0/rank1.sdf,ok,atom_name,1.1792139093583704,20.0,20.0,18.0,0.9,E90|A|266,SDF|LIG|1,No sub-structure match found between the reference and probe mol
3SBI,E90,diffdock_sdf,diffdock,rank1_confidence0.66|idx_1,output/diffdock_workflow/poses/3SBI/complex_0/rank1_confidence0.66.sdf,ok,atom_name,1.1792139093583704,20.0,20.0,18.0,0.9,E90|A|266,SDF|LIG|1,No sub-structure match found between the reference and probe mol
3SBI,E90,diffdock_sdf,diffdock,rank2_confidence0.63|idx_2,output/diffdock_workflow/poses/3SBI/complex_0/rank2_confidence0.63.sdf,ok,atom_name,1.4241066229272896,20.0,20.0,18.0,0.9,E90|A|266,SDF|LIG|1,No sub-structure match found between the reference and probe mol
3SBI,E90,diffdock_sdf,diffdock,rank3_confidence0.60|idx_3,output/diffdock_workflow/poses/3SBI/complex_0/rank3_confidence0.60.sdf,ok,atom_name,1.6171043764865884,20.0,20.0,18.0,0.9,E90|A|266,SDF|LIG|1,No sub-structure match found between the reference and probe mol
3SBI,E90,diffdock_sdf,diffdock,rank4_confidence0.58|idx_4,output/diffdock_workflow/poses/3SBI/complex_0/rank4_confidence0.58.sdf,ok,atom_name,1.393534795033912,20.0,20.0,18.0,0.9,E90|A|266,SDF|LIG|1,No sub-structure match found between the reference and probe mol
3SBI,E90,diffdock_complex_pdb,diffdock,3SBI_diffdock_complex,output/diffdock_workflow/complexes/3SBI_diffdock_complex.pdb,ok,rdkit_best_rms,0.22904328309422067,20.0,20.0,20.0,1.0,E90|A|266,UNL|L|1,
3SBI,E90,boltz_cif,crystal_pocket,3SBI_crystal_pocket_model_0|idx_0,output/boltz_results_boltz_inputs/predictions/3SBI_crystal_pocket/3SBI_crystal_pocket_model_0.cif,ok,rdkit_best_rms,0.2532336610160147,20.0,20.0,20.0,1.0,E90|A|266,LIG1|E90|1,
3SBI,E90,boltz_cif,default,3SBI_default_model_0|idx_0,output/boltz_results_boltz_inputs/predictions/3SBI_default/3SBI_default_model_0.cif,ok,rdkit_best_rms,0.36287648504207376,20.0,20.0,20.0,1.0,E90|A|266,LIG1|E90|1,
3SBI,E90,boltz_cif,diffdock_pocket,3SBI_diffdock_pocket_model_0|idx_0,output/boltz_results_boltz_inputs/predictions/3SBI_diffdock_pocket/3SBI_diffdock_pocket_model_0.cif,ok,rdkit_best_rms,0.10549960029042146,20.0,20.0,20.0,1.0,E90|A|266,LIG1|E90|1,
3V5G,0F3,diffdock_sdf,diffdock,rank1|idx_1,output/diffdock_workflow/poses/3V5G/complex_0/rank1.sdf,ok_low_coverage,atom_name,0.23140221830119706,15.0,15.0,6.0,0.4,0F3|A|800,SDF|LIG|1,No sub-structure match found between the reference and probe mol
3V5G,0F3,diffdock_sdf,diffdock,rank1_confidence0.42|idx_1,output/diffdock_workflow/poses/3V5G/complex_0/rank1_confidence0.42.sdf,ok_low_coverage,atom_name,0.23140221830119706,15.0,15.0,6.0,0.4,0F3|A|800,SDF|LIG|1,No sub-structure match found between the reference and probe mol
3V5G,0F3,diffdock_sdf,diffdock,rank2_confidence0.39|idx_2,output/diffdock_workflow/poses/3V5G/complex_0/rank2_confidence0.39.sdf,ok_low_coverage,atom_name,0.1229620230800671,15.0,15.0,6.0,0.4,0F3|A|800,SDF|LIG|1,No sub-structure match found between the reference and probe mol
3V5G,0F3,diffdock_sdf,diffdock,rank3_confidence0.38|idx_3,output/diffdock_workflow/poses/3V5G/complex_0/rank3_confidence0.38.sdf,ok_low_coverage,atom_name,0.1345426816169297,15.0,15.0,6.0,0.4,0F3|A|800,SDF|LIG|1,No sub-structure match found between the reference and probe mol
3V5G,0F3,diffdock_sdf,diffdock,rank4_confidence0.37|idx_4,output/diffdock_workflow/poses/3V5G/complex_0/rank4_confidence0.37.sdf,ok_low_coverage,atom_name,0.14174786686674248,15.0,15.0,6.0,0.4,0F3|A|800,SDF|LIG|1,No sub-structure match found between the reference and probe mol
3V5G,0F3,diffdock_complex_pdb,diffdock,3V5G_diffdock_complex,output/diffdock_workflow/complexes/3V5G_diffdock_complex.pdb,ok,rdkit_best_rms,0.14886008303671663,15.0,15.0,15.0,1.0,0F3|A|800,UNL|L|1,
3V5G,0F3,boltz_cif,crystal_pocket,3V5G_crystal_pocket_model_0|idx_0,output/boltz_results_boltz_inputs/predictions/3V5G_crystal_pocket/3V5G_crystal_pocket_model_0.cif,ok,rdkit_best_rms,0.9822325036261312,15.0,15.0,15.0,1.0,0F3|A|800,LIG1|0F3|1,
3V5G,0F3,boltz_cif,default,3V5G_default_model_0|idx_0,output/boltz_results_boltz_inputs/predictions/3V5G_default/3V5G_default_model_0.cif,ok,rdkit_best_rms,1.178212832247146,15.0,15.0,15.0,1.0,0F3|A|800,LIG1|0F3|1,
3V5G,0F3,boltz_cif,diffdock_pocket,3V5G_diffdock_pocket_model_0|idx_0,output/boltz_results_boltz_inputs/predictions/3V5G_diffdock_pocket/3V5G_diffdock_pocket_model_0.cif,ok,rdkit_best_rms,1.0747016754296457,15.0,15.0,15.0,1.0,0F3|A|800,LIG1|0F3|1,
4CQ0,SXS,diffdock_sdf,diffdock,rank1|idx_1,output/diffdock_workflow/poses/4CQ0/complex_0/rank1.sdf,ok_low_coverage,atom_name,2.831365666788313,13.0,13.0,5.0,0.38461538461538464,SXS|A|1264,SDF|LIG|1,No sub-structure match found between the reference and probe mol
4CQ0,SXS,diffdock_sdf,diffdock,rank1_confidence1.15|idx_1,output/diffdock_workflow/poses/4CQ0/complex_0/rank1_confidence1.15.sdf,ok_low_coverage,atom_name,2.831365666788313,13.0,13.0,5.0,0.38461538461538464,SXS|A|1264,SDF|LIG|1,No sub-structure match found between the reference and probe mol
4CQ0,SXS,diffdock_sdf,diffdock,rank2_confidence1.13|idx_2,output/diffdock_workflow/poses/4CQ0/complex_0/rank2_confidence1.13.sdf,ok_low_coverage,atom_name,2.840475442103189,13.0,13.0,5.0,0.38461538461538464,SXS|A|1264,SDF|LIG|1,No sub-structure match found between the reference and probe mol
4CQ0,SXS,diffdock_sdf,diffdock,rank3_confidence1.13|idx_3,output/diffdock_workflow/poses/4CQ0/complex_0/rank3_confidence1.13.sdf,ok_low_coverage,atom_name,2.8405947474494404,13.0,13.0,5.0,0.38461538461538464,SXS|A|1264,SDF|LIG|1,No sub-structure match found between the reference and probe mol
4CQ0,SXS,diffdock_sdf,diffdock,rank4_confidence1.13|idx_4,output/diffdock_workflow/poses/4CQ0/complex_0/rank4_confidence1.13.sdf,ok_low_coverage,atom_name,2.8362957621401836,13.0,13.0,5.0,0.38461538461538464,SXS|A|1264,SDF|LIG|1,No sub-structure match found between the reference and probe mol
4CQ0,SXS,diffdock_complex_pdb,diffdock,4CQ0_diffdock_complex,output/diffdock_workflow/complexes/4CQ0_diffdock_complex.pdb,ok,rdkit_best_rms,0.1626285417192828,13.0,13.0,13.0,1.0,SXS|A|1264,UNL|L|1,
4CQ0,SXS,boltz_cif,crystal_pocket,4CQ0_crystal_pocket_model_0|idx_0,output/boltz_results_boltz_inputs/predictions/4CQ0_crystal_pocket/4CQ0_crystal_pocket_model_0.cif,ok,rdkit_best_rms,0.12956279620296213,13.0,13.0,13.0,1.0,SXS|A|1264,LIG1|SXS|1,
4CQ0,SXS,boltz_cif,default,4CQ0_default_model_0|idx_0,output/boltz_results_boltz_inputs/predictions/4CQ0_default/4CQ0_default_model_0.cif,ok,rdkit_best_rms,0.12830564392008428,13.0,13.0,13.0,1.0,SXS|A|1264,LIG1|SXS|1,
4CQ0,SXS,boltz_cif,diffdock_pocket,4CQ0_diffdock_pocket_model_0|idx_0,output/boltz_results_boltz_inputs/predictions/4CQ0_diffdock_pocket/4CQ0_diffdock_pocket_model_0.cif,ok,rdkit_best_rms,0.12787231033726063,13.0,13.0,13.0,1.0,SXS|A|1264,LIG1|SXS|1,
4DZ7,D02,diffdock_sdf,diffdock,rank1|idx_1,output/diffdock_workflow/poses/4DZ7/complex_0/rank1.sdf,ok,element_sorted_fallback,0.6960869320030859,23.0,23.0,23.0,1.0,D02|A|303,SDF|LIG|1,No sub-structure match found between the reference and probe mol
4DZ7,D02,diffdock_sdf,diffdock,rank1_confidence0.04|idx_1,output/diffdock_workflow/poses/4DZ7/complex_0/rank1_confidence0.04.sdf,ok,element_sorted_fallback,0.6960869320030859,23.0,23.0,23.0,1.0,D02|A|303,SDF|LIG|1,No sub-structure match found between the reference and probe mol
4DZ7,D02,diffdock_sdf,diffdock,rank2_confidence-0.01|idx_2,output/diffdock_workflow/poses/4DZ7/complex_0/rank2_confidence-0.01.sdf,ok,element_sorted_fallback,1.6941937709111266,23.0,23.0,23.0,1.0,D02|A|303,SDF|LIG|1,No sub-structure match found between the reference and probe mol
4DZ7,D02,diffdock_sdf,diffdock,rank3_confidence-0.03|idx_3,output/diffdock_workflow/poses/4DZ7/complex_0/rank3_confidence-0.03.sdf,ok,element_sorted_fallback,0.8701676839284166,23.0,23.0,23.0,1.0,D02|A|303,SDF|LIG|1,No sub-structure match found between the reference and probe mol
4DZ7,D02,diffdock_sdf,diffdock,rank4_confidence-0.06|idx_4,output/diffdock_workflow/poses/4DZ7/complex_0/rank4_confidence-0.06.sdf,ok,element_sorted_fallback,0.578958233360219,23.0,23.0,23.0,1.0,D02|A|303,SDF|LIG|1,No sub-structure match found between the reference and probe mol
4DZ7,D02,diffdock_complex_pdb,diffdock,4DZ7_diffdock_complex,output/diffdock_workflow/complexes/4DZ7_diffdock_complex.pdb,ok,rdkit_best_rms,0.25966061001148916,23.0,23.0,23.0,1.0,D02|A|303,UNL|L|1,
4DZ7,D02,boltz_cif,crystal_pocket,4DZ7_crystal_pocket_model_0|idx_0,output/boltz_results_boltz_inputs/predictions/4DZ7_crystal_pocket/4DZ7_crystal_pocket_model_0.cif,ok,rdkit_best_rms,0.49996122536751436,23.0,23.0,23.0,1.0,D02|A|303,LIG1|D02|1,
4DZ7,D02,boltz_cif,default,4DZ7_default_model_0|idx_0,output/boltz_results_boltz_inputs/predictions/4DZ7_default/4DZ7_default_model_0.cif,ok,rdkit_best_rms,0.16728156642368167,23.0,23.0,23.0,1.0,D02|A|303,LIG1|D02|1,
4DZ7,D02,boltz_cif,diffdock_pocket,4DZ7_diffdock_pocket_model_0|idx_0,output/boltz_results_boltz_inputs/predictions/4DZ7_diffdock_pocket/4DZ7_diffdock_pocket_model_0.cif,ok,rdkit_best_rms,1.1624474939573344,23.0,23.0,23.0,1.0,D02|A|303,LIG1|D02|1,
4E3D,GTQ,diffdock_sdf,diffdock,rank1|idx_1,output/diffdock_workflow/poses/4E3D/complex_0/rank1.sdf,ok,element_sorted_fallback,0.3615535956951382,11.0,11.0,11.0,1.0,GTQ|A|303,SDF|LIG|1,No sub-structure match found between the reference and probe mol
4E3D,GTQ,diffdock_sdf,diffdock,rank1_confidence-0.05|idx_1,output/diffdock_workflow/poses/4E3D/complex_0/rank1_confidence-0.05.sdf,ok,element_sorted_fallback,0.3615535956951382,11.0,11.0,11.0,1.0,GTQ|A|303,SDF|LIG|1,No sub-structure match found between the reference and probe mol
4E3D,GTQ,diffdock_sdf,diffdock,rank2_confidence-0.07|idx_2,output/diffdock_workflow/poses/4E3D/complex_0/rank2_confidence-0.07.sdf,ok,element_sorted_fallback,0.2791843367998666,11.0,11.0,11.0,1.0,GTQ|A|303,SDF|LIG|1,No sub-structure match found between the reference and probe mol
4E3D,GTQ,diffdock_sdf,diffdock,rank3_confidence-0.08|idx_3,output/diffdock_workflow/poses/4E3D/complex_0/rank3_confidence-0.08.sdf,ok,element_sorted_fallback,0.2605960858154181,11.0,11.0,11.0,1.0,GTQ|A|303,SDF|LIG|1,No sub-structure match found between the reference and probe mol
4E3D,GTQ,diffdock_sdf,diffdock,rank4_confidence-0.09|idx_4,output/diffdock_workflow/poses/4E3D/complex_0/rank4_confidence-0.09.sdf,ok,element_sorted_fallback,0.23114155825435134,11.0,11.0,11.0,1.0,GTQ|A|303,SDF|LIG|1,No sub-structure match found between the reference and probe mol
4E3D,GTQ,diffdock_complex_pdb,diffdock,4E3D_diffdock_complex,output/diffdock_workflow/complexes/4E3D_diffdock_complex.pdb,ok,rdkit_best_rms,0.08189027523913088,11.0,11.0,11.0,1.0,GTQ|A|303,UNL|L|1,
4E3D,GTQ,boltz_cif,crystal_pocket,4E3D_crystal_pocket_model_0|idx_0,output/boltz_results_boltz_inputs/predictions/4E3D_crystal_pocket/4E3D_crystal_pocket_model_0.cif,ok,rdkit_best_rms,0.15621869646945183,11.0,11.0,11.0,1.0,GTQ|A|303,LIG1|GTQ|1,
4E3D,GTQ,boltz_cif,default,4E3D_default_model_0|idx_0,output/boltz_results_boltz_inputs/predictions/4E3D_default/4E3D_default_model_0.cif,ok,rdkit_best_rms,0.08901396558516032,11.0,11.0,11.0,1.0,GTQ|A|303,LIG1|GTQ|1,
4E3D,GTQ,boltz_cif,diffdock_pocket,4E3D_diffdock_pocket_model_0|idx_0,output/boltz_results_boltz_inputs/predictions/4E3D_diffdock_pocket/4E3D_diffdock_pocket_model_0.cif,ok,rdkit_best_rms,0.13534690040937972,11.0,11.0,11.0,1.0,GTQ|A|303,LIG1|GTQ|1,
4E3F,GRE,diffdock_sdf,diffdock,rank1|idx_1,output/diffdock_workflow/poses/4E3F/complex_0/rank1.sdf,ok_low_coverage,atom_name,0.03490455843238283,11.0,11.0,6.0,0.5454545454545454,GRE|A|303,SDF|LIG|1,No sub-structure match found between the reference and probe mol
4E3F,GRE,diffdock_sdf,diffdock,rank1_confidence-0.10|idx_1,output/diffdock_workflow/poses/4E3F/complex_0/rank1_confidence-0.10.sdf,ok_low_coverage,atom_name,0.03490455843238283,11.0,11.0,6.0,0.5454545454545454,GRE|A|303,SDF|LIG|1,No sub-structure match found between the reference and probe mol
4E3F,GRE,diffdock_sdf,diffdock,rank2_confidence-0.15|idx_2,output/diffdock_workflow/poses/4E3F/complex_0/rank2_confidence-0.15.sdf,ok_low_coverage,atom_name,0.03113523032826792,11.0,11.0,6.0,0.5454545454545454,GRE|A|303,SDF|LIG|1,No sub-structure match found between the reference and probe mol
4E3F,GRE,diffdock_sdf,diffdock,rank3_confidence-0.16|idx_3,output/diffdock_workflow/poses/4E3F/complex_0/rank3_confidence-0.16.sdf,ok_low_coverage,atom_name,0.0317668252747319,11.0,11.0,6.0,0.5454545454545454,GRE|A|303,SDF|LIG|1,No sub-structure match found between the reference and probe mol
4E3F,GRE,diffdock_sdf,diffdock,rank4_confidence-0.20|idx_4,output/diffdock_workflow/poses/4E3F/complex_0/rank4_confidence-0.20.sdf,ok_low_coverage,atom_name,0.032587631311256596,11.0,11.0,6.0,0.5454545454545454,GRE|A|303,SDF|LIG|1,No sub-structure match found between the reference and probe mol
4E3F,GRE,diffdock_complex_pdb,diffdock,4E3F_diffdock_complex,output/diffdock_workflow/complexes/4E3F_diffdock_complex.pdb,ok,rdkit_best_rms,0.08870443480505093,11.0,11.0,11.0,1.0,GRE|A|303,UNL|L|1,
4E3F,GRE,boltz_cif,crystal_pocket,4E3F_crystal_pocket_model_0|idx_0,output/boltz_results_boltz_inputs/predictions/4E3F_crystal_pocket/4E3F_crystal_pocket_model_0.cif,ok,rdkit_best_rms,0.10064413083380487,11.0,11.0,11.0,1.0,GRE|A|303,LIG1|GRE|1,
4E3F,GRE,boltz_cif,default,4E3F_default_model_0|idx_0,output/boltz_results_boltz_inputs/predictions/4E3F_default/4E3F_default_model_0.cif,ok,rdkit_best_rms,0.050805721112487316,11.0,11.0,11.0,1.0,GRE|A|303,LIG1|GRE|1,
4E3F,GRE,boltz_cif,diffdock_pocket,4E3F_diffdock_pocket_model_0|idx_0,output/boltz_results_boltz_inputs/predictions/4E3F_diffdock_pocket/4E3F_diffdock_pocket_model_0.cif,ok,rdkit_best_rms,0.09021720894615708,11.0,11.0,11.0,1.0,GRE|A|303,LIG1|GRE|1,
4E3G,SO4,reference,reference,,output/clean_pdb/4E3G_clean.pdb,reference_parse_failed,,,,,,,,,No ligand-like residues found.
4E3H,HQE,diffdock_sdf,diffdock,rank1|idx_1,output/diffdock_workflow/poses/4E3H/complex_0/rank1.sdf,ok,atom_name,0.07827758301270461,16.0,8.0,6.0,0.75,HQE|A|303,SDF|LIG|1,No sub-structure match found between the reference and probe mol
4E3H,HQE,diffdock_sdf,diffdock,rank1_confidence0.02|idx_1,output/diffdock_workflow/poses/4E3H/complex_0/rank1_confidence0.02.sdf,ok,atom_name,0.07827758301270461,16.0,8.0,6.0,0.75,HQE|A|303,SDF|LIG|1,No sub-structure match found between the reference and probe mol
4E3H,HQE,diffdock_sdf,diffdock,rank2_confidence0.01|idx_2,output/diffdock_workflow/poses/4E3H/complex_0/rank2_confidence0.01.sdf,ok,atom_name,0.13140844211966732,16.0,8.0,6.0,0.75,HQE|A|303,SDF|LIG|1,No sub-structure match found between the reference and probe mol
4E3H,HQE,diffdock_sdf,diffdock,rank3_confidence-0.02|idx_3,output/diffdock_workflow/poses/4E3H/complex_0/rank3_confidence-0.02.sdf,ok,atom_name,0.08425355145746578,16.0,8.0,6.0,0.75,HQE|A|303,SDF|LIG|1,No sub-structure match found between the reference and probe mol
4E3H,HQE,diffdock_sdf,diffdock,rank4_confidence-0.04|idx_4,output/diffdock_workflow/poses/4E3H/complex_0/rank4_confidence-0.04.sdf,ok,atom_name,0.8650098120849692,16.0,8.0,6.0,0.75,HQE|A|303,SDF|LIG|1,No sub-structure match found between the reference and probe mol
4E3H,HQE,diffdock_complex_pdb,diffdock,4E3H_diffdock_complex,output/diffdock_workflow/complexes/4E3H_diffdock_complex.pdb,ok,rdkit_best_rms,0.045901467139722645,16.0,8.0,8.0,1.0,HQE|A|303,UNL|L|1,
4E3H,HQE,boltz_cif,crystal_pocket,4E3H_crystal_pocket_model_0|idx_0,output/boltz_results_boltz_inputs/predictions/4E3H_crystal_pocket/4E3H_crystal_pocket_model_0.cif,ok,rdkit_best_rms,0.04410262390355069,16.0,8.0,8.0,1.0,HQE|A|303,LIG1|HQE|1,
4E3H,HQE,boltz_cif,default,4E3H_default_model_0|idx_0,output/boltz_results_boltz_inputs/predictions/4E3H_default/4E3H_default_model_0.cif,ok,rdkit_best_rms,0.04806437039440968,16.0,8.0,8.0,1.0,HQE|A|303,LIG1|HQE|1,
4E3H,HQE,boltz_cif,diffdock_pocket,4E3H_diffdock_pocket_model_0|idx_0,output/boltz_results_boltz_inputs/predictions/4E3H_diffdock_pocket/4E3H_diffdock_pocket_model_0.cif,ok,rdkit_best_rms,0.04328675688454675,16.0,8.0,8.0,1.0,HQE|A|303,LIG1|HQE|1,
4E49,SO4,reference,reference,,output/clean_pdb/4E49_clean.pdb,reference_parse_failed,,,,,,,,,No ligand-like residues found.
4E4A,SO4,reference,reference,,output/clean_pdb/4E4A_clean.pdb,reference_parse_failed,,,,,,,,,No ligand-like residues found.
4E5Q,0NM,diffdock_sdf,diffdock,rank1|idx_1,output/diffdock_workflow/poses/4E5Q/complex_0/rank1.sdf,ok,element_sorted_fallback,0.1616173380905815,3.0,3.0,3.0,1.0,0NM|A|302,SDF|LIG|1,No sub-structure match found between the reference and probe mol
4E5Q,0NM,diffdock_sdf,diffdock,rank1_confidence0.90|idx_1,output/diffdock_workflow/poses/4E5Q/complex_0/rank1_confidence0.90.sdf,ok,element_sorted_fallback,0.1616173380905815,3.0,3.0,3.0,1.0,0NM|A|302,SDF|LIG|1,No sub-structure match found between the reference and probe mol
4E5Q,0NM,diffdock_sdf,diffdock,rank2_confidence0.86|idx_2,output/diffdock_workflow/poses/4E5Q/complex_0/rank2_confidence0.86.sdf,ok,element_sorted_fallback,1.5870298829060707,3.0,3.0,3.0,1.0,0NM|A|302,SDF|LIG|1,No sub-structure match found between the reference and probe mol
4E5Q,0NM,diffdock_sdf,diffdock,rank3_confidence0.86|idx_3,output/diffdock_workflow/poses/4E5Q/complex_0/rank3_confidence0.86.sdf,ok,element_sorted_fallback,1.6882526066279937,3.0,3.0,3.0,1.0,0NM|A|302,SDF|LIG|1,No sub-structure match found between the reference and probe mol
4E5Q,0NM,diffdock_sdf,diffdock,rank4_confidence0.82|idx_4,output/diffdock_workflow/poses/4E5Q/complex_0/rank4_confidence0.82.sdf,ok,element_sorted_fallback,0.2248926882621103,3.0,3.0,3.0,1.0,0NM|A|302,SDF|LIG|1,No sub-structure match found between the reference and probe mol
4E5Q,0NM,diffdock_complex_pdb,diffdock,4E5Q_diffdock_complex,output/diffdock_workflow/complexes/4E5Q_diffdock_complex.pdb,ok,rdkit_best_rms,0.0436726518541563,3.0,3.0,3.0,1.0,0NM|A|302,UNL|L|1,
4E5Q,0NM,boltz_cif,crystal_pocket,4E5Q_crystal_pocket_model_0|idx_0,output/boltz_results_boltz_inputs/predictions/4E5Q_crystal_pocket/4E5Q_crystal_pocket_model_0.cif,ok,rdkit_best_rms,0.05808559627996313,3.0,3.0,3.0,1.0,0NM|A|302,LIG1|0NM|1,
4E5Q,0NM,boltz_cif,default,4E5Q_default_model_0|idx_0,output/boltz_results_boltz_inputs/predictions/4E5Q_default/4E5Q_default_model_0.cif,ok,rdkit_best_rms,0.05533590014710816,3.0,3.0,3.0,1.0,0NM|A|302,LIG1|0NM|1,
4E5Q,0NM,boltz_cif,diffdock_pocket,4E5Q_diffdock_pocket_model_0|idx_0,output/boltz_results_boltz_inputs/predictions/4E5Q_diffdock_pocket/4E5Q_diffdock_pocket_model_0.cif,ok,rdkit_best_rms,0.05997744038587762,3.0,3.0,3.0,1.0,0NM|A|302,LIG1|0NM|1,
4HT0,V50,diffdock_sdf,diffdock,rank1|idx_1,output/diffdock_workflow/poses/4HT0/complex_0/rank1.sdf,ok_low_coverage,atom_name,2.262622204566763,23.0,23.0,6.0,0.2608695652173913,V50|A|304,SDF|LIG|1,No sub-structure match found between the reference and probe mol
4HT0,V50,diffdock_sdf,diffdock,rank1_confidence-0.22|idx_1,output/diffdock_workflow/poses/4HT0/complex_0/rank1_confidence-0.22.sdf,ok_low_coverage,atom_name,2.262622204566763,23.0,23.0,6.0,0.2608695652173913,V50|A|304,SDF|LIG|1,No sub-structure match found between the reference and probe mol
4HT0,V50,diffdock_sdf,diffdock,rank2_confidence-0.25|idx_2,output/diffdock_workflow/poses/4HT0/complex_0/rank2_confidence-0.25.sdf,ok_low_coverage,atom_name,2.5108029169957162,23.0,23.0,6.0,0.2608695652173913,V50|A|304,SDF|LIG|1,No sub-structure match found between the reference and probe mol
4HT0,V50,diffdock_sdf,diffdock,rank3_confidence-0.47|idx_3,output/diffdock_workflow/poses/4HT0/complex_0/rank3_confidence-0.47.sdf,ok_low_coverage,atom_name,2.511279023618708,23.0,23.0,6.0,0.2608695652173913,V50|A|304,SDF|LIG|1,No sub-structure match found between the reference and probe mol
4HT0,V50,diffdock_sdf,diffdock,rank4_confidence-0.64|idx_4,output/diffdock_workflow/poses/4HT0/complex_0/rank4_confidence-0.64.sdf,ok_low_coverage,atom_name,2.5423082752771724,23.0,23.0,6.0,0.2608695652173913,V50|A|304,SDF|LIG|1,No sub-structure match found between the reference and probe mol
4HT0,V50,diffdock_complex_pdb,diffdock,4HT0_diffdock_complex,output/diffdock_workflow/complexes/4HT0_diffdock_complex.pdb,ok,rdkit_best_rms,1.3487092068584154,23.0,23.0,23.0,1.0,V50|A|304,UNL|L|1,
4HT0,V50,boltz_cif,crystal_pocket,4HT0_crystal_pocket_model_0|idx_0,output/boltz_results_boltz_inputs/predictions/4HT0_crystal_pocket/4HT0_crystal_pocket_model_0.cif,ok,rdkit_best_rms,0.7898883126477503,23.0,23.0,23.0,1.0,V50|A|304,LIG1|V50|1,
4HT0,V50,boltz_cif,default,4HT0_default_model_0|idx_0,output/boltz_results_boltz_inputs/predictions/4HT0_default/4HT0_default_model_0.cif,ok,rdkit_best_rms,1.0300205846076393,23.0,23.0,23.0,1.0,V50|A|304,LIG1|V50|1,
4HT0,V50,boltz_cif,diffdock_pocket,4HT0_diffdock_pocket_model_0|idx_0,output/boltz_results_boltz_inputs/predictions/4HT0_diffdock_pocket/4HT0_diffdock_pocket_model_0.cif,ok,rdkit_best_rms,0.7131925310405858,23.0,23.0,23.0,1.0,V50|A|304,LIG1|V50|1,
4K0S,AZM,diffdock_sdf,diffdock,rank1|idx_1,output/diffdock_workflow/poses/4K0S/complex_0/rank1.sdf,ok_low_coverage,atom_name,1.0453744924294643,13.0,13.0,4.0,0.3076923076923077,AZM|A|302,SDF|LIG|1,No sub-structure match found between the reference and probe mol
4K0S,AZM,diffdock_sdf,diffdock,rank1_confidence0.59|idx_1,output/diffdock_workflow/poses/4K0S/complex_0/rank1_confidence0.59.sdf,ok_low_coverage,atom_name,1.0453744924294643,13.0,13.0,4.0,0.3076923076923077,AZM|A|302,SDF|LIG|1,No sub-structure match found between the reference and probe mol
4K0S,AZM,diffdock_sdf,diffdock,rank2_confidence0.57|idx_2,output/diffdock_workflow/poses/4K0S/complex_0/rank2_confidence0.57.sdf,ok_low_coverage,atom_name,1.0943523253843368,13.0,13.0,4.0,0.3076923076923077,AZM|A|302,SDF|LIG|1,No sub-structure match found between the reference and probe mol
4K0S,AZM,diffdock_sdf,diffdock,rank3_confidence0.49|idx_3,output/diffdock_workflow/poses/4K0S/complex_0/rank3_confidence0.49.sdf,ok_low_coverage,atom_name,2.8578499286445913,13.0,13.0,4.0,0.3076923076923077,AZM|A|302,SDF|LIG|1,No sub-structure match found between the reference and probe mol
4K0S,AZM,diffdock_sdf,diffdock,rank4_confidence0.47|idx_4,output/diffdock_workflow/poses/4K0S/complex_0/rank4_confidence0.47.sdf,ok_low_coverage,atom_name,2.866871406669159,13.0,13.0,4.0,0.3076923076923077,AZM|A|302,SDF|LIG|1,No sub-structure match found between the reference and probe mol
4K0S,AZM,diffdock_complex_pdb,diffdock,4K0S_diffdock_complex,output/diffdock_workflow/complexes/4K0S_diffdock_complex.pdb,ok,rdkit_best_rms,0.13579050395616057,13.0,13.0,13.0,1.0,AZM|A|302,UNL|L|1,
4K0S,AZM,boltz_cif,crystal_pocket,4K0S_crystal_pocket_model_0|idx_0,output/boltz_results_boltz_inputs/predictions/4K0S_crystal_pocket/4K0S_crystal_pocket_model_0.cif,ok,rdkit_best_rms,0.12547825434141113,13.0,13.0,13.0,1.0,AZM|A|302,LIG1|AZM|1,
4K0S,AZM,boltz_cif,default,4K0S_default_model_0|idx_0,output/boltz_results_boltz_inputs/predictions/4K0S_default/4K0S_default_model_0.cif,ok,rdkit_best_rms,0.12413181686023032,13.0,13.0,13.0,1.0,AZM|A|302,LIG1|AZM|1,
4K0S,AZM,boltz_cif,diffdock_pocket,4K0S_diffdock_pocket_model_0|idx_0,output/boltz_results_boltz_inputs/predictions/4K0S_diffdock_pocket/4K0S_diffdock_pocket_model_0.cif,ok,rdkit_best_rms,0.12163984341854664,13.0,13.0,13.0,1.0,AZM|A|302,LIG1|AZM|1,
4KNI,E1E,diffdock_sdf,diffdock,rank1|idx_1,output/diffdock_workflow/poses/4KNI/complex_0/rank1.sdf,ok_low_coverage,atom_name,4.187436456325877,23.0,23.0,8.0,0.34782608695652173,E1E|A|305,SDF|LIG|1,No sub-structure match found between the reference and probe mol
4KNI,E1E,diffdock_sdf,diffdock,rank1_confidence0.30|idx_1,output/diffdock_workflow/poses/4KNI/complex_0/rank1_confidence0.30.sdf,ok_low_coverage,atom_name,4.187436456325877,23.0,23.0,8.0,0.34782608695652173,E1E|A|305,SDF|LIG|1,No sub-structure match found between the reference and probe mol
4KNI,E1E,diffdock_sdf,diffdock,rank2_confidence0.27|idx_2,output/diffdock_workflow/poses/4KNI/complex_0/rank2_confidence0.27.sdf,ok_low_coverage,atom_name,4.087219992115968,23.0,23.0,8.0,0.34782608695652173,E1E|A|305,SDF|LIG|1,No sub-structure match found between the reference and probe mol
4KNI,E1E,diffdock_sdf,diffdock,rank3_confidence0.26|idx_3,output/diffdock_workflow/poses/4KNI/complex_0/rank3_confidence0.26.sdf,ok_low_coverage,atom_name,4.131386526966058,23.0,23.0,8.0,0.34782608695652173,E1E|A|305,SDF|LIG|1,No sub-structure match found between the reference and probe mol
4KNI,E1E,diffdock_sdf,diffdock,rank4_confidence0.21|idx_4,output/diffdock_workflow/poses/4KNI/complex_0/rank4_confidence0.21.sdf,ok_low_coverage,atom_name,4.062751022507633,23.0,23.0,8.0,0.34782608695652173,E1E|A|305,SDF|LIG|1,No sub-structure match found between the reference and probe mol
4KNI,E1E,diffdock_complex_pdb,diffdock,4KNI_diffdock_complex,output/diffdock_workflow/complexes/4KNI_diffdock_complex.pdb,ok,rdkit_best_rms,1.8206174650990479,23.0,23.0,23.0,1.0,E1E|A|305,UNL|L|1,
4KNI,E1E,boltz_cif,crystal_pocket,4KNI_crystal_pocket_model_0|idx_0,output/boltz_results_boltz_inputs/predictions/4KNI_crystal_pocket/4KNI_crystal_pocket_model_0.cif,ok,rdkit_best_rms,1.9326639149416716,23.0,23.0,23.0,1.0,E1E|A|305,LIG1|E1E|1,
4KNI,E1E,boltz_cif,default,4KNI_default_model_0|idx_0,output/boltz_results_boltz_inputs/predictions/4KNI_default/4KNI_default_model_0.cif,ok,rdkit_best_rms,1.9022499465343414,23.0,23.0,23.0,1.0,E1E|A|305,LIG1|E1E|1,
4KNI,E1E,boltz_cif,diffdock_pocket,4KNI_diffdock_pocket_model_0|idx_0,output/boltz_results_boltz_inputs/predictions/4KNI_diffdock_pocket/4KNI_diffdock_pocket_model_0.cif,ok,rdkit_best_rms,2.0309738643807838,23.0,23.0,23.0,1.0,E1E|A|305,LIG1|E1E|1,
4KNJ,E1F,diffdock_sdf,diffdock,rank1|idx_1,output/diffdock_workflow/poses/4KNJ/complex_0/rank1.sdf,ok_low_coverage,atom_name,2.265407442499425,21.0,21.0,8.0,0.38095238095238093,E1F|A|302,SDF|LIG|1,No sub-structure match found between the reference and probe mol
4KNJ,E1F,diffdock_sdf,diffdock,rank1_confidence0.55|idx_1,output/diffdock_workflow/poses/4KNJ/complex_0/rank1_confidence0.55.sdf,ok_low_coverage,atom_name,2.265407442499425,21.0,21.0,8.0,0.38095238095238093,E1F|A|302,SDF|LIG|1,No sub-structure match found between the reference and probe mol
4KNJ,E1F,diffdock_sdf,diffdock,rank2_confidence0.50|idx_2,output/diffdock_workflow/poses/4KNJ/complex_0/rank2_confidence0.50.sdf,ok_low_coverage,atom_name,2.2494930828401167,21.0,21.0,8.0,0.38095238095238093,E1F|A|302,SDF|LIG|1,No sub-structure match found between the reference and probe mol
4KNJ,E1F,diffdock_sdf,diffdock,rank3_confidence0.50|idx_3,output/diffdock_workflow/poses/4KNJ/complex_0/rank3_confidence0.50.sdf,ok_low_coverage,atom_name,2.2133260019852705,21.0,21.0,8.0,0.38095238095238093,E1F|A|302,SDF|LIG|1,No sub-structure match found between the reference and probe mol
4KNJ,E1F,diffdock_sdf,diffdock,rank4_confidence0.48|idx_4,output/diffdock_workflow/poses/4KNJ/complex_0/rank4_confidence0.48.sdf,ok_low_coverage,atom_name,2.1271306098881686,21.0,21.0,8.0,0.38095238095238093,E1F|A|302,SDF|LIG|1,No sub-structure match found between the reference and probe mol
4KNJ,E1F,diffdock_complex_pdb,diffdock,4KNJ_diffdock_complex,output/diffdock_workflow/complexes/4KNJ_diffdock_complex.pdb,ok,rdkit_best_rms,0.16782815374225687,21.0,21.0,21.0,1.0,E1F|A|302,UNL|L|1,
4KNJ,E1F,boltz_cif,crystal_pocket,4KNJ_crystal_pocket_model_0|idx_0,output/boltz_results_boltz_inputs/predictions/4KNJ_crystal_pocket/4KNJ_crystal_pocket_model_0.cif,ok,rdkit_best_rms,0.2957771390970735,21.0,21.0,21.0,1.0,E1F|A|302,LIG1|E1F|1,
4KNJ,E1F,boltz_cif,default,4KNJ_default_model_0|idx_0,output/boltz_results_boltz_inputs/predictions/4KNJ_default/4KNJ_default_model_0.cif,ok,rdkit_best_rms,0.3184510827145227,21.0,21.0,21.0,1.0,E1F|A|302,LIG1|E1F|1,
4KNJ,E1F,boltz_cif,diffdock_pocket,4KNJ_diffdock_pocket_model_0|idx_0,output/boltz_results_boltz_inputs/predictions/4KNJ_diffdock_pocket/4KNJ_diffdock_pocket_model_0.cif,ok,rdkit_best_rms,0.31744416244996276,21.0,21.0,21.0,1.0,E1F|A|302,LIG1|E1F|1,
4MO8,2VQ,diffdock_sdf,diffdock,rank1|idx_1,output/diffdock_workflow/poses/4MO8/complex_0/rank1.sdf,ok_low_coverage,atom_name,3.1736216313539494,16.0,16.0,5.0,0.3125,2VQ|A|302,SDF|LIG|1,No sub-structure match found between the reference and probe mol
4MO8,2VQ,diffdock_sdf,diffdock,rank1_confidence-0.03|idx_1,output/diffdock_workflow/poses/4MO8/complex_0/rank1_confidence-0.03.sdf,ok_low_coverage,atom_name,3.1736216313539494,16.0,16.0,5.0,0.3125,2VQ|A|302,SDF|LIG|1,No sub-structure match found between the reference and probe mol
4MO8,2VQ,diffdock_sdf,diffdock,rank2_confidence-0.45|idx_2,output/diffdock_workflow/poses/4MO8/complex_0/rank2_confidence-0.45.sdf,ok_low_coverage,atom_name,3.113401420028041,16.0,16.0,5.0,0.3125,2VQ|A|302,SDF|LIG|1,No sub-structure match found between the reference and probe mol
4MO8,2VQ,diffdock_sdf,diffdock,rank3_confidence-0.45|idx_3,output/diffdock_workflow/poses/4MO8/complex_0/rank3_confidence-0.45.sdf,ok_low_coverage,atom_name,3.199590365277767,16.0,16.0,5.0,0.3125,2VQ|A|302,SDF|LIG|1,No sub-structure match found between the reference and probe mol
4MO8,2VQ,diffdock_sdf,diffdock,rank4_confidence-0.49|idx_4,output/diffdock_workflow/poses/4MO8/complex_0/rank4_confidence-0.49.sdf,ok_low_coverage,atom_name,1.576994846392398,16.0,16.0,5.0,0.3125,2VQ|A|302,SDF|LIG|1,No sub-structure match found between the reference and probe mol
4MO8,2VQ,diffdock_complex_pdb,diffdock,4MO8_diffdock_complex,output/diffdock_workflow/complexes/4MO8_diffdock_complex.pdb,ok,atom_name,3.4627685515131184,16.0,16.0,15.0,0.9375,2VQ|A|302,UNL|L|1,No sub-structure match found between the reference and probe mol
4MO8,2VQ,boltz_cif,crystal_pocket,4MO8_crystal_pocket_model_0|idx_0,output/boltz_results_boltz_inputs/predictions/4MO8_crystal_pocket/4MO8_crystal_pocket_model_0.cif,ok,rdkit_best_rms,1.1716859712798644,16.0,16.0,16.0,1.0,2VQ|A|302,LIG1|2VQ|1,
4MO8,2VQ,boltz_cif,default,4MO8_default_model_0|idx_0,output/boltz_results_boltz_inputs/predictions/4MO8_default/4MO8_default_model_0.cif,ok,rdkit_best_rms,1.102931459456941,16.0,16.0,16.0,1.0,2VQ|A|302,LIG1|2VQ|1,
4MO8,2VQ,boltz_cif,diffdock_pocket,4MO8_diffdock_pocket_model_0|idx_0,output/boltz_results_boltz_inputs/predictions/4MO8_diffdock_pocket/4MO8_diffdock_pocket_model_0.cif,ok,rdkit_best_rms,1.220673162882996,16.0,16.0,16.0,1.0,2VQ|A|302,LIG1|2VQ|1,
4PYX,V90,diffdock_sdf,diffdock,rank1|idx_1,output/diffdock_workflow/poses/4PYX/complex_0/rank1.sdf,ok_low_coverage,atom_name,5.556604906908955,26.0,26.0,10.0,0.38461538461538464,V90|A|304,SDF|LIG|1,No sub-structure match found between the reference and probe mol
4PYX,V90,diffdock_sdf,diffdock,rank1_confidence0.10|idx_1,output/diffdock_workflow/poses/4PYX/complex_0/rank1_confidence0.10.sdf,ok_low_coverage,atom_name,5.556604906908955,26.0,26.0,10.0,0.38461538461538464,V90|A|304,SDF|LIG|1,No sub-structure match found between the reference and probe mol
4PYX,V90,diffdock_sdf,diffdock,rank2_confidence0.06|idx_2,output/diffdock_workflow/poses/4PYX/complex_0/rank2_confidence0.06.sdf,ok_low_coverage,atom_name,5.530449476573039,26.0,26.0,10.0,0.38461538461538464,V90|A|304,SDF|LIG|1,No sub-structure match found between the reference and probe mol
4PYX,V90,diffdock_sdf,diffdock,rank3_confidence0.04|idx_3,output/diffdock_workflow/poses/4PYX/complex_0/rank3_confidence0.04.sdf,ok_low_coverage,atom_name,5.081268516473445,26.0,26.0,10.0,0.38461538461538464,V90|A|304,SDF|LIG|1,No sub-structure match found between the reference and probe mol
4PYX,V90,diffdock_sdf,diffdock,rank4_confidence0.03|idx_4,output/diffdock_workflow/poses/4PYX/complex_0/rank4_confidence0.03.sdf,ok_low_coverage,atom_name,5.304833889997029,26.0,26.0,10.0,0.38461538461538464,V90|A|304,SDF|LIG|1,No sub-structure match found between the reference and probe mol
4PYX,V90,diffdock_complex_pdb,diffdock,4PYX_diffdock_complex,output/diffdock_workflow/complexes/4PYX_diffdock_complex.pdb,ok,rdkit_best_rms,1.4289956326697097,26.0,26.0,26.0,1.0,V90|A|304,UNL|L|1,
4PYX,V90,boltz_cif,crystal_pocket,4PYX_crystal_pocket_model_0|idx_0,output/boltz_results_boltz_inputs/predictions/4PYX_crystal_pocket/4PYX_crystal_pocket_model_0.cif,ok,rdkit_best_rms,1.4635333309033993,26.0,26.0,26.0,1.0,V90|A|304,LIG1|V90|1,
4PYX,V90,boltz_cif,default,4PYX_default_model_0|idx_0,output/boltz_results_boltz_inputs/predictions/4PYX_default/4PYX_default_model_0.cif,ok,rdkit_best_rms,1.4551684404499206,26.0,26.0,26.0,1.0,V90|A|304,LIG1|V90|1,
4PYX,V90,boltz_cif,diffdock_pocket,4PYX_diffdock_pocket_model_0|idx_0,output/boltz_results_boltz_inputs/predictions/4PYX_diffdock_pocket/4PYX_diffdock_pocket_model_0.cif,ok,rdkit_best_rms,1.48520676172846,26.0,26.0,26.0,1.0,V90|A|304,LIG1|V90|1,
4PYY,V14,diffdock_sdf,diffdock,rank1|idx_1,output/diffdock_workflow/poses/4PYY/complex_0/rank1.sdf,ok_low_coverage,atom_name,5.1522437614561225,56.0,28.0,10.0,0.35714285714285715,V14|A|302,SDF|LIG|1,No sub-structure match found between the reference and probe mol
4PYY,V14,diffdock_sdf,diffdock,rank1_confidence0.15|idx_1,output/diffdock_workflow/poses/4PYY/complex_0/rank1_confidence0.15.sdf,ok_low_coverage,atom_name,5.1522437614561225,56.0,28.0,10.0,0.35714285714285715,V14|A|302,SDF|LIG|1,No sub-structure match found between the reference and probe mol
4PYY,V14,diffdock_sdf,diffdock,rank2_confidence0.12|idx_2,output/diffdock_workflow/poses/4PYY/complex_0/rank2_confidence0.12.sdf,ok_low_coverage,atom_name,5.297717638698033,56.0,28.0,10.0,0.35714285714285715,V14|A|302,SDF|LIG|1,No sub-structure match found between the reference and probe mol
4PYY,V14,diffdock_sdf,diffdock,rank3_confidence-0.04|idx_3,output/diffdock_workflow/poses/4PYY/complex_0/rank3_confidence-0.04.sdf,ok_low_coverage,atom_name,5.232767323700179,56.0,28.0,10.0,0.35714285714285715,V14|A|302,SDF|LIG|1,No sub-structure match found between the reference and probe mol
4PYY,V14,diffdock_sdf,diffdock,rank4_confidence-0.14|idx_4,output/diffdock_workflow/poses/4PYY/complex_0/rank4_confidence-0.14.sdf,ok_low_coverage,atom_name,5.275912176000251,56.0,28.0,10.0,0.35714285714285715,V14|A|302,SDF|LIG|1,No sub-structure match found between the reference and probe mol
4PYY,V14,diffdock_complex_pdb,diffdock,4PYY_diffdock_complex,output/diffdock_workflow/complexes/4PYY_diffdock_complex.pdb,ok,rdkit_best_rms,1.7104632650473495,56.0,28.0,28.0,1.0,V14|A|302,UNL|L|1,
4PYY,V14,boltz_cif,crystal_pocket,4PYY_crystal_pocket_model_0|idx_0,output/boltz_results_boltz_inputs/predictions/4PYY_crystal_pocket/4PYY_crystal_pocket_model_0.cif,ok,rdkit_best_rms,1.1695520709442986,56.0,28.0,28.0,1.0,V14|A|302,LIG1|V14|1,
4PYY,V14,boltz_cif,default,4PYY_default_model_0|idx_0,output/boltz_results_boltz_inputs/predictions/4PYY_default/4PYY_default_model_0.cif,ok,rdkit_best_rms,1.4738722384455911,56.0,28.0,28.0,1.0,V14|A|302,LIG1|V14|1,
4PYY,V14,boltz_cif,diffdock_pocket,4PYY_diffdock_pocket_model_0|idx_0,output/boltz_results_boltz_inputs/predictions/4PYY_diffdock_pocket/4PYY_diffdock_pocket_model_0.cif,ok,rdkit_best_rms,1.3771160425226103,56.0,28.0,28.0,1.0,V14|A|302,LIG1|V14|1,
4PZH,V13,diffdock_sdf,diffdock,rank1|idx_1,output/diffdock_workflow/poses/4PZH/complex_0/rank1.sdf,ok_low_coverage,atom_name,2.648964349836737,20.0,20.0,6.0,0.3,V13|A|305,SDF|LIG|1,No sub-structure match found between the reference and probe mol
4PZH,V13,diffdock_sdf,diffdock,rank1_confidence0.14|idx_1,output/diffdock_workflow/poses/4PZH/complex_0/rank1_confidence0.14.sdf,ok_low_coverage,atom_name,2.648964349836737,20.0,20.0,6.0,0.3,V13|A|305,SDF|LIG|1,No sub-structure match found between the reference and probe mol
4PZH,V13,diffdock_sdf,diffdock,rank2_confidence0.08|idx_2,output/diffdock_workflow/poses/4PZH/complex_0/rank2_confidence0.08.sdf,ok_low_coverage,atom_name,2.674905851869796,20.0,20.0,6.0,0.3,V13|A|305,SDF|LIG|1,No sub-structure match found between the reference and probe mol
4PZH,V13,diffdock_sdf,diffdock,rank3_confidence0.07|idx_3,output/diffdock_workflow/poses/4PZH/complex_0/rank3_confidence0.07.sdf,ok_low_coverage,atom_name,2.6775797311298453,20.0,20.0,6.0,0.3,V13|A|305,SDF|LIG|1,No sub-structure match found between the reference and probe mol
4PZH,V13,diffdock_sdf,diffdock,rank4_confidence0.05|idx_4,output/diffdock_workflow/poses/4PZH/complex_0/rank4_confidence0.05.sdf,ok_low_coverage,atom_name,2.559375270248851,20.0,20.0,6.0,0.3,V13|A|305,SDF|LIG|1,No sub-structure match found between the reference and probe mol
4PZH,V13,diffdock_complex_pdb,diffdock,4PZH_diffdock_complex,output/diffdock_workflow/complexes/4PZH_diffdock_complex.pdb,ok,rdkit_best_rms,1.3034022916902832,20.0,20.0,20.0,1.0,V13|A|305,UNL|L|1,
4PZH,V13,boltz_cif,crystal_pocket,4PZH_crystal_pocket_model_0|idx_0,output/boltz_results_boltz_inputs/predictions/4PZH_crystal_pocket/4PZH_crystal_pocket_model_0.cif,ok,rdkit_best_rms,0.775718388185803,20.0,20.0,20.0,1.0,V13|A|305,LIG1|V13|1,
4PZH,V13,boltz_cif,default,4PZH_default_model_0|idx_0,output/boltz_results_boltz_inputs/predictions/4PZH_default/4PZH_default_model_0.cif,ok,rdkit_best_rms,0.36348555828911994,20.0,20.0,20.0,1.0,V13|A|305,LIG1|V13|1,
4PZH,V13,boltz_cif,diffdock_pocket,4PZH_diffdock_pocket_model_0|idx_0,output/boltz_results_boltz_inputs/predictions/4PZH_diffdock_pocket/4PZH_diffdock_pocket_model_0.cif,ok,rdkit_best_rms,0.648072366496578,20.0,20.0,20.0,1.0,V13|A|305,LIG1|V13|1,
4Q7P,3MH,diffdock_sdf,diffdock,rank1|idx_1,output/diffdock_workflow/poses/4Q7P/complex_0/rank1.sdf,ok_low_coverage,atom_name,1.2641802138656004,9.0,9.0,5.0,0.5555555555555556,3MH|A|302,SDF|LIG|1,No sub-structure match found between the reference and probe mol
4Q7P,3MH,diffdock_sdf,diffdock,rank1_confidence0.89|idx_1,output/diffdock_workflow/poses/4Q7P/complex_0/rank1_confidence0.89.sdf,ok_low_coverage,atom_name,1.2641802138656004,9.0,9.0,5.0,0.5555555555555556,3MH|A|302,SDF|LIG|1,No sub-structure match found between the reference and probe mol
4Q7P,3MH,diffdock_sdf,diffdock,rank2_confidence0.89|idx_2,output/diffdock_workflow/poses/4Q7P/complex_0/rank2_confidence0.89.sdf,ok_low_coverage,atom_name,1.2781887510996404,9.0,9.0,5.0,0.5555555555555556,3MH|A|302,SDF|LIG|1,No sub-structure match found between the reference and probe mol
4Q7P,3MH,diffdock_sdf,diffdock,rank3_confidence0.89|idx_3,output/diffdock_workflow/poses/4Q7P/complex_0/rank3_confidence0.89.sdf,ok_low_coverage,atom_name,1.2597980299145466,9.0,9.0,5.0,0.5555555555555556,3MH|A|302,SDF|LIG|1,No sub-structure match found between the reference and probe mol
4Q7P,3MH,diffdock_sdf,diffdock,rank4_confidence0.88|idx_4,output/diffdock_workflow/poses/4Q7P/complex_0/rank4_confidence0.88.sdf,ok_low_coverage,atom_name,1.278956446757543,9.0,9.0,5.0,0.5555555555555556,3MH|A|302,SDF|LIG|1,No sub-structure match found between the reference and probe mol
4Q7P,3MH,diffdock_complex_pdb,diffdock,4Q7P_diffdock_complex,output/diffdock_workflow/complexes/4Q7P_diffdock_complex.pdb,ok,rdkit_best_rms,0.04974440211536807,9.0,9.0,9.0,1.0,3MH|A|302,UNL|L|1,
4Q7P,3MH,boltz_cif,crystal_pocket,4Q7P_crystal_pocket_model_0|idx_0,output/boltz_results_boltz_inputs/predictions/4Q7P_crystal_pocket/4Q7P_crystal_pocket_model_0.cif,ok,rdkit_best_rms,0.03284907194954104,9.0,9.0,9.0,1.0,3MH|A|302,LIG1|3MH|1,
4Q7P,3MH,boltz_cif,default,4Q7P_default_model_0|idx_0,output/boltz_results_boltz_inputs/predictions/4Q7P_default/4Q7P_default_model_0.cif,ok,rdkit_best_rms,0.03099465143101548,9.0,9.0,9.0,1.0,3MH|A|302,LIG1|3MH|1,
4Q7P,3MH,boltz_cif,diffdock_pocket,4Q7P_diffdock_pocket_model_0|idx_0,output/boltz_results_boltz_inputs/predictions/4Q7P_diffdock_pocket/4Q7P_diffdock_pocket_model_0.cif,ok,rdkit_best_rms,0.03414264646899044,9.0,9.0,9.0,1.0,3MH|A|302,LIG1|3MH|1,
4Q7S,2YU,diffdock_sdf,diffdock,rank1|idx_1,output/diffdock_workflow/poses/4Q7S/complex_0/rank1.sdf,ok_low_coverage,atom_name,1.2677245011670106,9.0,9.0,4.0,0.4444444444444444,2YU|A|302,SDF|LIG|1,No sub-structure match found between the reference and probe mol
4Q7S,2YU,diffdock_sdf,diffdock,rank1_confidence0.82|idx_1,output/diffdock_workflow/poses/4Q7S/complex_0/rank1_confidence0.82.sdf,ok_low_coverage,atom_name,1.2677245011670106,9.0,9.0,4.0,0.4444444444444444,2YU|A|302,SDF|LIG|1,No sub-structure match found between the reference and probe mol
4Q7S,2YU,diffdock_sdf,diffdock,rank2_confidence0.78|idx_2,output/diffdock_workflow/poses/4Q7S/complex_0/rank2_confidence0.78.sdf,ok_low_coverage,atom_name,1.2965194732145564,9.0,9.0,4.0,0.4444444444444444,2YU|A|302,SDF|LIG|1,No sub-structure match found between the reference and probe mol
4Q7S,2YU,diffdock_sdf,diffdock,rank3_confidence0.76|idx_3,output/diffdock_workflow/poses/4Q7S/complex_0/rank3_confidence0.76.sdf,ok_low_coverage,atom_name,1.2800010580922856,9.0,9.0,4.0,0.4444444444444444,2YU|A|302,SDF|LIG|1,No sub-structure match found between the reference and probe mol
4Q7S,2YU,diffdock_sdf,diffdock,rank4_confidence0.75|idx_4,output/diffdock_workflow/poses/4Q7S/complex_0/rank4_confidence0.75.sdf,ok_low_coverage,atom_name,1.2906985677403677,9.0,9.0,4.0,0.4444444444444444,2YU|A|302,SDF|LIG|1,No sub-structure match found between the reference and probe mol
4Q7S,2YU,diffdock_complex_pdb,diffdock,4Q7S_diffdock_complex,output/diffdock_workflow/complexes/4Q7S_diffdock_complex.pdb,ok,rdkit_best_rms,0.059935954600085335,9.0,9.0,9.0,1.0,2YU|A|302,UNL|L|1,
4Q7S,2YU,boltz_cif,crystal_pocket,4Q7S_crystal_pocket_model_0|idx_0,output/boltz_results_boltz_inputs/predictions/4Q7S_crystal_pocket/4Q7S_crystal_pocket_model_0.cif,ok,rdkit_best_rms,0.03566129429941217,9.0,9.0,9.0,1.0,2YU|A|302,LIG1|2YU|1,
4Q7S,2YU,boltz_cif,default,4Q7S_default_model_0|idx_0,output/boltz_results_boltz_inputs/predictions/4Q7S_default/4Q7S_default_model_0.cif,ok,rdkit_best_rms,0.03922489987869023,9.0,9.0,9.0,1.0,2YU|A|302,LIG1|2YU|1,
4Q7S,2YU,boltz_cif,diffdock_pocket,4Q7S_diffdock_pocket_model_0|idx_0,output/boltz_results_boltz_inputs/predictions/4Q7S_diffdock_pocket/4Q7S_diffdock_pocket_model_0.cif,ok,rdkit_best_rms,0.03349145104367512,9.0,9.0,9.0,1.0,2YU|A|302,LIG1|2YU|1,
4Q7V,5MH,diffdock_sdf,diffdock,rank1|idx_1,output/diffdock_workflow/poses/4Q7V/complex_0/rank1.sdf,ok_low_coverage,atom_name,1.8433756920069135,9.0,9.0,4.0,0.4444444444444444,5MH|A|302,SDF|LIG|1,No sub-structure match found between the reference and probe mol
4Q7V,5MH,diffdock_sdf,diffdock,rank1_confidence0.84|idx_1,output/diffdock_workflow/poses/4Q7V/complex_0/rank1_confidence0.84.sdf,ok_low_coverage,atom_name,1.8433756920069135,9.0,9.0,4.0,0.4444444444444444,5MH|A|302,SDF|LIG|1,No sub-structure match found between the reference and probe mol
4Q7V,5MH,diffdock_sdf,diffdock,rank2_confidence0.84|idx_2,output/diffdock_workflow/poses/4Q7V/complex_0/rank2_confidence0.84.sdf,ok_low_coverage,atom_name,1.846315185342295,9.0,9.0,4.0,0.4444444444444444,5MH|A|302,SDF|LIG|1,No sub-structure match found between the reference and probe mol
4Q7V,5MH,diffdock_sdf,diffdock,rank3_confidence0.83|idx_3,output/diffdock_workflow/poses/4Q7V/complex_0/rank3_confidence0.83.sdf,ok_low_coverage,atom_name,1.8393590992527376,9.0,9.0,4.0,0.4444444444444444,5MH|A|302,SDF|LIG|1,No sub-structure match found between the reference and probe mol
4Q7V,5MH,diffdock_sdf,diffdock,rank4_confidence0.83|idx_4,output/diffdock_workflow/poses/4Q7V/complex_0/rank4_confidence0.83.sdf,ok_low_coverage,atom_name,1.8726834635579541,9.0,9.0,4.0,0.4444444444444444,5MH|A|302,SDF|LIG|1,No sub-structure match found between the reference and probe mol
4Q7V,5MH,diffdock_complex_pdb,diffdock,4Q7V_diffdock_complex,output/diffdock_workflow/complexes/4Q7V_diffdock_complex.pdb,ok,rdkit_best_rms,0.03901386321986298,9.0,9.0,9.0,1.0,5MH|A|302,UNL|L|1,
4Q7V,5MH,boltz_cif,crystal_pocket,4Q7V_crystal_pocket_model_0|idx_0,output/boltz_results_boltz_inputs/predictions/4Q7V_crystal_pocket/4Q7V_crystal_pocket_model_0.cif,ok,rdkit_best_rms,0.03262936765696344,9.0,9.0,9.0,1.0,5MH|A|302,LIG1|5MH|1,
4Q7V,5MH,boltz_cif,default,4Q7V_default_model_0|idx_0,output/boltz_results_boltz_inputs/predictions/4Q7V_default/4Q7V_default_model_0.cif,ok,rdkit_best_rms,0.02963367358217931,9.0,9.0,9.0,1.0,5MH|A|302,LIG1|5MH|1,
4Q7V,5MH,boltz_cif,diffdock_pocket,4Q7V_diffdock_pocket_model_0|idx_0,output/boltz_results_boltz_inputs/predictions/4Q7V_diffdock_pocket/4Q7V_diffdock_pocket_model_0.cif,ok,rdkit_best_rms,0.030883325953969414,9.0,9.0,9.0,1.0,5MH|A|302,LIG1|5MH|1,
4Q7W,6MH,diffdock_sdf,diffdock,rank1|idx_1,output/diffdock_workflow/poses/4Q7W/complex_0/rank1.sdf,ok_low_coverage,atom_name,0.8875809642663555,9.0,9.0,6.0,0.6666666666666666,6MH|A|302,SDF|LIG|1,No sub-structure match found between the reference and probe mol
4Q7W,6MH,diffdock_sdf,diffdock,rank1_confidence0.64|idx_1,output/diffdock_workflow/poses/4Q7W/complex_0/rank1_confidence0.64.sdf,ok_low_coverage,atom_name,0.8875809642663555,9.0,9.0,6.0,0.6666666666666666,6MH|A|302,SDF|LIG|1,No sub-structure match found between the reference and probe mol
4Q7W,6MH,diffdock_sdf,diffdock,rank2_confidence0.64|idx_2,output/diffdock_workflow/poses/4Q7W/complex_0/rank2_confidence0.64.sdf,ok_low_coverage,atom_name,0.8868662765626126,9.0,9.0,6.0,0.6666666666666666,6MH|A|302,SDF|LIG|1,No sub-structure match found between the reference and probe mol
4Q7W,6MH,diffdock_sdf,diffdock,rank3_confidence0.64|idx_3,output/diffdock_workflow/poses/4Q7W/complex_0/rank3_confidence0.64.sdf,ok_low_coverage,atom_name,0.8840323656412491,9.0,9.0,6.0,0.6666666666666666,6MH|A|302,SDF|LIG|1,No sub-structure match found between the reference and probe mol
4Q7W,6MH,diffdock_sdf,diffdock,rank4_confidence0.63|idx_4,output/diffdock_workflow/poses/4Q7W/complex_0/rank4_confidence0.63.sdf,ok_low_coverage,atom_name,0.8876165003026605,9.0,9.0,6.0,0.6666666666666666,6MH|A|302,SDF|LIG|1,No sub-structure match found between the reference and probe mol
4Q7W,6MH,diffdock_complex_pdb,diffdock,4Q7W_diffdock_complex,output/diffdock_workflow/complexes/4Q7W_diffdock_complex.pdb,ok,rdkit_best_rms,0.055083006419725966,9.0,9.0,9.0,1.0,6MH|A|302,UNL|L|1,
4Q7W,6MH,boltz_cif,crystal_pocket,4Q7W_crystal_pocket_model_0|idx_0,output/boltz_results_boltz_inputs/predictions/4Q7W_crystal_pocket/4Q7W_crystal_pocket_model_0.cif,ok,rdkit_best_rms,0.03573452958149894,9.0,9.0,9.0,1.0,6MH|A|302,LIG1|6MH|1,
4Q7W,6MH,boltz_cif,default,4Q7W_default_model_0|idx_0,output/boltz_results_boltz_inputs/predictions/4Q7W_default/4Q7W_default_model_0.cif,ok,rdkit_best_rms,0.03492133019983737,9.0,9.0,9.0,1.0,6MH|A|302,LIG1|6MH|1,
4Q7W,6MH,boltz_cif,diffdock_pocket,4Q7W_diffdock_pocket_model_0|idx_0,output/boltz_results_boltz_inputs/predictions/4Q7W_diffdock_pocket/4Q7W_diffdock_pocket_model_0.cif,ok,rdkit_best_rms,0.03468070168679021,9.0,9.0,9.0,1.0,6MH|A|302,LIG1|6MH|1,
4Q81,7MH,diffdock_sdf,diffdock,rank1|idx_1,output/diffdock_workflow/poses/4Q81/complex_0/rank1.sdf,ok_low_coverage,atom_name,0.7905084205818208,10.0,10.0,5.0,0.5,7MH|A|303,SDF|LIG|1,No sub-structure match found between the reference and probe mol
4Q81,7MH,diffdock_sdf,diffdock,rank1_confidence0.19|idx_1,output/diffdock_workflow/poses/4Q81/complex_0/rank1_confidence0.19.sdf,ok_low_coverage,atom_name,0.7905084205818208,10.0,10.0,5.0,0.5,7MH|A|303,SDF|LIG|1,No sub-structure match found between the reference and probe mol
4Q81,7MH,diffdock_sdf,diffdock,rank2_confidence0.19|idx_2,output/diffdock_workflow/poses/4Q81/complex_0/rank2_confidence0.19.sdf,ok_low_coverage,atom_name,0.7905151935917134,10.0,10.0,5.0,0.5,7MH|A|303,SDF|LIG|1,No sub-structure match found between the reference and probe mol
4Q81,7MH,diffdock_sdf,diffdock,rank3_confidence0.18|idx_3,output/diffdock_workflow/poses/4Q81/complex_0/rank3_confidence0.18.sdf,ok_low_coverage,atom_name,0.7955266994042949,10.0,10.0,5.0,0.5,7MH|A|303,SDF|LIG|1,No sub-structure match found between the reference and probe mol
4Q81,7MH,diffdock_sdf,diffdock,rank4_confidence0.18|idx_4,output/diffdock_workflow/poses/4Q81/complex_0/rank4_confidence0.18.sdf,ok_low_coverage,atom_name,0.7929039146049511,10.0,10.0,5.0,0.5,7MH|A|303,SDF|LIG|1,No sub-structure match found between the reference and probe mol
4Q81,7MH,diffdock_complex_pdb,diffdock,4Q81_diffdock_complex,output/diffdock_workflow/complexes/4Q81_diffdock_complex.pdb,ok,rdkit_best_rms,0.0696689970453418,10.0,10.0,10.0,1.0,7MH|A|303,UNL|L|1,
4Q81,7MH,boltz_cif,crystal_pocket,4Q81_crystal_pocket_model_0|idx_0,output/boltz_results_boltz_inputs/predictions/4Q81_crystal_pocket/4Q81_crystal_pocket_model_0.cif,ok,rdkit_best_rms,0.03692165075847864,10.0,10.0,10.0,1.0,7MH|A|303,LIG1|7MH|1,
4Q81,7MH,boltz_cif,default,4Q81_default_model_0|idx_0,output/boltz_results_boltz_inputs/predictions/4Q81_default/4Q81_default_model_0.cif,ok,rdkit_best_rms,0.036852546426843075,10.0,10.0,10.0,1.0,7MH|A|303,LIG1|7MH|1,
4Q81,7MH,boltz_cif,diffdock_pocket,4Q81_diffdock_pocket_model_0|idx_0,output/boltz_results_boltz_inputs/predictions/4Q81_diffdock_pocket/4Q81_diffdock_pocket_model_0.cif,ok,rdkit_best_rms,0.03871197559901336,10.0,10.0,10.0,1.0,7MH|A|303,LIG1|7MH|1,
4Q83,3FH,diffdock_sdf,diffdock,rank1|idx_1,output/diffdock_workflow/poses/4Q83/complex_0/rank1.sdf,ok_low_coverage,atom_name,1.3184795050194626,12.0,12.0,4.0,0.3333333333333333,3FH|A|302,SDF|LIG|1,No sub-structure match found between the reference and probe mol
4Q83,3FH,diffdock_sdf,diffdock,rank1_confidence0.89|idx_1,output/diffdock_workflow/poses/4Q83/complex_0/rank1_confidence0.89.sdf,ok_low_coverage,atom_name,1.3184795050194626,12.0,12.0,4.0,0.3333333333333333,3FH|A|302,SDF|LIG|1,No sub-structure match found between the reference and probe mol
4Q83,3FH,diffdock_sdf,diffdock,rank2_confidence0.85|idx_2,output/diffdock_workflow/poses/4Q83/complex_0/rank2_confidence0.85.sdf,ok_low_coverage,atom_name,1.3212203701571956,12.0,12.0,4.0,0.3333333333333333,3FH|A|302,SDF|LIG|1,No sub-structure match found between the reference and probe mol
4Q83,3FH,diffdock_sdf,diffdock,rank3_confidence0.84|idx_3,output/diffdock_workflow/poses/4Q83/complex_0/rank3_confidence0.84.sdf,ok_low_coverage,atom_name,1.3188407498472752,12.0,12.0,4.0,0.3333333333333333,3FH|A|302,SDF|LIG|1,No sub-structure match found between the reference and probe mol
4Q83,3FH,diffdock_sdf,diffdock,rank4_confidence0.83|idx_4,output/diffdock_workflow/poses/4Q83/complex_0/rank4_confidence0.83.sdf,ok_low_coverage,atom_name,1.3205519137936228,12.0,12.0,4.0,0.3333333333333333,3FH|A|302,SDF|LIG|1,No sub-structure match found between the reference and probe mol
4Q83,3FH,diffdock_complex_pdb,diffdock,4Q83_diffdock_complex,output/diffdock_workflow/complexes/4Q83_diffdock_complex.pdb,ok,rdkit_best_rms,0.08541232368843897,12.0,12.0,12.0,1.0,3FH|A|302,UNL|L|1,
4Q83,3FH,boltz_cif,crystal_pocket,4Q83_crystal_pocket_model_0|idx_0,output/boltz_results_boltz_inputs/predictions/4Q83_crystal_pocket/4Q83_crystal_pocket_model_0.cif,ok,rdkit_best_rms,0.06528780114113525,12.0,12.0,12.0,1.0,3FH|A|302,LIG1|3FH|1,
4Q83,3FH,boltz_cif,default,4Q83_default_model_0|idx_0,output/boltz_results_boltz_inputs/predictions/4Q83_default/4Q83_default_model_0.cif,ok,rdkit_best_rms,0.0661736200787421,12.0,12.0,12.0,1.0,3FH|A|302,LIG1|3FH|1,
4Q83,3FH,boltz_cif,diffdock_pocket,4Q83_diffdock_pocket_model_0|idx_0,output/boltz_results_boltz_inputs/predictions/4Q83_diffdock_pocket/4Q83_diffdock_pocket_model_0.cif,ok,rdkit_best_rms,0.07046498478842143,12.0,12.0,12.0,1.0,3FH|A|302,LIG1|3FH|1,
4Q87,4FH,diffdock_sdf,diffdock,rank1|idx_1,output/diffdock_workflow/poses/4Q87/complex_0/rank1.sdf,ok_low_coverage,atom_name,1.0373900022123381,12.0,12.0,4.0,0.3333333333333333,4FH|A|303,SDF|LIG|1,No sub-structure match found between the reference and probe mol
4Q87,4FH,diffdock_sdf,diffdock,rank1_confidence0.77|idx_1,output/diffdock_workflow/poses/4Q87/complex_0/rank1_confidence0.77.sdf,ok_low_coverage,atom_name,1.0373900022123381,12.0,12.0,4.0,0.3333333333333333,4FH|A|303,SDF|LIG|1,No sub-structure match found between the reference and probe mol
4Q87,4FH,diffdock_sdf,diffdock,rank2_confidence0.76|idx_2,output/diffdock_workflow/poses/4Q87/complex_0/rank2_confidence0.76.sdf,ok_low_coverage,atom_name,1.0380258631257973,12.0,12.0,4.0,0.3333333333333333,4FH|A|303,SDF|LIG|1,No sub-structure match found between the reference and probe mol
4Q87,4FH,diffdock_sdf,diffdock,rank3_confidence0.75|idx_3,output/diffdock_workflow/poses/4Q87/complex_0/rank3_confidence0.75.sdf,ok_low_coverage,atom_name,1.0370487306016292,12.0,12.0,4.0,0.3333333333333333,4FH|A|303,SDF|LIG|1,No sub-structure match found between the reference and probe mol
4Q87,4FH,diffdock_sdf,diffdock,rank4_confidence0.74|idx_4,output/diffdock_workflow/poses/4Q87/complex_0/rank4_confidence0.74.sdf,ok_low_coverage,atom_name,1.037955619372935,12.0,12.0,4.0,0.3333333333333333,4FH|A|303,SDF|LIG|1,No sub-structure match found between the reference and probe mol
4Q87,4FH,diffdock_complex_pdb,diffdock,4Q87_diffdock_complex,output/diffdock_workflow/complexes/4Q87_diffdock_complex.pdb,ok,rdkit_best_rms,0.07214955627869865,12.0,12.0,12.0,1.0,4FH|A|303,UNL|L|1,
4Q87,4FH,boltz_cif,crystal_pocket,4Q87_crystal_pocket_model_0|idx_0,output/boltz_results_boltz_inputs/predictions/4Q87_crystal_pocket/4Q87_crystal_pocket_model_0.cif,ok,rdkit_best_rms,0.05044108043324424,12.0,12.0,12.0,1.0,4FH|A|303,LIG1|4FH|1,
4Q87,4FH,boltz_cif,default,4Q87_default_model_0|idx_0,output/boltz_results_boltz_inputs/predictions/4Q87_default/4Q87_default_model_0.cif,ok,rdkit_best_rms,0.044396475887744334,12.0,12.0,12.0,1.0,4FH|A|303,LIG1|4FH|1,
4Q87,4FH,boltz_cif,diffdock_pocket,4Q87_diffdock_pocket_model_0|idx_0,output/boltz_results_boltz_inputs/predictions/4Q87_diffdock_pocket/4Q87_diffdock_pocket_model_0.cif,ok,rdkit_best_rms,0.042427263217640517,12.0,12.0,12.0,1.0,4FH|A|303,LIG1|4FH|1,
4Q8X,7FH,diffdock_sdf,diffdock,rank1|idx_1,output/diffdock_workflow/poses/4Q8X/complex_0/rank1.sdf,ok_low_coverage,atom_name,2.396671194141384,24.0,12.0,4.0,0.3333333333333333,7FH|A|304,SDF|LIG|1,No sub-structure match found between the reference and probe mol
4Q8X,7FH,diffdock_sdf,diffdock,rank1_confidence0.47|idx_1,output/diffdock_workflow/poses/4Q8X/complex_0/rank1_confidence0.47.sdf,ok_low_coverage,atom_name,2.396671194141384,24.0,12.0,4.0,0.3333333333333333,7FH|A|304,SDF|LIG|1,No sub-structure match found between the reference and probe mol
4Q8X,7FH,diffdock_sdf,diffdock,rank2_confidence0.43|idx_2,output/diffdock_workflow/poses/4Q8X/complex_0/rank2_confidence0.43.sdf,ok_low_coverage,atom_name,2.4114564117438766,24.0,12.0,4.0,0.3333333333333333,7FH|A|304,SDF|LIG|1,No sub-structure match found between the reference and probe mol
4Q8X,7FH,diffdock_sdf,diffdock,rank3_confidence0.42|idx_3,output/diffdock_workflow/poses/4Q8X/complex_0/rank3_confidence0.42.sdf,ok_low_coverage,atom_name,2.4079356271012213,24.0,12.0,4.0,0.3333333333333333,7FH|A|304,SDF|LIG|1,No sub-structure match found between the reference and probe mol
4Q8X,7FH,diffdock_sdf,diffdock,rank4_confidence0.39|idx_4,output/diffdock_workflow/poses/4Q8X/complex_0/rank4_confidence0.39.sdf,ok_low_coverage,atom_name,2.4605149598649025,24.0,12.0,4.0,0.3333333333333333,7FH|A|304,SDF|LIG|1,No sub-structure match found between the reference and probe mol
4Q8X,7FH,diffdock_complex_pdb,diffdock,4Q8X_diffdock_complex,output/diffdock_workflow/complexes/4Q8X_diffdock_complex.pdb,ok,rdkit_best_rms,0.1371526556019205,24.0,12.0,12.0,1.0,7FH|A|304,UNL|L|1,
4Q8X,7FH,boltz_cif,crystal_pocket,4Q8X_crystal_pocket_model_0|idx_0,output/boltz_results_boltz_inputs/predictions/4Q8X_crystal_pocket/4Q8X_crystal_pocket_model_0.cif,ok,rdkit_best_rms,0.0516382186110749,24.0,12.0,12.0,1.0,7FH|A|304,LIG1|7FH|1,
4Q8X,7FH,boltz_cif,default,4Q8X_default_model_0|idx_0,output/boltz_results_boltz_inputs/predictions/4Q8X_default/4Q8X_default_model_0.cif,ok,rdkit_best_rms,0.17299986440027348,24.0,12.0,12.0,1.0,7FH|A|304,LIG1|7FH|1,
4Q8X,7FH,boltz_cif,diffdock_pocket,4Q8X_diffdock_pocket_model_0|idx_0,output/boltz_results_boltz_inputs/predictions/4Q8X_diffdock_pocket/4Q8X_diffdock_pocket_model_0.cif,ok,rdkit_best_rms,0.071498698837308,24.0,12.0,12.0,1.0,7FH|A|304,LIG1|7FH|1,
4Q8Y,HQT,diffdock_sdf,diffdock,rank1|idx_1,output/diffdock_workflow/poses/4Q8Y/complex_0/rank1.sdf,ok_low_coverage,atom_name,1.8167998868983544,12.0,12.0,8.0,0.6666666666666666,HQT|A|303,SDF|LIG|1,No sub-structure match found between the reference and probe mol
4Q8Y,HQT,diffdock_sdf,diffdock,rank1_confidence0.75|idx_1,output/diffdock_workflow/poses/4Q8Y/complex_0/rank1_confidence0.75.sdf,ok_low_coverage,atom_name,1.8167998868983544,12.0,12.0,8.0,0.6666666666666666,HQT|A|303,SDF|LIG|1,No sub-structure match found between the reference and probe mol
4Q8Y,HQT,diffdock_sdf,diffdock,rank2_confidence0.68|idx_2,output/diffdock_workflow/poses/4Q8Y/complex_0/rank2_confidence0.68.sdf,ok_low_coverage,atom_name,1.763128699283966,12.0,12.0,8.0,0.6666666666666666,HQT|A|303,SDF|LIG|1,No sub-structure match found between the reference and probe mol
4Q8Y,HQT,diffdock_sdf,diffdock,rank3_confidence0.66|idx_3,output/diffdock_workflow/poses/4Q8Y/complex_0/rank3_confidence0.66.sdf,ok_low_coverage,atom_name,1.7744625022683898,12.0,12.0,8.0,0.6666666666666666,HQT|A|303,SDF|LIG|1,No sub-structure match found between the reference and probe mol
4Q8Y,HQT,diffdock_sdf,diffdock,rank4_confidence0.62|idx_4,output/diffdock_workflow/poses/4Q8Y/complex_0/rank4_confidence0.62.sdf,ok_low_coverage,atom_name,1.8135681471490956,12.0,12.0,8.0,0.6666666666666666,HQT|A|303,SDF|LIG|1,No sub-structure match found between the reference and probe mol
4Q8Y,HQT,diffdock_complex_pdb,diffdock,4Q8Y_diffdock_complex,output/diffdock_workflow/complexes/4Q8Y_diffdock_complex.pdb,ok,rdkit_best_rms,0.06833384250869076,12.0,12.0,12.0,1.0,HQT|A|303,UNL|L|1,
4Q8Y,HQT,boltz_cif,crystal_pocket,4Q8Y_crystal_pocket_model_0|idx_0,output/boltz_results_boltz_inputs/predictions/4Q8Y_crystal_pocket/4Q8Y_crystal_pocket_model_0.cif,ok,rdkit_best_rms,0.05521649001401542,12.0,12.0,12.0,1.0,HQT|A|303,LIG1|HQT|1,
4Q8Y,HQT,boltz_cif,default,4Q8Y_default_model_0|idx_0,output/boltz_results_boltz_inputs/predictions/4Q8Y_default/4Q8Y_default_model_0.cif,ok,rdkit_best_rms,0.05354408771178307,12.0,12.0,12.0,1.0,HQT|A|303,LIG1|HQT|1,
4Q8Y,HQT,boltz_cif,diffdock_pocket,4Q8Y_diffdock_pocket_model_0|idx_0,output/boltz_results_boltz_inputs/predictions/4Q8Y_diffdock_pocket/4Q8Y_diffdock_pocket_model_0.cif,ok,rdkit_best_rms,0.057220392215502715,12.0,12.0,12.0,1.0,HQT|A|303,LIG1|HQT|1,
4QSA,EWW,diffdock_sdf,diffdock,rank1|idx_1,output/diffdock_workflow/poses/4QSA/complex_0/rank1.sdf,ok_low_coverage,atom_name,5.13245851573302,46.0,23.0,10.0,0.43478260869565216,EWW|A|302,SDF|LIG|1,No sub-structure match found between the reference and probe mol
4QSA,EWW,diffdock_sdf,diffdock,rank1_confidence0.30|idx_1,output/diffdock_workflow/poses/4QSA/complex_0/rank1_confidence0.30.sdf,ok_low_coverage,atom_name,5.13245851573302,46.0,23.0,10.0,0.43478260869565216,EWW|A|302,SDF|LIG|1,No sub-structure match found between the reference and probe mol
4QSA,EWW,diffdock_sdf,diffdock,rank2_confidence0.25|idx_2,output/diffdock_workflow/poses/4QSA/complex_0/rank2_confidence0.25.sdf,ok_low_coverage,atom_name,5.157243533684057,46.0,23.0,10.0,0.43478260869565216,EWW|A|302,SDF|LIG|1,No sub-structure match found between the reference and probe mol
4QSA,EWW,diffdock_sdf,diffdock,rank3_confidence0.25|idx_3,output/diffdock_workflow/poses/4QSA/complex_0/rank3_confidence0.25.sdf,ok_low_coverage,atom_name,5.062548097010425,46.0,23.0,10.0,0.43478260869565216,EWW|A|302,SDF|LIG|1,No sub-structure match found between the reference and probe mol
4QSA,EWW,diffdock_sdf,diffdock,rank4_confidence0.18|idx_4,output/diffdock_workflow/poses/4QSA/complex_0/rank4_confidence0.18.sdf,ok_low_coverage,atom_name,5.156834528940854,46.0,23.0,10.0,0.43478260869565216,EWW|A|302,SDF|LIG|1,No sub-structure match found between the reference and probe mol
4QSA,EWW,diffdock_complex_pdb,diffdock,4QSA_diffdock_complex,output/diffdock_workflow/complexes/4QSA_diffdock_complex.pdb,ok,rdkit_best_rms,1.6949865567480875,46.0,23.0,23.0,1.0,EWW|A|302,UNL|L|1,
4QSA,EWW,boltz_cif,crystal_pocket,4QSA_crystal_pocket_model_0|idx_0,output/boltz_results_boltz_inputs/predictions/4QSA_crystal_pocket/4QSA_crystal_pocket_model_0.cif,ok,rdkit_best_rms,0.5697140339801035,46.0,23.0,23.0,1.0,EWW|A|302,LIG1|EWW|1,
4QSA,EWW,boltz_cif,default,4QSA_default_model_0|idx_0,output/boltz_results_boltz_inputs/predictions/4QSA_default/4QSA_default_model_0.cif,ok,rdkit_best_rms,0.6321677048243312,46.0,23.0,23.0,1.0,EWW|A|302,LIG1|EWW|1,
4QSA,EWW,boltz_cif,diffdock_pocket,4QSA_diffdock_pocket_model_0|idx_0,output/boltz_results_boltz_inputs/predictions/4QSA_diffdock_pocket/4QSA_diffdock_pocket_model_0.cif,ok,rdkit_best_rms,0.5384218208908897,46.0,23.0,23.0,1.0,EWW|A|302,LIG1|EWW|1,
4QSB,EWY,diffdock_sdf,diffdock,rank1|idx_1,output/diffdock_workflow/poses/4QSB/complex_0/rank1.sdf,ok_low_coverage,atom_name,3.394217429378171,44.0,22.0,11.0,0.5,EWY|A|302,SDF|LIG|1,No sub-structure match found between the reference and probe mol
4QSB,EWY,diffdock_sdf,diffdock,rank1_confidence0.34|idx_1,output/diffdock_workflow/poses/4QSB/complex_0/rank1_confidence0.34.sdf,ok_low_coverage,atom_name,3.394217429378171,44.0,22.0,11.0,0.5,EWY|A|302,SDF|LIG|1,No sub-structure match found between the reference and probe mol
4QSB,EWY,diffdock_sdf,diffdock,rank2_confidence0.14|idx_2,output/diffdock_workflow/poses/4QSB/complex_0/rank2_confidence0.14.sdf,ok_low_coverage,atom_name,3.267423873130693,44.0,22.0,11.0,0.5,EWY|A|302,SDF|LIG|1,No sub-structure match found between the reference and probe mol
4QSB,EWY,diffdock_sdf,diffdock,rank3_confidence-0.05|idx_3,output/diffdock_workflow/poses/4QSB/complex_0/rank3_confidence-0.05.sdf,ok_low_coverage,atom_name,5.8714701589099745,44.0,22.0,11.0,0.5,EWY|A|302,SDF|LIG|1,No sub-structure match found between the reference and probe mol
4QSB,EWY,diffdock_sdf,diffdock,rank4_confidence-0.06|idx_4,output/diffdock_workflow/poses/4QSB/complex_0/rank4_confidence-0.06.sdf,ok_low_coverage,atom_name,3.4543903669139597,44.0,22.0,11.0,0.5,EWY|A|302,SDF|LIG|1,No sub-structure match found between the reference and probe mol
4QSB,EWY,diffdock_complex_pdb,diffdock,4QSB_diffdock_complex,output/diffdock_workflow/complexes/4QSB_diffdock_complex.pdb,ok,rdkit_best_rms,1.092308625553832,44.0,22.0,22.0,1.0,EWY|A|302,UNL|L|1,
4QSB,EWY,boltz_cif,crystal_pocket,4QSB_crystal_pocket_model_0|idx_0,output/boltz_results_boltz_inputs/predictions/4QSB_crystal_pocket/4QSB_crystal_pocket_model_0.cif,ok,rdkit_best_rms,0.24508971412463076,44.0,22.0,22.0,1.0,EWY|A|302,LIG1|EWY|1,
4QSB,EWY,boltz_cif,default,4QSB_default_model_0|idx_0,output/boltz_results_boltz_inputs/predictions/4QSB_default/4QSB_default_model_0.cif,ok,rdkit_best_rms,0.2755405999814357,44.0,22.0,22.0,1.0,EWY|A|302,LIG1|EWY|1,
4QSB,EWY,boltz_cif,diffdock_pocket,4QSB_diffdock_pocket_model_0|idx_0,output/boltz_results_boltz_inputs/predictions/4QSB_diffdock_pocket/4QSB_diffdock_pocket_model_0.cif,ok,rdkit_best_rms,1.0132205247884483,44.0,22.0,22.0,1.0,EWY|A|302,LIG1|EWY|1,
4QSI,EWZ,diffdock_sdf,diffdock,rank1|idx_1,output/diffdock_workflow/poses/4QSI/complex_0/rank1.sdf,ok_low_coverage,atom_name,2.892687545671797,52.0,26.0,13.0,0.5,EWZ|A|305,SDF|LIG|1,No sub-structure match found between the reference and probe mol
4QSI,EWZ,diffdock_sdf,diffdock,rank1_confidence-0.76|idx_1,output/diffdock_workflow/poses/4QSI/complex_0/rank1_confidence-0.76.sdf,ok_low_coverage,atom_name,2.892687545671797,52.0,26.0,13.0,0.5,EWZ|A|305,SDF|LIG|1,No sub-structure match found between the reference and probe mol
4QSI,EWZ,diffdock_sdf,diffdock,rank2_confidence-0.87|idx_2,output/diffdock_workflow/poses/4QSI/complex_0/rank2_confidence-0.87.sdf,ok_low_coverage,atom_name,3.209712601111597,52.0,26.0,13.0,0.5,EWZ|A|305,SDF|LIG|1,No sub-structure match found between the reference and probe mol
4QSI,EWZ,diffdock_sdf,diffdock,rank3_confidence-0.95|idx_3,output/diffdock_workflow/poses/4QSI/complex_0/rank3_confidence-0.95.sdf,ok_low_coverage,atom_name,3.0895042497377156,52.0,26.0,13.0,0.5,EWZ|A|305,SDF|LIG|1,No sub-structure match found between the reference and probe mol
4QSI,EWZ,diffdock_sdf,diffdock,rank4_confidence-0.97|idx_4,output/diffdock_workflow/poses/4QSI/complex_0/rank4_confidence-0.97.sdf,ok_low_coverage,atom_name,3.095574264293915,52.0,26.0,13.0,0.5,EWZ|A|305,SDF|LIG|1,No sub-structure match found between the reference and probe mol
4QSI,EWZ,diffdock_complex_pdb,diffdock,4QSI_diffdock_complex,output/diffdock_workflow/complexes/4QSI_diffdock_complex.pdb,ok,rdkit_best_rms,2.2709852106730875,52.0,26.0,26.0,1.0,EWZ|A|305,UNL|L|1,
4QSI,EWZ,boltz_cif,crystal_pocket,4QSI_crystal_pocket_model_0|idx_0,output/boltz_results_boltz_inputs/predictions/4QSI_crystal_pocket/4QSI_crystal_pocket_model_0.cif,ok,rdkit_best_rms,0.6238957907817662,52.0,26.0,26.0,1.0,EWZ|A|305,LIG1|EWZ|1,
4QSI,EWZ,boltz_cif,default,4QSI_default_model_0|idx_0,output/boltz_results_boltz_inputs/predictions/4QSI_default/4QSI_default_model_0.cif,ok,rdkit_best_rms,0.9746993680528614,52.0,26.0,26.0,1.0,EWZ|A|305,LIG1|EWZ|1,
4QSI,EWZ,boltz_cif,diffdock_pocket,4QSI_diffdock_pocket_model_0|idx_0,output/boltz_results_boltz_inputs/predictions/4QSI_diffdock_pocket/4QSI_diffdock_pocket_model_0.cif,ok,rdkit_best_rms,0.7135937117005288,52.0,26.0,26.0,1.0,EWZ|A|305,LIG1|EWZ|1,
4QTL,WWO,diffdock_sdf,diffdock,rank1|idx_1,output/diffdock_workflow/poses/4QTL/complex_0/rank1.sdf,ok_low_coverage,atom_name,4.185072543877602,27.0,27.0,12.0,0.4444444444444444,WWO|A|304,SDF|LIG|1,No sub-structure match found between the reference and probe mol
4QTL,WWO,diffdock_sdf,diffdock,rank1_confidence-0.90|idx_1,output/diffdock_workflow/poses/4QTL/complex_0/rank1_confidence-0.90.sdf,ok_low_coverage,atom_name,4.185072543877602,27.0,27.0,12.0,0.4444444444444444,WWO|A|304,SDF|LIG|1,No sub-structure match found between the reference and probe mol
4QTL,WWO,diffdock_sdf,diffdock,rank2_confidence-1.03|idx_2,output/diffdock_workflow/poses/4QTL/complex_0/rank2_confidence-1.03.sdf,ok_low_coverage,atom_name,4.445877812097033,27.0,27.0,12.0,0.4444444444444444,WWO|A|304,SDF|LIG|1,No sub-structure match found between the reference and probe mol
4QTL,WWO,diffdock_sdf,diffdock,rank3_confidence-1.16|idx_3,output/diffdock_workflow/poses/4QTL/complex_0/rank3_confidence-1.16.sdf,ok_low_coverage,atom_name,4.340243222623856,27.0,27.0,12.0,0.4444444444444444,WWO|A|304,SDF|LIG|1,No sub-structure match found between the reference and probe mol
4QTL,WWO,diffdock_sdf,diffdock,rank4_confidence-1.76|idx_4,output/diffdock_workflow/poses/4QTL/complex_0/rank4_confidence-1.76.sdf,ok_low_coverage,atom_name,3.613151229905599,27.0,27.0,12.0,0.4444444444444444,WWO|A|304,SDF|LIG|1,No sub-structure match found between the reference and probe mol
4QTL,WWO,diffdock_complex_pdb,diffdock,4QTL_diffdock_complex,output/diffdock_workflow/complexes/4QTL_diffdock_complex.pdb,ok,rdkit_best_rms,1.5647557004172314,27.0,27.0,27.0,1.0,WWO|A|304,UNL|L|1,
4QTL,WWO,boltz_cif,crystal_pocket,4QTL_crystal_pocket_model_0|idx_0,output/boltz_results_boltz_inputs/predictions/4QTL_crystal_pocket/4QTL_crystal_pocket_model_0.cif,ok,rdkit_best_rms,2.105052309940561,27.0,27.0,27.0,1.0,WWO|A|304,LIG1|WWO|1,
4QTL,WWO,boltz_cif,default,4QTL_default_model_0|idx_0,output/boltz_results_boltz_inputs/predictions/4QTL_default/4QTL_default_model_0.cif,ok,rdkit_best_rms,2.1204957737239396,27.0,27.0,27.0,1.0,WWO|A|304,LIG1|WWO|1,
4QTL,WWO,boltz_cif,diffdock_pocket,4QTL_diffdock_pocket_model_0|idx_0,output/boltz_results_boltz_inputs/predictions/4QTL_diffdock_pocket/4QTL_diffdock_pocket_model_0.cif,ok,rdkit_best_rms,2.2004584014439734,27.0,27.0,27.0,1.0,WWO|A|304,LIG1|WWO|1,
4RFC,3O1,diffdock_sdf,diffdock,rank1|idx_1,output/diffdock_workflow/poses/4RFC/complex_0/rank1.sdf,ok,element_sorted_fallback,1.4260552133112954,23.0,23.0,23.0,1.0,3O1|A|302,SDF|LIG|1,No sub-structure match found between the reference and probe mol
4RFC,3O1,diffdock_sdf,diffdock,rank1_confidence0.36|idx_1,output/diffdock_workflow/poses/4RFC/complex_0/rank1_confidence0.36.sdf,ok,element_sorted_fallback,1.4260552133112954,23.0,23.0,23.0,1.0,3O1|A|302,SDF|LIG|1,No sub-structure match found between the reference and probe mol
4RFC,3O1,diffdock_sdf,diffdock,rank2_confidence0.21|idx_2,output/diffdock_workflow/poses/4RFC/complex_0/rank2_confidence0.21.sdf,ok,element_sorted_fallback,1.677096417202135,23.0,23.0,23.0,1.0,3O1|A|302,SDF|LIG|1,No sub-structure match found between the reference and probe mol
4RFC,3O1,diffdock_sdf,diffdock,rank3_confidence0.21|idx_3,output/diffdock_workflow/poses/4RFC/complex_0/rank3_confidence0.21.sdf,ok,element_sorted_fallback,1.7845309753970309,23.0,23.0,23.0,1.0,3O1|A|302,SDF|LIG|1,No sub-structure match found between the reference and probe mol
4RFC,3O1,diffdock_sdf,diffdock,rank4_confidence0.15|idx_4,output/diffdock_workflow/poses/4RFC/complex_0/rank4_confidence0.15.sdf,ok,element_sorted_fallback,1.1966660656838244,23.0,23.0,23.0,1.0,3O1|A|302,SDF|LIG|1,No sub-structure match found between the reference and probe mol
4RFC,3O1,diffdock_complex_pdb,diffdock,4RFC_diffdock_complex,output/diffdock_workflow/complexes/4RFC_diffdock_complex.pdb,ok,rdkit_best_rms,0.9547948166456806,23.0,23.0,23.0,1.0,3O1|A|302,UNL|L|1,
4RFC,3O1,boltz_cif,crystal_pocket,4RFC_crystal_pocket_model_0|idx_0,output/boltz_results_boltz_inputs/predictions/4RFC_crystal_pocket/4RFC_crystal_pocket_model_0.cif,ok,rdkit_best_rms,1.095233146412476,23.0,23.0,23.0,1.0,3O1|A|302,LIG1|3O1|1,
4RFC,3O1,boltz_cif,default,4RFC_default_model_0|idx_0,output/boltz_results_boltz_inputs/predictions/4RFC_default/4RFC_default_model_0.cif,ok,rdkit_best_rms,0.8136871615699374,23.0,23.0,23.0,1.0,3O1|A|302,LIG1|3O1|1,
4RFC,3O1,boltz_cif,diffdock_pocket,4RFC_diffdock_pocket_model_0|idx_0,output/boltz_results_boltz_inputs/predictions/4RFC_diffdock_pocket/4RFC_diffdock_pocket_model_0.cif,ok,rdkit_best_rms,0.9634086866918594,23.0,23.0,23.0,1.0,3O1|A|302,LIG1|3O1|1,
4RFD,BCT,diffdock_sdf,diffdock,rank1|idx_1,output/diffdock_workflow/poses/4RFD/complex_0/rank1.sdf,ok,rdkit_best_rms,0.15266400950055758,4.0,4.0,4.0,1.0,BCT|A|304,SDF|LIG|1,
4RFD,BCT,diffdock_sdf,diffdock,rank1_confidence0.83|idx_1,output/diffdock_workflow/poses/4RFD/complex_0/rank1_confidence0.83.sdf,ok,rdkit_best_rms,0.15266400950055758,4.0,4.0,4.0,1.0,BCT|A|304,SDF|LIG|1,
4RFD,BCT,diffdock_sdf,diffdock,rank2_confidence0.82|idx_2,output/diffdock_workflow/poses/4RFD/complex_0/rank2_confidence0.82.sdf,ok,rdkit_best_rms,0.15268865666325365,4.0,4.0,4.0,1.0,BCT|A|304,SDF|LIG|1,
4RFD,BCT,diffdock_sdf,diffdock,rank3_confidence0.79|idx_3,output/diffdock_workflow/poses/4RFD/complex_0/rank3_confidence0.79.sdf,ok,rdkit_best_rms,0.15269610865849956,4.0,4.0,4.0,1.0,BCT|A|304,SDF|LIG|1,
4RFD,BCT,diffdock_sdf,diffdock,rank4_confidence0.79|idx_4,output/diffdock_workflow/poses/4RFD/complex_0/rank4_confidence0.79.sdf,ok,rdkit_best_rms,0.1527043211369213,4.0,4.0,4.0,1.0,BCT|A|304,SDF|LIG|1,
4RFD,BCT,diffdock_complex_pdb,diffdock,4RFD_diffdock_complex,output/diffdock_workflow/complexes/4RFD_diffdock_complex.pdb,ok,atom_name,1.907463205759478,4.0,4.0,3.0,0.75,BCT|A|304,UNL|L|1,No sub-structure match found between the reference and probe mol
4RFD,BCT,boltz_cif,crystal_pocket,4RFD_crystal_pocket_model_0|idx_0,output/boltz_results_boltz_inputs/predictions/4RFD_crystal_pocket/4RFD_crystal_pocket_model_0.cif,ok,rdkit_best_rms,0.13303047749662134,4.0,4.0,4.0,1.0,BCT|A|304,LIG1|BCT|1,
4RFD,BCT,boltz_cif,default,4RFD_default_model_0|idx_0,output/boltz_results_boltz_inputs/predictions/4RFD_default/4RFD_default_model_0.cif,ok,rdkit_best_rms,0.13425801788631614,4.0,4.0,4.0,1.0,BCT|A|304,LIG1|BCT|1,
4RFD,BCT,boltz_cif,diffdock_pocket,4RFD_diffdock_pocket_model_0|idx_0,output/boltz_results_boltz_inputs/predictions/4RFD_diffdock_pocket/4RFD_diffdock_pocket_model_0.cif,ok,rdkit_best_rms,0.1356348127106826,4.0,4.0,4.0,1.0,BCT|A|304,LIG1|BCT|1,
4RH2,FC9,diffdock_sdf,diffdock,rank1|idx_1,output/diffdock_workflow/poses/4RH2/complex_0/rank1.sdf,ok_low_coverage,atom_name,6.417888582725769,45.0,45.0,22.0,0.4888888888888889,FC9|A|302,SDF|LIG|1,No sub-structure match found between the reference and probe mol
4RH2,FC9,diffdock_sdf,diffdock,rank1_confidence-1.46|idx_1,output/diffdock_workflow/poses/4RH2/complex_0/rank1_confidence-1.46.sdf,ok_low_coverage,atom_name,6.417888582725769,45.0,45.0,22.0,0.4888888888888889,FC9|A|302,SDF|LIG|1,No sub-structure match found between the reference and probe mol
4RH2,FC9,diffdock_sdf,diffdock,rank2_confidence-1.69|idx_2,output/diffdock_workflow/poses/4RH2/complex_0/rank2_confidence-1.69.sdf,ok_low_coverage,atom_name,4.860634357371762,45.0,45.0,22.0,0.4888888888888889,FC9|A|302,SDF|LIG|1,No sub-structure match found between the reference and probe mol
4RH2,FC9,diffdock_sdf,diffdock,rank3_confidence-2.03|idx_3,output/diffdock_workflow/poses/4RH2/complex_0/rank3_confidence-2.03.sdf,ok_low_coverage,atom_name,6.021285941216746,45.0,45.0,22.0,0.4888888888888889,FC9|A|302,SDF|LIG|1,No sub-structure match found between the reference and probe mol
4RH2,FC9,diffdock_sdf,diffdock,rank4_confidence-2.28|idx_4,output/diffdock_workflow/poses/4RH2/complex_0/rank4_confidence-2.28.sdf,ok_low_coverage,atom_name,5.642386700843143,45.0,45.0,22.0,0.4888888888888889,FC9|A|302,SDF|LIG|1,No sub-structure match found between the reference and probe mol
4RH2,FC9,diffdock_complex_pdb,diffdock,4RH2_diffdock_complex,output/diffdock_workflow/complexes/4RH2_diffdock_complex.pdb,ok,rdkit_best_rms,2.3661108368379615,45.0,45.0,45.0,1.0,FC9|A|302,UNL|L|1,
4RH2,FC9,boltz_cif,crystal_pocket,4RH2_crystal_pocket_model_0|idx_0,output/boltz_results_boltz_inputs/predictions/4RH2_crystal_pocket/4RH2_crystal_pocket_model_0.cif,ok,rdkit_best_rms,0.35599757743226546,45.0,45.0,45.0,1.0,FC9|A|302,LIG1|FC9|1,
4RH2,FC9,boltz_cif,default,4RH2_default_model_0|idx_0,output/boltz_results_boltz_inputs/predictions/4RH2_default/4RH2_default_model_0.cif,ok,rdkit_best_rms,1.7669530808479712,45.0,45.0,45.0,1.0,FC9|A|302,LIG1|FC9|1,
4RH2,FC9,boltz_cif,diffdock_pocket,4RH2_diffdock_pocket_model_0|idx_0,output/boltz_results_boltz_inputs/predictions/4RH2_diffdock_pocket/4RH2_diffdock_pocket_model_0.cif,ok,rdkit_best_rms,2.4188042246577934,45.0,45.0,45.0,1.0,FC9|A|302,LIG1|FC9|1,
4RUX,3W3,diffdock_sdf,diffdock,rank1|idx_1,output/diffdock_workflow/poses/4RUX/complex_0/rank1.sdf,ok,element_sorted_fallback,0.3369202044013261,14.0,14.0,14.0,1.0,3W3|A|302,SDF|LIG|1,No sub-structure match found between the reference and probe mol
4RUX,3W3,diffdock_sdf,diffdock,rank1_confidence0.91|idx_1,output/diffdock_workflow/poses/4RUX/complex_0/rank1_confidence0.91.sdf,ok,element_sorted_fallback,0.3369202044013261,14.0,14.0,14.0,1.0,3W3|A|302,SDF|LIG|1,No sub-structure match found between the reference and probe mol
4RUX,3W3,diffdock_sdf,diffdock,rank2_confidence0.89|idx_2,output/diffdock_workflow/poses/4RUX/complex_0/rank2_confidence0.89.sdf,ok,element_sorted_fallback,0.3557342746089801,14.0,14.0,14.0,1.0,3W3|A|302,SDF|LIG|1,No sub-structure match found between the reference and probe mol
4RUX,3W3,diffdock_sdf,diffdock,rank3_confidence0.88|idx_3,output/diffdock_workflow/poses/4RUX/complex_0/rank3_confidence0.88.sdf,ok,element_sorted_fallback,0.4652042766744996,14.0,14.0,14.0,1.0,3W3|A|302,SDF|LIG|1,No sub-structure match found between the reference and probe mol
4RUX,3W3,diffdock_sdf,diffdock,rank4_confidence0.85|idx_4,output/diffdock_workflow/poses/4RUX/complex_0/rank4_confidence0.85.sdf,ok,element_sorted_fallback,0.34946938651626824,14.0,14.0,14.0,1.0,3W3|A|302,SDF|LIG|1,No sub-structure match found between the reference and probe mol
4RUX,3W3,diffdock_complex_pdb,diffdock,4RUX_diffdock_complex,output/diffdock_workflow/complexes/4RUX_diffdock_complex.pdb,ok,rdkit_best_rms,0.28336413177381187,14.0,14.0,14.0,1.0,3W3|A|302,UNL|L|1,
4RUX,3W3,boltz_cif,crystal_pocket,4RUX_crystal_pocket_model_0|idx_0,output/boltz_results_boltz_inputs/predictions/4RUX_crystal_pocket/4RUX_crystal_pocket_model_0.cif,ok,rdkit_best_rms,0.09273973615967813,14.0,14.0,14.0,1.0,3W3|A|302,LIG1|3W3|1,
4RUX,3W3,boltz_cif,default,4RUX_default_model_0|idx_0,output/boltz_results_boltz_inputs/predictions/4RUX_default/4RUX_default_model_0.cif,ok,rdkit_best_rms,0.08225094994372634,14.0,14.0,14.0,1.0,3W3|A|302,LIG1|3W3|1,
4RUX,3W3,boltz_cif,diffdock_pocket,4RUX_diffdock_pocket_model_0|idx_0,output/boltz_results_boltz_inputs/predictions/4RUX_diffdock_pocket/4RUX_diffdock_pocket_model_0.cif,ok,rdkit_best_rms,0.08720740217844379,14.0,14.0,14.0,1.0,3W3|A|302,LIG1|3W3|1,
4RUY,3W6,diffdock_sdf,diffdock,rank1|idx_1,output/diffdock_workflow/poses/4RUY/complex_0/rank1.sdf,ok,element_sorted_fallback,0.2033121852606519,14.0,14.0,14.0,1.0,3W6|A|302,SDF|LIG|1,No sub-structure match found between the reference and probe mol
4RUY,3W6,diffdock_sdf,diffdock,rank1_confidence0.85|idx_1,output/diffdock_workflow/poses/4RUY/complex_0/rank1_confidence0.85.sdf,ok,element_sorted_fallback,0.2033121852606519,14.0,14.0,14.0,1.0,3W6|A|302,SDF|LIG|1,No sub-structure match found between the reference and probe mol
4RUY,3W6,diffdock_sdf,diffdock,rank2_confidence0.85|idx_2,output/diffdock_workflow/poses/4RUY/complex_0/rank2_confidence0.85.sdf,ok,element_sorted_fallback,0.5161282456073725,14.0,14.0,14.0,1.0,3W6|A|302,SDF|LIG|1,No sub-structure match found between the reference and probe mol
4RUY,3W6,diffdock_sdf,diffdock,rank3_confidence0.84|idx_3,output/diffdock_workflow/poses/4RUY/complex_0/rank3_confidence0.84.sdf,ok,element_sorted_fallback,0.14820230760692144,14.0,14.0,14.0,1.0,3W6|A|302,SDF|LIG|1,No sub-structure match found between the reference and probe mol
4RUY,3W6,diffdock_sdf,diffdock,rank4_confidence0.84|idx_4,output/diffdock_workflow/poses/4RUY/complex_0/rank4_confidence0.84.sdf,ok,element_sorted_fallback,0.199456964404574,14.0,14.0,14.0,1.0,3W6|A|302,SDF|LIG|1,No sub-structure match found between the reference and probe mol
4RUY,3W6,diffdock_complex_pdb,diffdock,4RUY_diffdock_complex,output/diffdock_workflow/complexes/4RUY_diffdock_complex.pdb,ok,rdkit_best_rms,0.13165727981148445,14.0,14.0,14.0,1.0,3W6|A|302,UNL|L|1,
4RUY,3W6,boltz_cif,crystal_pocket,4RUY_crystal_pocket_model_0|idx_0,output/boltz_results_boltz_inputs/predictions/4RUY_crystal_pocket/4RUY_crystal_pocket_model_0.cif,ok,rdkit_best_rms,0.08398698046260249,14.0,14.0,14.0,1.0,3W6|A|302,LIG1|3W6|1,
4RUY,3W6,boltz_cif,default,4RUY_default_model_0|idx_0,output/boltz_results_boltz_inputs/predictions/4RUY_default/4RUY_default_model_0.cif,ok,rdkit_best_rms,0.09307635199484954,14.0,14.0,14.0,1.0,3W6|A|302,LIG1|3W6|1,
4RUY,3W6,boltz_cif,diffdock_pocket,4RUY_diffdock_pocket_model_0|idx_0,output/boltz_results_boltz_inputs/predictions/4RUY_diffdock_pocket/4RUY_diffdock_pocket_model_0.cif,ok,rdkit_best_rms,0.0778738806385005,14.0,14.0,14.0,1.0,3W6|A|302,LIG1|3W6|1,
4RUZ,3W8,diffdock_sdf,diffdock,rank1|idx_1,output/diffdock_workflow/poses/4RUZ/complex_0/rank1.sdf,ok,element_sorted_fallback,0.19417643622957395,13.0,13.0,13.0,1.0,3W8|A|302,SDF|LIG|1,No sub-structure match found between the reference and probe mol
4RUZ,3W8,diffdock_sdf,diffdock,rank1_confidence0.87|idx_1,output/diffdock_workflow/poses/4RUZ/complex_0/rank1_confidence0.87.sdf,ok,element_sorted_fallback,0.19417643622957395,13.0,13.0,13.0,1.0,3W8|A|302,SDF|LIG|1,No sub-structure match found between the reference and probe mol
4RUZ,3W8,diffdock_sdf,diffdock,rank2_confidence0.85|idx_2,output/diffdock_workflow/poses/4RUZ/complex_0/rank2_confidence0.85.sdf,ok,element_sorted_fallback,0.15122758686353685,13.0,13.0,13.0,1.0,3W8|A|302,SDF|LIG|1,No sub-structure match found between the reference and probe mol
4RUZ,3W8,diffdock_sdf,diffdock,rank3_confidence0.84|idx_3,output/diffdock_workflow/poses/4RUZ/complex_0/rank3_confidence0.84.sdf,ok,element_sorted_fallback,0.18648367155296594,13.0,13.0,13.0,1.0,3W8|A|302,SDF|LIG|1,No sub-structure match found between the reference and probe mol
4RUZ,3W8,diffdock_sdf,diffdock,rank4_confidence0.84|idx_4,output/diffdock_workflow/poses/4RUZ/complex_0/rank4_confidence0.84.sdf,ok,element_sorted_fallback,0.15397233826721088,13.0,13.0,13.0,1.0,3W8|A|302,SDF|LIG|1,No sub-structure match found between the reference and probe mol
4RUZ,3W8,diffdock_complex_pdb,diffdock,4RUZ_diffdock_complex,output/diffdock_workflow/complexes/4RUZ_diffdock_complex.pdb,ok,rdkit_best_rms,0.12113903543294346,13.0,13.0,13.0,1.0,3W8|A|302,UNL|L|1,
4RUZ,3W8,boltz_cif,crystal_pocket,4RUZ_crystal_pocket_model_0|idx_0,output/boltz_results_boltz_inputs/predictions/4RUZ_crystal_pocket/4RUZ_crystal_pocket_model_0.cif,ok,rdkit_best_rms,0.14245755876478117,13.0,13.0,13.0,1.0,3W8|A|302,LIG1|3W8|1,
4RUZ,3W8,boltz_cif,default,4RUZ_default_model_0|idx_0,output/boltz_results_boltz_inputs/predictions/4RUZ_default/4RUZ_default_model_0.cif,ok,rdkit_best_rms,0.1408567969684702,13.0,13.0,13.0,1.0,3W8|A|302,LIG1|3W8|1,
4RUZ,3W8,boltz_cif,diffdock_pocket,4RUZ_diffdock_pocket_model_0|idx_0,output/boltz_results_boltz_inputs/predictions/4RUZ_diffdock_pocket/4RUZ_diffdock_pocket_model_0.cif,ok,rdkit_best_rms,0.12410522279852658,13.0,13.0,13.0,1.0,3W8|A|302,LIG1|3W8|1,
4WL4,FC5,diffdock_sdf,diffdock,rank1|idx_1,output/diffdock_workflow/poses/4WL4/complex_0/rank1.sdf,ok,element_sorted_fallback,1.5765481136517006,12.0,12.0,12.0,1.0,FC5|A|302,SDF|LIG|1,No sub-structure match found between the reference and probe mol
4WL4,FC5,diffdock_sdf,diffdock,rank1_confidence0.55|idx_1,output/diffdock_workflow/poses/4WL4/complex_0/rank1_confidence0.55.sdf,ok,element_sorted_fallback,1.5765481136517006,12.0,12.0,12.0,1.0,FC5|A|302,SDF|LIG|1,No sub-structure match found between the reference and probe mol
4WL4,FC5,diffdock_sdf,diffdock,rank2_confidence0.47|idx_2,output/diffdock_workflow/poses/4WL4/complex_0/rank2_confidence0.47.sdf,ok,element_sorted_fallback,1.7128130980172651,12.0,12.0,12.0,1.0,FC5|A|302,SDF|LIG|1,No sub-structure match found between the reference and probe mol
4WL4,FC5,diffdock_sdf,diffdock,rank3_confidence0.46|idx_3,output/diffdock_workflow/poses/4WL4/complex_0/rank3_confidence0.46.sdf,ok,element_sorted_fallback,1.6256526532056363,12.0,12.0,12.0,1.0,FC5|A|302,SDF|LIG|1,No sub-structure match found between the reference and probe mol
4WL4,FC5,diffdock_sdf,diffdock,rank4_confidence0.45|idx_4,output/diffdock_workflow/poses/4WL4/complex_0/rank4_confidence0.45.sdf,ok,element_sorted_fallback,1.591637980442462,12.0,12.0,12.0,1.0,FC5|A|302,SDF|LIG|1,No sub-structure match found between the reference and probe mol
4WL4,FC5,diffdock_complex_pdb,diffdock,4WL4_diffdock_complex,output/diffdock_workflow/complexes/4WL4_diffdock_complex.pdb,ok,rdkit_best_rms,0.04977186185078618,12.0,12.0,12.0,1.0,FC5|A|302,UNL|L|1,
4WL4,FC5,boltz_cif,crystal_pocket,4WL4_crystal_pocket_model_0|idx_0,output/boltz_results_boltz_inputs/predictions/4WL4_crystal_pocket/4WL4_crystal_pocket_model_0.cif,ok,rdkit_best_rms,0.0341238619186173,12.0,12.0,12.0,1.0,FC5|A|302,LIG1|FC5|1,
4WL4,FC5,boltz_cif,default,4WL4_default_model_0|idx_0,output/boltz_results_boltz_inputs/predictions/4WL4_default/4WL4_default_model_0.cif,ok,rdkit_best_rms,0.027497231623960745,12.0,12.0,12.0,1.0,FC5|A|302,LIG1|FC5|1,
4WL4,FC5,boltz_cif,diffdock_pocket,4WL4_diffdock_pocket_model_0|idx_0,output/boltz_results_boltz_inputs/predictions/4WL4_diffdock_pocket/4WL4_diffdock_pocket_model_0.cif,ok,rdkit_best_rms,0.030018379705402633,12.0,12.0,12.0,1.0,FC5|A|302,LIG1|FC5|1,
4WW6,3TV,diffdock_sdf,diffdock,rank1|idx_1,output/diffdock_workflow/poses/4WW6/complex_0/rank1.sdf,ok_low_coverage,atom_name,1.3503167843178157,18.0,18.0,8.0,0.4444444444444444,3TV|A|306,SDF|LIG|1,No sub-structure match found between the reference and probe mol
4WW6,3TV,diffdock_sdf,diffdock,rank1_confidence0.63|idx_1,output/diffdock_workflow/poses/4WW6/complex_0/rank1_confidence0.63.sdf,ok_low_coverage,atom_name,1.3503167843178157,18.0,18.0,8.0,0.4444444444444444,3TV|A|306,SDF|LIG|1,No sub-structure match found between the reference and probe mol
4WW6,3TV,diffdock_sdf,diffdock,rank2_confidence0.57|idx_2,output/diffdock_workflow/poses/4WW6/complex_0/rank2_confidence0.57.sdf,ok_low_coverage,atom_name,1.349740593034388,18.0,18.0,8.0,0.4444444444444444,3TV|A|306,SDF|LIG|1,No sub-structure match found between the reference and probe mol
4WW6,3TV,diffdock_sdf,diffdock,rank3_confidence0.54|idx_3,output/diffdock_workflow/poses/4WW6/complex_0/rank3_confidence0.54.sdf,ok_low_coverage,atom_name,1.3489377340157735,18.0,18.0,8.0,0.4444444444444444,3TV|A|306,SDF|LIG|1,No sub-structure match found between the reference and probe mol
4WW6,3TV,diffdock_sdf,diffdock,rank4_confidence0.50|idx_4,output/diffdock_workflow/poses/4WW6/complex_0/rank4_confidence0.50.sdf,ok_low_coverage,atom_name,1.3828410609579316,18.0,18.0,8.0,0.4444444444444444,3TV|A|306,SDF|LIG|1,No sub-structure match found between the reference and probe mol
4WW6,3TV,diffdock_complex_pdb,diffdock,4WW6_diffdock_complex,output/diffdock_workflow/complexes/4WW6_diffdock_complex.pdb,ok,rdkit_best_rms,0.30388648638841687,18.0,18.0,18.0,1.0,3TV|A|306,UNL|L|1,
4WW6,3TV,boltz_cif,crystal_pocket,4WW6_crystal_pocket_model_0|idx_0,output/boltz_results_boltz_inputs/predictions/4WW6_crystal_pocket/4WW6_crystal_pocket_model_0.cif,ok,rdkit_best_rms,1.0374475963171175,18.0,18.0,18.0,1.0,3TV|A|306,LIG1|3TV|1,
4WW6,3TV,boltz_cif,default,4WW6_default_model_0|idx_0,output/boltz_results_boltz_inputs/predictions/4WW6_default/4WW6_default_model_0.cif,ok,rdkit_best_rms,0.6730261871227448,18.0,18.0,18.0,1.0,3TV|A|306,LIG1|3TV|1,
4WW6,3TV,boltz_cif,diffdock_pocket,4WW6_diffdock_pocket_model_0|idx_0,output/boltz_results_boltz_inputs/predictions/4WW6_diffdock_pocket/4WW6_diffdock_pocket_model_0.cif,ok,rdkit_best_rms,0.8265246862297353,18.0,18.0,18.0,1.0,3TV|A|306,LIG1|3TV|1,
4XE1,IL5,diffdock_sdf,diffdock,rank1|idx_1,output/diffdock_workflow/poses/4XE1/complex_0/rank1.sdf,ok_low_coverage,atom_name,0.10333291961580483,16.0,16.0,6.0,0.375,IL5|A|305,SDF|LIG|1,No sub-structure match found between the reference and probe mol
4XE1,IL5,diffdock_sdf,diffdock,rank1_confidence0.86|idx_1,output/diffdock_workflow/poses/4XE1/complex_0/rank1_confidence0.86.sdf,ok_low_coverage,atom_name,0.10333291961580483,16.0,16.0,6.0,0.375,IL5|A|305,SDF|LIG|1,No sub-structure match found between the reference and probe mol
4XE1,IL5,diffdock_sdf,diffdock,rank2_confidence0.84|idx_2,output/diffdock_workflow/poses/4XE1/complex_0/rank2_confidence0.84.sdf,ok_low_coverage,atom_name,0.06710271521002718,16.0,16.0,6.0,0.375,IL5|A|305,SDF|LIG|1,No sub-structure match found between the reference and probe mol
4XE1,IL5,diffdock_sdf,diffdock,rank3_confidence0.82|idx_3,output/diffdock_workflow/poses/4XE1/complex_0/rank3_confidence0.82.sdf,ok_low_coverage,atom_name,0.10024488727537409,16.0,16.0,6.0,0.375,IL5|A|305,SDF|LIG|1,No sub-structure match found between the reference and probe mol
4XE1,IL5,diffdock_sdf,diffdock,rank4_confidence0.82|idx_4,output/diffdock_workflow/poses/4XE1/complex_0/rank4_confidence0.82.sdf,ok_low_coverage,atom_name,0.10560225173647263,16.0,16.0,6.0,0.375,IL5|A|305,SDF|LIG|1,No sub-structure match found between the reference and probe mol
4XE1,IL5,diffdock_complex_pdb,diffdock,4XE1_diffdock_complex,output/diffdock_workflow/complexes/4XE1_diffdock_complex.pdb,ok,rdkit_best_rms,0.09424272930239184,16.0,16.0,16.0,1.0,IL5|A|305,UNL|L|1,
4XE1,IL5,boltz_cif,crystal_pocket,4XE1_crystal_pocket_model_0|idx_0,output/boltz_results_boltz_inputs/predictions/4XE1_crystal_pocket/4XE1_crystal_pocket_model_0.cif,ok,rdkit_best_rms,0.14758195164195542,16.0,16.0,16.0,1.0,IL5|A|305,LIG1|IL5|1,
4XE1,IL5,boltz_cif,default,4XE1_default_model_0|idx_0,output/boltz_results_boltz_inputs/predictions/4XE1_default/4XE1_default_model_0.cif,ok,rdkit_best_rms,0.19944787574338863,16.0,16.0,16.0,1.0,IL5|A|305,LIG1|IL5|1,
4XE1,IL5,boltz_cif,diffdock_pocket,4XE1_diffdock_pocket_model_0|idx_0,output/boltz_results_boltz_inputs/predictions/4XE1_diffdock_pocket/4XE1_diffdock_pocket_model_0.cif,ok,rdkit_best_rms,0.1812863255704687,16.0,16.0,16.0,1.0,IL5|A|305,LIG1|IL5|1,
4YX4,FB2,diffdock_sdf,diffdock,rank1|idx_1,output/diffdock_workflow/poses/4YX4/complex_0/rank1.sdf,ok,element_sorted_fallback,0.19708041007123872,10.0,10.0,10.0,1.0,FB2|A|303,SDF|LIG|1,No sub-structure match found between the reference and probe mol
4YX4,FB2,diffdock_sdf,diffdock,rank1_confidence1.00|idx_1,output/diffdock_workflow/poses/4YX4/complex_0/rank1_confidence1.00.sdf,ok,element_sorted_fallback,0.19708041007123872,10.0,10.0,10.0,1.0,FB2|A|303,SDF|LIG|1,No sub-structure match found between the reference and probe mol
4YX4,FB2,diffdock_sdf,diffdock,rank2_confidence0.99|idx_2,output/diffdock_workflow/poses/4YX4/complex_0/rank2_confidence0.99.sdf,ok,element_sorted_fallback,0.1767385705554451,10.0,10.0,10.0,1.0,FB2|A|303,SDF|LIG|1,No sub-structure match found between the reference and probe mol
4YX4,FB2,diffdock_sdf,diffdock,rank3_confidence0.97|idx_3,output/diffdock_workflow/poses/4YX4/complex_0/rank3_confidence0.97.sdf,ok,element_sorted_fallback,0.12732392701548143,10.0,10.0,10.0,1.0,FB2|A|303,SDF|LIG|1,No sub-structure match found between the reference and probe mol
4YX4,FB2,diffdock_sdf,diffdock,rank4_confidence0.97|idx_4,output/diffdock_workflow/poses/4YX4/complex_0/rank4_confidence0.97.sdf,ok,element_sorted_fallback,0.14063068717135274,10.0,10.0,10.0,1.0,FB2|A|303,SDF|LIG|1,No sub-structure match found between the reference and probe mol
4YX4,FB2,diffdock_complex_pdb,diffdock,4YX4_diffdock_complex,output/diffdock_workflow/complexes/4YX4_diffdock_complex.pdb,ok,rdkit_best_rms,0.10073943952418972,10.0,10.0,10.0,1.0,FB2|A|303,UNL|L|1,
4YX4,FB2,boltz_cif,crystal_pocket,4YX4_crystal_pocket_model_0|idx_0,output/boltz_results_boltz_inputs/predictions/4YX4_crystal_pocket/4YX4_crystal_pocket_model_0.cif,ok,rdkit_best_rms,0.06642912207538007,10.0,10.0,10.0,1.0,FB2|A|303,LIG1|FB2|1,
4YX4,FB2,boltz_cif,default,4YX4_default_model_0|idx_0,output/boltz_results_boltz_inputs/predictions/4YX4_default/4YX4_default_model_0.cif,ok,rdkit_best_rms,0.05910196392894051,10.0,10.0,10.0,1.0,FB2|A|303,LIG1|FB2|1,
4YX4,FB2,boltz_cif,diffdock_pocket,4YX4_diffdock_pocket_model_0|idx_0,output/boltz_results_boltz_inputs/predictions/4YX4_diffdock_pocket/4YX4_diffdock_pocket_model_0.cif,ok,rdkit_best_rms,0.057898307681765175,10.0,10.0,10.0,1.0,FB2|A|303,LIG1|FB2|1,
4YXI,4J8,diffdock_sdf,diffdock,rank1|idx_1,output/diffdock_workflow/poses/4YXI/complex_0/rank1.sdf,ok_low_coverage,atom_name,0.8204114434399065,11.0,11.0,6.0,0.5454545454545454,4J8|A|303,SDF|LIG|1,No sub-structure match found between the reference and probe mol
4YXI,4J8,diffdock_sdf,diffdock,rank1_confidence0.73|idx_1,output/diffdock_workflow/poses/4YXI/complex_0/rank1_confidence0.73.sdf,ok_low_coverage,atom_name,0.8204114434399065,11.0,11.0,6.0,0.5454545454545454,4J8|A|303,SDF|LIG|1,No sub-structure match found between the reference and probe mol
4YXI,4J8,diffdock_sdf,diffdock,rank2_confidence0.70|idx_2,output/diffdock_workflow/poses/4YXI/complex_0/rank2_confidence0.70.sdf,ok_low_coverage,atom_name,0.8204937196865231,11.0,11.0,6.0,0.5454545454545454,4J8|A|303,SDF|LIG|1,No sub-structure match found between the reference and probe mol
4YXI,4J8,diffdock_sdf,diffdock,rank3_confidence0.70|idx_3,output/diffdock_workflow/poses/4YXI/complex_0/rank3_confidence0.70.sdf,ok_low_coverage,atom_name,2.112831478101458,11.0,11.0,6.0,0.5454545454545454,4J8|A|303,SDF|LIG|1,No sub-structure match found between the reference and probe mol
4YXI,4J8,diffdock_sdf,diffdock,rank4_confidence0.69|idx_4,output/diffdock_workflow/poses/4YXI/complex_0/rank4_confidence0.69.sdf,ok_low_coverage,atom_name,2.055614663802507,11.0,11.0,6.0,0.5454545454545454,4J8|A|303,SDF|LIG|1,No sub-structure match found between the reference and probe mol
4YXI,4J8,diffdock_complex_pdb,diffdock,4YXI_diffdock_complex,output/diffdock_workflow/complexes/4YXI_diffdock_complex.pdb,ok,rdkit_best_rms,0.07397622804454519,11.0,11.0,11.0,1.0,4J8|A|303,UNL|L|1,
4YXI,4J8,boltz_cif,crystal_pocket,4YXI_crystal_pocket_model_0|idx_0,output/boltz_results_boltz_inputs/predictions/4YXI_crystal_pocket/4YXI_crystal_pocket_model_0.cif,ok,rdkit_best_rms,0.027566199463773044,11.0,11.0,11.0,1.0,4J8|A|303,LIG1|4J8|1,
4YXI,4J8,boltz_cif,default,4YXI_default_model_0|idx_0,output/boltz_results_boltz_inputs/predictions/4YXI_default/4YXI_default_model_0.cif,ok,rdkit_best_rms,0.039772013197204574,11.0,11.0,11.0,1.0,4J8|A|303,LIG1|4J8|1,
4YXI,4J8,boltz_cif,diffdock_pocket,4YXI_diffdock_pocket_model_0|idx_0,output/boltz_results_boltz_inputs/predictions/4YXI_diffdock_pocket/4YXI_diffdock_pocket_model_0.cif,ok,rdkit_best_rms,0.03815665640608954,11.0,11.0,11.0,1.0,4J8|A|303,LIG1|4J8|1,
4YXO,4JC,diffdock_sdf,diffdock,rank1|idx_1,output/diffdock_workflow/poses/4YXO/complex_0/rank1.sdf,ok_low_coverage,atom_name,2.609607040115794,12.0,12.0,7.0,0.5833333333333334,4JC|A|304,SDF|LIG|1,No sub-structure match found between the reference and probe mol
4YXO,4JC,diffdock_sdf,diffdock,rank1_confidence0.57|idx_1,output/diffdock_workflow/poses/4YXO/complex_0/rank1_confidence0.57.sdf,ok_low_coverage,atom_name,2.609607040115794,12.0,12.0,7.0,0.5833333333333334,4JC|A|304,SDF|LIG|1,No sub-structure match found between the reference and probe mol
4YXO,4JC,diffdock_sdf,diffdock,rank2_confidence0.57|idx_2,output/diffdock_workflow/poses/4YXO/complex_0/rank2_confidence0.57.sdf,ok_low_coverage,atom_name,2.532228812259101,12.0,12.0,7.0,0.5833333333333334,4JC|A|304,SDF|LIG|1,No sub-structure match found between the reference and probe mol
4YXO,4JC,diffdock_sdf,diffdock,rank3_confidence0.56|idx_3,output/diffdock_workflow/poses/4YXO/complex_0/rank3_confidence0.56.sdf,ok_low_coverage,atom_name,1.2092268347192954,12.0,12.0,7.0,0.5833333333333334,4JC|A|304,SDF|LIG|1,No sub-structure match found between the reference and probe mol
4YXO,4JC,diffdock_sdf,diffdock,rank4_confidence-0.07|idx_4,output/diffdock_workflow/poses/4YXO/complex_0/rank4_confidence-0.07.sdf,ok_low_coverage,atom_name,2.094342706397815,12.0,12.0,7.0,0.5833333333333334,4JC|A|304,SDF|LIG|1,No sub-structure match found between the reference and probe mol
4YXO,4JC,diffdock_complex_pdb,diffdock,4YXO_diffdock_complex,output/diffdock_workflow/complexes/4YXO_diffdock_complex.pdb,ok,rdkit_best_rms,0.4521517153707839,12.0,12.0,12.0,1.0,4JC|A|304,UNL|L|1,
4YXO,4JC,boltz_cif,crystal_pocket,4YXO_crystal_pocket_model_0|idx_0,output/boltz_results_boltz_inputs/predictions/4YXO_crystal_pocket/4YXO_crystal_pocket_model_0.cif,ok,rdkit_best_rms,0.41282317461448664,12.0,12.0,12.0,1.0,4JC|A|304,LIG1|4JC|1,
4YXO,4JC,boltz_cif,default,4YXO_default_model_0|idx_0,output/boltz_results_boltz_inputs/predictions/4YXO_default/4YXO_default_model_0.cif,ok,rdkit_best_rms,0.4161239243985262,12.0,12.0,12.0,1.0,4JC|A|304,LIG1|4JC|1,
4YXO,4JC,boltz_cif,diffdock_pocket,4YXO_diffdock_pocket_model_0|idx_0,output/boltz_results_boltz_inputs/predictions/4YXO_diffdock_pocket/4YXO_diffdock_pocket_model_0.cif,ok,rdkit_best_rms,0.4075602131072668,12.0,12.0,12.0,1.0,4JC|A|304,LIG1|4JC|1,
4YXU,4JE,diffdock_sdf,diffdock,rank1|idx_1,output/diffdock_workflow/poses/4YXU/complex_0/rank1.sdf,ok_low_coverage,atom_name,1.7685031003005707,13.0,13.0,8.0,0.6153846153846154,4JE|A|304,SDF|LIG|1,No sub-structure match found between the reference and probe mol
4YXU,4JE,diffdock_sdf,diffdock,rank1_confidence0.06|idx_1,output/diffdock_workflow/poses/4YXU/complex_0/rank1_confidence0.06.sdf,ok_low_coverage,atom_name,1.7685031003005707,13.0,13.0,8.0,0.6153846153846154,4JE|A|304,SDF|LIG|1,No sub-structure match found between the reference and probe mol
4YXU,4JE,diffdock_sdf,diffdock,rank2_confidence-0.05|idx_2,output/diffdock_workflow/poses/4YXU/complex_0/rank2_confidence-0.05.sdf,ok_low_coverage,atom_name,1.0019658137051912,13.0,13.0,8.0,0.6153846153846154,4JE|A|304,SDF|LIG|1,No sub-structure match found between the reference and probe mol
4YXU,4JE,diffdock_sdf,diffdock,rank3_confidence-0.07|idx_3,output/diffdock_workflow/poses/4YXU/complex_0/rank3_confidence-0.07.sdf,ok_low_coverage,atom_name,0.9469414631910397,13.0,13.0,8.0,0.6153846153846154,4JE|A|304,SDF|LIG|1,No sub-structure match found between the reference and probe mol
4YXU,4JE,diffdock_sdf,diffdock,rank4_confidence-0.60|idx_4,output/diffdock_workflow/poses/4YXU/complex_0/rank4_confidence-0.60.sdf,ok_low_coverage,atom_name,1.2825201945488103,13.0,13.0,8.0,0.6153846153846154,4JE|A|304,SDF|LIG|1,No sub-structure match found between the reference and probe mol
4YXU,4JE,diffdock_complex_pdb,diffdock,4YXU_diffdock_complex,output/diffdock_workflow/complexes/4YXU_diffdock_complex.pdb,ok,rdkit_best_rms,0.48663031037501975,13.0,13.0,13.0,1.0,4JE|A|304,UNL|L|1,
4YXU,4JE,boltz_cif,crystal_pocket,4YXU_crystal_pocket_model_0|idx_0,output/boltz_results_boltz_inputs/predictions/4YXU_crystal_pocket/4YXU_crystal_pocket_model_0.cif,ok,rdkit_best_rms,0.32546102016188655,13.0,13.0,13.0,1.0,4JE|A|304,LIG1|4JE|1,
4YXU,4JE,boltz_cif,default,4YXU_default_model_0|idx_0,output/boltz_results_boltz_inputs/predictions/4YXU_default/4YXU_default_model_0.cif,ok,rdkit_best_rms,0.33713294355908274,13.0,13.0,13.0,1.0,4JE|A|304,LIG1|4JE|1,
4YXU,4JE,boltz_cif,diffdock_pocket,4YXU_diffdock_pocket_model_0|idx_0,output/boltz_results_boltz_inputs/predictions/4YXU_diffdock_pocket/4YXU_diffdock_pocket_model_0.cif,ok,rdkit_best_rms,0.5063709652222894,13.0,13.0,13.0,1.0,4JE|A|304,LIG1|4JE|1,
4YYT,S2O,diffdock_sdf,diffdock,rank1|idx_1,output/diffdock_workflow/poses/4YYT/complex_0/rank1.sdf,ok_low_coverage,atom_name,1.747290705413915,26.0,13.0,7.0,0.5384615384615384,S2O|A|305,SDF|LIG|1,No sub-structure match found between the reference and probe mol
4YYT,S2O,diffdock_sdf,diffdock,rank1_confidence0.74|idx_1,output/diffdock_workflow/poses/4YYT/complex_0/rank1_confidence0.74.sdf,ok_low_coverage,atom_name,1.747290705413915,26.0,13.0,7.0,0.5384615384615384,S2O|A|305,SDF|LIG|1,No sub-structure match found between the reference and probe mol
4YYT,S2O,diffdock_sdf,diffdock,rank2_confidence0.73|idx_2,output/diffdock_workflow/poses/4YYT/complex_0/rank2_confidence0.73.sdf,ok_low_coverage,atom_name,1.8621030646298369,26.0,13.0,7.0,0.5384615384615384,S2O|A|305,SDF|LIG|1,No sub-structure match found between the reference and probe mol
4YYT,S2O,diffdock_sdf,diffdock,rank3_confidence0.69|idx_3,output/diffdock_workflow/poses/4YYT/complex_0/rank3_confidence0.69.sdf,ok_low_coverage,atom_name,1.0569985372934576,26.0,13.0,7.0,0.5384615384615384,S2O|A|305,SDF|LIG|1,No sub-structure match found between the reference and probe mol
4YYT,S2O,diffdock_sdf,diffdock,rank4_confidence0.68|idx_4,output/diffdock_workflow/poses/4YYT/complex_0/rank4_confidence0.68.sdf,ok_low_coverage,atom_name,1.8111801672392842,26.0,13.0,7.0,0.5384615384615384,S2O|A|305,SDF|LIG|1,No sub-structure match found between the reference and probe mol
4YYT,S2O,diffdock_complex_pdb,diffdock,4YYT_diffdock_complex,output/diffdock_workflow/complexes/4YYT_diffdock_complex.pdb,ok,rdkit_best_rms,0.726353604782947,26.0,13.0,13.0,1.0,S2O|A|305,UNL|L|1,
4YYT,S2O,boltz_cif,crystal_pocket,4YYT_crystal_pocket_model_0|idx_0,output/boltz_results_boltz_inputs/predictions/4YYT_crystal_pocket/4YYT_crystal_pocket_model_0.cif,ok,rdkit_best_rms,0.5378152528726482,26.0,13.0,13.0,1.0,S2O|A|305,LIG1|S2O|1,
4YYT,S2O,boltz_cif,default,4YYT_default_model_0|idx_0,output/boltz_results_boltz_inputs/predictions/4YYT_default/4YYT_default_model_0.cif,ok,rdkit_best_rms,0.8192269168579694,26.0,13.0,13.0,1.0,S2O|A|305,LIG1|S2O|1,
4YYT,S2O,boltz_cif,diffdock_pocket,4YYT_diffdock_pocket_model_0|idx_0,output/boltz_results_boltz_inputs/predictions/4YYT_diffdock_pocket/4YYT_diffdock_pocket_model_0.cif,ok,rdkit_best_rms,0.13350571003832426,26.0,13.0,13.0,1.0,S2O|A|305,LIG1|S2O|1,
5A6H,OE2,diffdock_sdf,diffdock,rank1|idx_1,output/diffdock_workflow/poses/5A6H/complex_0/rank1.sdf,ok_low_coverage,atom_name,4.273235071187137,21.0,21.0,7.0,0.3333333333333333,OE2|A|1264,SDF|LIG|1,No sub-structure match found between the reference and probe mol
5A6H,OE2,diffdock_sdf,diffdock,rank1_confidence0.16|idx_1,output/diffdock_workflow/poses/5A6H/complex_0/rank1_confidence0.16.sdf,ok_low_coverage,atom_name,4.273235071187137,21.0,21.0,7.0,0.3333333333333333,OE2|A|1264,SDF|LIG|1,No sub-structure match found between the reference and probe mol
5A6H,OE2,diffdock_sdf,diffdock,rank2_confidence-0.08|idx_2,output/diffdock_workflow/poses/5A6H/complex_0/rank2_confidence-0.08.sdf,ok_low_coverage,atom_name,3.8018790234350965,21.0,21.0,7.0,0.3333333333333333,OE2|A|1264,SDF|LIG|1,No sub-structure match found between the reference and probe mol
5A6H,OE2,diffdock_sdf,diffdock,rank3_confidence-0.21|idx_3,output/diffdock_workflow/poses/5A6H/complex_0/rank3_confidence-0.21.sdf,ok_low_coverage,atom_name,3.320142982538048,21.0,21.0,7.0,0.3333333333333333,OE2|A|1264,SDF|LIG|1,No sub-structure match found between the reference and probe mol
5A6H,OE2,diffdock_sdf,diffdock,rank4_confidence-0.24|idx_4,output/diffdock_workflow/poses/5A6H/complex_0/rank4_confidence-0.24.sdf,ok_low_coverage,atom_name,4.38023729138732,21.0,21.0,7.0,0.3333333333333333,OE2|A|1264,SDF|LIG|1,No sub-structure match found between the reference and probe mol
5A6H,OE2,diffdock_complex_pdb,diffdock,5A6H_diffdock_complex,output/diffdock_workflow/complexes/5A6H_diffdock_complex.pdb,ok,rdkit_best_rms,1.6772614175041942,21.0,21.0,21.0,1.0,OE2|A|1264,UNL|L|1,
5A6H,OE2,boltz_cif,crystal_pocket,5A6H_crystal_pocket_model_0|idx_0,output/boltz_results_boltz_inputs/predictions/5A6H_crystal_pocket/5A6H_crystal_pocket_model_0.cif,ok,rdkit_best_rms,1.8015599323724452,21.0,21.0,21.0,1.0,OE2|A|1264,LIG1|OE2|1,
5A6H,OE2,boltz_cif,default,5A6H_default_model_0|idx_0,output/boltz_results_boltz_inputs/predictions/5A6H_default/5A6H_default_model_0.cif,ok,rdkit_best_rms,1.8147683047068075,21.0,21.0,21.0,1.0,OE2|A|1264,LIG1|OE2|1,
5A6H,OE2,boltz_cif,diffdock_pocket,5A6H_diffdock_pocket_model_0|idx_0,output/boltz_results_boltz_inputs/predictions/5A6H_diffdock_pocket/5A6H_diffdock_pocket_model_0.cif,ok,rdkit_best_rms,1.8092871385744724,21.0,21.0,21.0,1.0,OE2|A|1264,LIG1|OE2|1,
5BYI,4WA,diffdock_sdf,diffdock,rank1|idx_1,output/diffdock_workflow/poses/5BYI/complex_0/rank1.sdf,ok_low_coverage,atom_name,2.652932661299009,19.0,19.0,11.0,0.5789473684210527,4WA|A|303,SDF|LIG|1,No sub-structure match found between the reference and probe mol
5BYI,4WA,diffdock_sdf,diffdock,rank1_confidence0.73|idx_1,output/diffdock_workflow/poses/5BYI/complex_0/rank1_confidence0.73.sdf,ok_low_coverage,atom_name,2.652932661299009,19.0,19.0,11.0,0.5789473684210527,4WA|A|303,SDF|LIG|1,No sub-structure match found between the reference and probe mol
5BYI,4WA,diffdock_sdf,diffdock,rank2_confidence0.66|idx_2,output/diffdock_workflow/poses/5BYI/complex_0/rank2_confidence0.66.sdf,ok_low_coverage,atom_name,2.736701537118678,19.0,19.0,11.0,0.5789473684210527,4WA|A|303,SDF|LIG|1,No sub-structure match found between the reference and probe mol
5BYI,4WA,diffdock_sdf,diffdock,rank3_confidence0.65|idx_3,output/diffdock_workflow/poses/5BYI/complex_0/rank3_confidence0.65.sdf,ok_low_coverage,atom_name,2.7344804018576405,19.0,19.0,11.0,0.5789473684210527,4WA|A|303,SDF|LIG|1,No sub-structure match found between the reference and probe mol
5BYI,4WA,diffdock_sdf,diffdock,rank4_confidence0.64|idx_4,output/diffdock_workflow/poses/5BYI/complex_0/rank4_confidence0.64.sdf,ok_low_coverage,atom_name,2.704511210615716,19.0,19.0,11.0,0.5789473684210527,4WA|A|303,SDF|LIG|1,No sub-structure match found between the reference and probe mol
5BYI,4WA,diffdock_complex_pdb,diffdock,5BYI_diffdock_complex,output/diffdock_workflow/complexes/5BYI_diffdock_complex.pdb,ok,rdkit_best_rms,0.5381702899417398,19.0,19.0,19.0,1.0,4WA|A|303,UNL|L|1,
5BYI,4WA,boltz_cif,crystal_pocket,5BYI_crystal_pocket_model_0|idx_0,output/boltz_results_boltz_inputs/predictions/5BYI_crystal_pocket/5BYI_crystal_pocket_model_0.cif,ok,rdkit_best_rms,0.4694946171970453,19.0,19.0,19.0,1.0,4WA|A|303,LIG1|4WA|1,
5BYI,4WA,boltz_cif,default,5BYI_default_model_0|idx_0,output/boltz_results_boltz_inputs/predictions/5BYI_default/5BYI_default_model_0.cif,ok,rdkit_best_rms,0.2202952471323085,19.0,19.0,19.0,1.0,4WA|A|303,LIG1|4WA|1,
5BYI,4WA,boltz_cif,diffdock_pocket,5BYI_diffdock_pocket_model_0|idx_0,output/boltz_results_boltz_inputs/predictions/5BYI_diffdock_pocket/5BYI_diffdock_pocket_model_0.cif,ok,rdkit_best_rms,0.22660119242689294,19.0,19.0,19.0,1.0,4WA|A|303,LIG1|4WA|1,
5C8I,MZM,diffdock_sdf,diffdock,rank1|idx_1,output/diffdock_workflow/poses/5C8I/complex_0/rank1.sdf,ok_low_coverage,atom_name,3.167080202274693,15.0,14.0,5.0,0.35714285714285715,MZM|A|302,SDF|LIG|1,No sub-structure match found between the reference and probe mol
5C8I,MZM,diffdock_sdf,diffdock,rank1_confidence0.58|idx_1,output/diffdock_workflow/poses/5C8I/complex_0/rank1_confidence0.58.sdf,ok_low_coverage,atom_name,3.167080202274693,15.0,14.0,5.0,0.35714285714285715,MZM|A|302,SDF|LIG|1,No sub-structure match found between the reference and probe mol
5C8I,MZM,diffdock_sdf,diffdock,rank2_confidence0.58|idx_2,output/diffdock_workflow/poses/5C8I/complex_0/rank2_confidence0.58.sdf,ok_low_coverage,atom_name,3.1870156386608492,15.0,14.0,5.0,0.35714285714285715,MZM|A|302,SDF|LIG|1,No sub-structure match found between the reference and probe mol
5C8I,MZM,diffdock_sdf,diffdock,rank3_confidence0.58|idx_3,output/diffdock_workflow/poses/5C8I/complex_0/rank3_confidence0.58.sdf,ok_low_coverage,atom_name,3.187151993352457,15.0,14.0,5.0,0.35714285714285715,MZM|A|302,SDF|LIG|1,No sub-structure match found between the reference and probe mol
5C8I,MZM,diffdock_sdf,diffdock,rank4_confidence0.55|idx_4,output/diffdock_workflow/poses/5C8I/complex_0/rank4_confidence0.55.sdf,ok_low_coverage,atom_name,3.153264088187974,15.0,14.0,5.0,0.35714285714285715,MZM|A|302,SDF|LIG|1,No sub-structure match found between the reference and probe mol
5C8I,MZM,diffdock_complex_pdb,diffdock,5C8I_diffdock_complex,output/diffdock_workflow/complexes/5C8I_diffdock_complex.pdb,ok,rdkit_best_rms,0.9178935843700895,15.0,14.0,15.0,1.0,MZM|A|302,UNL|L|1,
5C8I,MZM,boltz_cif,crystal_pocket,5C8I_crystal_pocket_model_0|idx_0,output/boltz_results_boltz_inputs/predictions/5C8I_crystal_pocket/5C8I_crystal_pocket_model_0.cif,ok,rdkit_best_rms,0.13909427588497708,15.0,14.0,15.0,1.0,MZM|A|302,LIG1|MZM|1,
5C8I,MZM,boltz_cif,default,5C8I_default_model_0|idx_0,output/boltz_results_boltz_inputs/predictions/5C8I_default/5C8I_default_model_0.cif,ok,rdkit_best_rms,0.1392642801802327,15.0,14.0,15.0,1.0,MZM|A|302,LIG1|MZM|1,
5C8I,MZM,boltz_cif,diffdock_pocket,5C8I_diffdock_pocket_model_0|idx_0,output/boltz_results_boltz_inputs/predictions/5C8I_diffdock_pocket/5C8I_diffdock_pocket_model_0.cif,ok,rdkit_best_rms,0.13603147461389378,15.0,14.0,15.0,1.0,MZM|A|302,LIG1|MZM|1,
5E2R,520,diffdock_sdf,diffdock,rank1|idx_1,output/diffdock_workflow/poses/5E2R/complex_0/rank1.sdf,ok_low_coverage,atom_name,3.7071069587342707,25.0,25.0,14.0,0.56,520|A|302,SDF|LIG|1,No sub-structure match found between the reference and probe mol
5E2R,520,diffdock_sdf,diffdock,rank1_confidence0.65|idx_1,output/diffdock_workflow/poses/5E2R/complex_0/rank1_confidence0.65.sdf,ok_low_coverage,atom_name,3.7071069587342707,25.0,25.0,14.0,0.56,520|A|302,SDF|LIG|1,No sub-structure match found between the reference and probe mol
5E2R,520,diffdock_sdf,diffdock,rank2_confidence0.64|idx_2,output/diffdock_workflow/poses/5E2R/complex_0/rank2_confidence0.64.sdf,ok_low_coverage,atom_name,3.963294305992289,25.0,25.0,14.0,0.56,520|A|302,SDF|LIG|1,No sub-structure match found between the reference and probe mol
5E2R,520,diffdock_sdf,diffdock,rank3_confidence0.63|idx_3,output/diffdock_workflow/poses/5E2R/complex_0/rank3_confidence0.63.sdf,ok_low_coverage,atom_name,3.832676577447181,25.0,25.0,14.0,0.56,520|A|302,SDF|LIG|1,No sub-structure match found between the reference and probe mol
5E2R,520,diffdock_sdf,diffdock,rank4_confidence0.60|idx_4,output/diffdock_workflow/poses/5E2R/complex_0/rank4_confidence0.60.sdf,ok_low_coverage,atom_name,3.7358845853699556,25.0,25.0,14.0,0.56,520|A|302,SDF|LIG|1,No sub-structure match found between the reference and probe mol
5E2R,520,diffdock_complex_pdb,diffdock,5E2R_diffdock_complex,output/diffdock_workflow/complexes/5E2R_diffdock_complex.pdb,ok,rdkit_best_rms,0.27915077094775315,25.0,25.0,25.0,1.0,520|A|302,UNL|L|1,
5E2R,520,boltz_cif,crystal_pocket,5E2R_crystal_pocket_model_0|idx_0,output/boltz_results_boltz_inputs/predictions/5E2R_crystal_pocket/5E2R_crystal_pocket_model_0.cif,ok,rdkit_best_rms,0.215421888499813,25.0,25.0,25.0,1.0,520|A|302,LIG1|520|1,
5E2R,520,boltz_cif,default,5E2R_default_model_0|idx_0,output/boltz_results_boltz_inputs/predictions/5E2R_default/5E2R_default_model_0.cif,ok,rdkit_best_rms,0.20524473158883272,25.0,25.0,25.0,1.0,520|A|302,LIG1|520|1,
5E2R,520,boltz_cif,diffdock_pocket,5E2R_diffdock_pocket_model_0|idx_0,output/boltz_results_boltz_inputs/predictions/5E2R_diffdock_pocket/5E2R_diffdock_pocket_model_0.cif,ok,rdkit_best_rms,0.25177619634550685,25.0,25.0,25.0,1.0,520|A|302,LIG1|520|1,
5EHE,WWO,diffdock_sdf,diffdock,rank1|idx_1,output/diffdock_workflow/poses/5EHE/complex_0/rank1.sdf,ok_low_coverage,atom_name,6.245590734016752,27.0,27.0,12.0,0.4444444444444444,WWO|A|306,SDF|LIG|1,No sub-structure match found between the reference and probe mol
5EHE,WWO,diffdock_sdf,diffdock,rank1_confidence-0.90|idx_1,output/diffdock_workflow/poses/5EHE/complex_0/rank1_confidence-0.90.sdf,ok_low_coverage,atom_name,6.245590734016752,27.0,27.0,12.0,0.4444444444444444,WWO|A|306,SDF|LIG|1,No sub-structure match found between the reference and probe mol
5EHE,WWO,diffdock_sdf,diffdock,rank2_confidence-1.05|idx_2,output/diffdock_workflow/poses/5EHE/complex_0/rank2_confidence-1.05.sdf,ok_low_coverage,atom_name,4.399202782470222,27.0,27.0,12.0,0.4444444444444444,WWO|A|306,SDF|LIG|1,No sub-structure match found between the reference and probe mol
5EHE,WWO,diffdock_sdf,diffdock,rank3_confidence-1.11|idx_3,output/diffdock_workflow/poses/5EHE/complex_0/rank3_confidence-1.11.sdf,ok_low_coverage,atom_name,3.801805274537137,27.0,27.0,12.0,0.4444444444444444,WWO|A|306,SDF|LIG|1,No sub-structure match found between the reference and probe mol
5EHE,WWO,diffdock_sdf,diffdock,rank4_confidence-1.21|idx_4,output/diffdock_workflow/poses/5EHE/complex_0/rank4_confidence-1.21.sdf,ok_low_coverage,atom_name,5.57256608831464,27.0,27.0,12.0,0.4444444444444444,WWO|A|306,SDF|LIG|1,No sub-structure match found between the reference and probe mol
5EHE,WWO,diffdock_complex_pdb,diffdock,5EHE_diffdock_complex,output/diffdock_workflow/complexes/5EHE_diffdock_complex.pdb,ok,rdkit_best_rms,1.782169606488226,27.0,27.0,27.0,1.0,WWO|A|306,UNL|L|1,
5EHE,WWO,boltz_cif,crystal_pocket,5EHE_crystal_pocket_model_0|idx_0,output/boltz_results_boltz_inputs/predictions/5EHE_crystal_pocket/5EHE_crystal_pocket_model_0.cif,ok,rdkit_best_rms,2.1826178042310937,27.0,27.0,27.0,1.0,WWO|A|306,LIG1|WWO|1,
5EHE,WWO,boltz_cif,default,5EHE_default_model_0|idx_0,output/boltz_results_boltz_inputs/predictions/5EHE_default/5EHE_default_model_0.cif,ok,rdkit_best_rms,2.308232519265334,27.0,27.0,27.0,1.0,WWO|A|306,LIG1|WWO|1,
5EHE,WWO,boltz_cif,diffdock_pocket,5EHE_diffdock_pocket_model_0|idx_0,output/boltz_results_boltz_inputs/predictions/5EHE_diffdock_pocket/5EHE_diffdock_pocket_model_0.cif,ok,rdkit_best_rms,2.2668172012935335,27.0,27.0,27.0,1.0,WWO|A|306,LIG1|WWO|1,
5FDC,5WN,diffdock_sdf,diffdock,rank1|idx_1,output/diffdock_workflow/poses/5FDC/complex_0/rank1.sdf,ok_low_coverage,atom_name,1.3808685892932282,15.0,15.0,8.0,0.5333333333333333,5WN|A|302,SDF|LIG|1,No sub-structure match found between the reference and probe mol
5FDC,5WN,diffdock_sdf,diffdock,rank1_confidence0.50|idx_1,output/diffdock_workflow/poses/5FDC/complex_0/rank1_confidence0.50.sdf,ok_low_coverage,atom_name,1.3808685892932282,15.0,15.0,8.0,0.5333333333333333,5WN|A|302,SDF|LIG|1,No sub-structure match found between the reference and probe mol
5FDC,5WN,diffdock_sdf,diffdock,rank2_confidence0.45|idx_2,output/diffdock_workflow/poses/5FDC/complex_0/rank2_confidence0.45.sdf,ok_low_coverage,atom_name,1.3808304874736255,15.0,15.0,8.0,0.5333333333333333,5WN|A|302,SDF|LIG|1,No sub-structure match found between the reference and probe mol
5FDC,5WN,diffdock_sdf,diffdock,rank3_confidence0.43|idx_3,output/diffdock_workflow/poses/5FDC/complex_0/rank3_confidence0.43.sdf,ok_low_coverage,atom_name,1.3818186940558868,15.0,15.0,8.0,0.5333333333333333,5WN|A|302,SDF|LIG|1,No sub-structure match found between the reference and probe mol
5FDC,5WN,diffdock_sdf,diffdock,rank4_confidence0.42|idx_4,output/diffdock_workflow/poses/5FDC/complex_0/rank4_confidence0.42.sdf,ok_low_coverage,atom_name,1.3820278778186952,15.0,15.0,8.0,0.5333333333333333,5WN|A|302,SDF|LIG|1,No sub-structure match found between the reference and probe mol
5FDC,5WN,diffdock_complex_pdb,diffdock,5FDC_diffdock_complex,output/diffdock_workflow/complexes/5FDC_diffdock_complex.pdb,ok,rdkit_best_rms,0.10774822917046946,15.0,15.0,15.0,1.0,5WN|A|302,UNL|L|1,
5FDC,5WN,boltz_cif,crystal_pocket,5FDC_crystal_pocket_model_0|idx_0,output/boltz_results_boltz_inputs/predictions/5FDC_crystal_pocket/5FDC_crystal_pocket_model_0.cif,ok,rdkit_best_rms,0.08110865359708136,15.0,15.0,15.0,1.0,5WN|A|302,LIG1|5WN|1,
5FDC,5WN,boltz_cif,default,5FDC_default_model_0|idx_0,output/boltz_results_boltz_inputs/predictions/5FDC_default/5FDC_default_model_0.cif,ok,rdkit_best_rms,0.5065214201224133,15.0,15.0,15.0,1.0,5WN|A|302,LIG1|5WN|1,
5FDC,5WN,boltz_cif,diffdock_pocket,5FDC_diffdock_pocket_model_0|idx_0,output/boltz_results_boltz_inputs/predictions/5FDC_diffdock_pocket/5FDC_diffdock_pocket_model_0.cif,ok,rdkit_best_rms,0.09339021785241347,15.0,15.0,15.0,1.0,5WN|A|302,LIG1|5WN|1,
5FNJ,CL,reference,reference,,output/clean_pdb/5FNJ_clean.pdb,reference_parse_failed,,,,,,,,,No ligand-like residues found.
5J8Z,6KE,diffdock_sdf,diffdock,rank1|idx_1,output/diffdock_workflow/poses/5J8Z/complex_0/rank1.sdf,ok_low_coverage,atom_name,5.57088511939716,32.0,32.0,14.0,0.4375,6KE|A|304,SDF|LIG|1,No sub-structure match found between the reference and probe mol
5J8Z,6KE,diffdock_sdf,diffdock,rank1_confidence-0.30|idx_1,output/diffdock_workflow/poses/5J8Z/complex_0/rank1_confidence-0.30.sdf,ok_low_coverage,atom_name,5.57088511939716,32.0,32.0,14.0,0.4375,6KE|A|304,SDF|LIG|1,No sub-structure match found between the reference and probe mol
5J8Z,6KE,diffdock_sdf,diffdock,rank2_confidence-0.33|idx_2,output/diffdock_workflow/poses/5J8Z/complex_0/rank2_confidence-0.33.sdf,ok_low_coverage,atom_name,5.489943932046781,32.0,32.0,14.0,0.4375,6KE|A|304,SDF|LIG|1,No sub-structure match found between the reference and probe mol
5J8Z,6KE,diffdock_sdf,diffdock,rank3_confidence-0.35|idx_3,output/diffdock_workflow/poses/5J8Z/complex_0/rank3_confidence-0.35.sdf,ok_low_coverage,atom_name,5.624470797816993,32.0,32.0,14.0,0.4375,6KE|A|304,SDF|LIG|1,No sub-structure match found between the reference and probe mol
5J8Z,6KE,diffdock_sdf,diffdock,rank4_confidence-0.35|idx_4,output/diffdock_workflow/poses/5J8Z/complex_0/rank4_confidence-0.35.sdf,ok_low_coverage,atom_name,5.253395697193718,32.0,32.0,14.0,0.4375,6KE|A|304,SDF|LIG|1,No sub-structure match found between the reference and probe mol
5J8Z,6KE,diffdock_complex_pdb,diffdock,5J8Z_diffdock_complex,output/diffdock_workflow/complexes/5J8Z_diffdock_complex.pdb,ok,atom_name,3.8147267430038028,32.0,32.0,31.0,0.96875,6KE|A|304,UNL|L|1,No sub-structure match found between the reference and probe mol
5J8Z,6KE,boltz_cif,default,5J8Z_default_model_0|idx_0,output/boltz_results_boltz_inputs/predictions/5J8Z_default/5J8Z_default_model_0.cif,ok,element_sorted_fallback,5.936077966672218,32.0,32.0,32.0,1.0,6KE|A|304,LIG1|6KE|1,No sub-structure match found between the reference and probe mol
5J8Z,6KE,boltz_cif,diffdock_pocket,5J8Z_diffdock_pocket_model_0|idx_0,output/boltz_results_boltz_inputs/predictions/5J8Z_diffdock_pocket/5J8Z_diffdock_pocket_model_0.cif,ok,element_sorted_fallback,7.599909851970303,32.0,32.0,32.0,1.0,6KE|A|304,LIG1|6KE|1,No sub-structure match found between the reference and probe mol
5JQT,6M9,diffdock_sdf,diffdock,rank1|idx_1,output/diffdock_workflow/poses/5JQT/complex_0/rank1.sdf,ok,atom_name,0.9622988678453958,10.0,10.0,7.0,0.7,6M9|A|304,SDF|LIG|1,No sub-structure match found between the reference and probe mol
5JQT,6M9,diffdock_sdf,diffdock,rank1_confidence0.24|idx_1,output/diffdock_workflow/poses/5JQT/complex_0/rank1_confidence0.24.sdf,ok,atom_name,0.9622988678453958,10.0,10.0,7.0,0.7,6M9|A|304,SDF|LIG|1,No sub-structure match found between the reference and probe mol
5JQT,6M9,diffdock_sdf,diffdock,rank2_confidence0.15|idx_2,output/diffdock_workflow/poses/5JQT/complex_0/rank2_confidence0.15.sdf,ok,atom_name,0.976410680129667,10.0,10.0,7.0,0.7,6M9|A|304,SDF|LIG|1,No sub-structure match found between the reference and probe mol
5JQT,6M9,diffdock_sdf,diffdock,rank3_confidence0.05|idx_3,output/diffdock_workflow/poses/5JQT/complex_0/rank3_confidence0.05.sdf,ok,atom_name,1.0713480240763644,10.0,10.0,7.0,0.7,6M9|A|304,SDF|LIG|1,No sub-structure match found between the reference and probe mol
5JQT,6M9,diffdock_sdf,diffdock,rank4_confidence0.03|idx_4,output/diffdock_workflow/poses/5JQT/complex_0/rank4_confidence0.03.sdf,ok,atom_name,0.9984599211434609,10.0,10.0,7.0,0.7,6M9|A|304,SDF|LIG|1,No sub-structure match found between the reference and probe mol
5JQT,6M9,diffdock_complex_pdb,diffdock,5JQT_diffdock_complex,output/diffdock_workflow/complexes/5JQT_diffdock_complex.pdb,ok,rdkit_best_rms,0.10720553000557517,10.0,10.0,10.0,1.0,6M9|A|304,UNL|L|1,
5JQT,6M9,boltz_cif,crystal_pocket,5JQT_crystal_pocket_model_0|idx_0,output/boltz_results_boltz_inputs/predictions/5JQT_crystal_pocket/5JQT_crystal_pocket_model_0.cif,ok,rdkit_best_rms,0.06894555238136717,10.0,10.0,10.0,1.0,6M9|A|304,LIG1|6M9|1,
5JQT,6M9,boltz_cif,default,5JQT_default_model_0|idx_0,output/boltz_results_boltz_inputs/predictions/5JQT_default/5JQT_default_model_0.cif,ok,rdkit_best_rms,0.08721839278770001,10.0,10.0,10.0,1.0,6M9|A|304,LIG1|6M9|1,
5JQT,6M9,boltz_cif,diffdock_pocket,5JQT_diffdock_pocket_model_0|idx_0,output/boltz_results_boltz_inputs/predictions/5JQT_diffdock_pocket/5JQT_diffdock_pocket_model_0.cif,ok,rdkit_best_rms,0.19570451512884152,10.0,10.0,10.0,1.0,6M9|A|304,LIG1|6M9|1,
5LL4,6YH,diffdock_sdf,diffdock,rank1|idx_1,output/diffdock_workflow/poses/5LL4/complex_0/rank1.sdf,ok_low_coverage,atom_name,2.3436642943583306,22.0,22.0,11.0,0.5,6YH|A|306,SDF|LIG|1,No sub-structure match found between the reference and probe mol
5LL4,6YH,diffdock_sdf,diffdock,rank1_confidence0.52|idx_1,output/diffdock_workflow/poses/5LL4/complex_0/rank1_confidence0.52.sdf,ok_low_coverage,atom_name,2.3436642943583306,22.0,22.0,11.0,0.5,6YH|A|306,SDF|LIG|1,No sub-structure match found between the reference and probe mol
5LL4,6YH,diffdock_sdf,diffdock,rank2_confidence0.47|idx_2,output/diffdock_workflow/poses/5LL4/complex_0/rank2_confidence0.47.sdf,ok_low_coverage,atom_name,5.3682263138432535,22.0,22.0,11.0,0.5,6YH|A|306,SDF|LIG|1,No sub-structure match found between the reference and probe mol
5LL4,6YH,diffdock_sdf,diffdock,rank3_confidence0.46|idx_3,output/diffdock_workflow/poses/5LL4/complex_0/rank3_confidence0.46.sdf,ok_low_coverage,atom_name,2.491341250849753,22.0,22.0,11.0,0.5,6YH|A|306,SDF|LIG|1,No sub-structure match found between the reference and probe mol
5LL4,6YH,diffdock_sdf,diffdock,rank4_confidence0.46|idx_4,output/diffdock_workflow/poses/5LL4/complex_0/rank4_confidence0.46.sdf,ok_low_coverage,atom_name,5.449942585902629,22.0,22.0,11.0,0.5,6YH|A|306,SDF|LIG|1,No sub-structure match found between the reference and probe mol
5LL4,6YH,diffdock_complex_pdb,diffdock,5LL4_diffdock_complex,output/diffdock_workflow/complexes/5LL4_diffdock_complex.pdb,ok,rdkit_best_rms,0.11407786348236729,22.0,22.0,22.0,1.0,6YH|A|306,UNL|L|1,
5LL4,6YH,boltz_cif,default,5LL4_default_model_0|idx_0,output/boltz_results_boltz_inputs/predictions/5LL4_default/5LL4_default_model_0.cif,ok,rdkit_best_rms,0.11349440121336835,22.0,22.0,22.0,1.0,6YH|A|306,LIG1|6YH|1,
5LL4,6YH,boltz_cif,diffdock_pocket,5LL4_diffdock_pocket_model_0|idx_0,output/boltz_results_boltz_inputs/predictions/5LL4_diffdock_pocket/5LL4_diffdock_pocket_model_0.cif,ok,rdkit_best_rms,0.0993340159277225,22.0,22.0,22.0,1.0,6YH|A|306,LIG1|6YH|1,
5LL8,6YP,diffdock_sdf,diffdock,rank1|idx_1,output/diffdock_workflow/poses/5LL8/complex_0/rank1.sdf,ok_low_coverage,atom_name,1.4473084972769164,14.0,14.0,9.0,0.6428571428571429,6YP|A|306,SDF|LIG|1,No sub-structure match found between the reference and probe mol
5LL8,6YP,diffdock_sdf,diffdock,rank1_confidence0.86|idx_1,output/diffdock_workflow/poses/5LL8/complex_0/rank1_confidence0.86.sdf,ok_low_coverage,atom_name,1.4473084972769164,14.0,14.0,9.0,0.6428571428571429,6YP|A|306,SDF|LIG|1,No sub-structure match found between the reference and probe mol
5LL8,6YP,diffdock_sdf,diffdock,rank2_confidence0.84|idx_2,output/diffdock_workflow/poses/5LL8/complex_0/rank2_confidence0.84.sdf,ok_low_coverage,atom_name,1.8782276255446746,14.0,14.0,9.0,0.6428571428571429,6YP|A|306,SDF|LIG|1,No sub-structure match found between the reference and probe mol
5LL8,6YP,diffdock_sdf,diffdock,rank3_confidence0.81|idx_3,output/diffdock_workflow/poses/5LL8/complex_0/rank3_confidence0.81.sdf,ok_low_coverage,atom_name,1.8327726044015593,14.0,14.0,9.0,0.6428571428571429,6YP|A|306,SDF|LIG|1,No sub-structure match found between the reference and probe mol
5LL8,6YP,diffdock_sdf,diffdock,rank4_confidence0.81|idx_4,output/diffdock_workflow/poses/5LL8/complex_0/rank4_confidence0.81.sdf,ok_low_coverage,atom_name,1.8287964710130906,14.0,14.0,9.0,0.6428571428571429,6YP|A|306,SDF|LIG|1,No sub-structure match found between the reference and probe mol
5LL8,6YP,diffdock_complex_pdb,diffdock,5LL8_diffdock_complex,output/diffdock_workflow/complexes/5LL8_diffdock_complex.pdb,ok,rdkit_best_rms,0.25642553360262027,14.0,14.0,14.0,1.0,6YP|A|306,UNL|L|1,
5LL8,6YP,boltz_cif,crystal_pocket,5LL8_crystal_pocket_model_0|idx_0,output/boltz_results_boltz_inputs/predictions/5LL8_crystal_pocket/5LL8_crystal_pocket_model_0.cif,ok,rdkit_best_rms,0.07155815777070235,14.0,14.0,14.0,1.0,6YP|A|306,LIG1|6YP|1,
5LL8,6YP,boltz_cif,default,5LL8_default_model_0|idx_0,output/boltz_results_boltz_inputs/predictions/5LL8_default/5LL8_default_model_0.cif,ok,rdkit_best_rms,0.07520004278609077,14.0,14.0,14.0,1.0,6YP|A|306,LIG1|6YP|1,
5LL8,6YP,boltz_cif,diffdock_pocket,5LL8_diffdock_pocket_model_0|idx_0,output/boltz_results_boltz_inputs/predictions/5LL8_diffdock_pocket/5LL8_diffdock_pocket_model_0.cif,ok,rdkit_best_rms,0.0654938555800898,14.0,14.0,14.0,1.0,6YP|A|306,LIG1|6YP|1,
5LLC,V26,diffdock_sdf,diffdock,rank1|idx_1,output/diffdock_workflow/poses/5LLC/complex_0/rank1.sdf,ok_low_coverage,atom_name,2.9339959368716846,26.0,26.0,8.0,0.3076923076923077,V26|A|308,SDF|LIG|1,No sub-structure match found between the reference and probe mol
5LLC,V26,diffdock_sdf,diffdock,rank1_confidence0.50|idx_1,output/diffdock_workflow/poses/5LLC/complex_0/rank1_confidence0.50.sdf,ok_low_coverage,atom_name,2.9339959368716846,26.0,26.0,8.0,0.3076923076923077,V26|A|308,SDF|LIG|1,No sub-structure match found between the reference and probe mol
5LLC,V26,diffdock_sdf,diffdock,rank2_confidence0.19|idx_2,output/diffdock_workflow/poses/5LLC/complex_0/rank2_confidence0.19.sdf,ok_low_coverage,atom_name,5.7904334470513685,26.0,26.0,8.0,0.3076923076923077,V26|A|308,SDF|LIG|1,No sub-structure match found between the reference and probe mol
5LLC,V26,diffdock_sdf,diffdock,rank3_confidence-0.02|idx_3,output/diffdock_workflow/poses/5LLC/complex_0/rank3_confidence-0.02.sdf,ok_low_coverage,atom_name,2.9057802731067297,26.0,26.0,8.0,0.3076923076923077,V26|A|308,SDF|LIG|1,No sub-structure match found between the reference and probe mol
5LLC,V26,diffdock_sdf,diffdock,rank4_confidence-0.13|idx_4,output/diffdock_workflow/poses/5LLC/complex_0/rank4_confidence-0.13.sdf,ok_low_coverage,atom_name,5.331215699368791,26.0,26.0,8.0,0.3076923076923077,V26|A|308,SDF|LIG|1,No sub-structure match found between the reference and probe mol
5LLC,V26,diffdock_complex_pdb,diffdock,5LLC_diffdock_complex,output/diffdock_workflow/complexes/5LLC_diffdock_complex.pdb,ok,rdkit_best_rms,1.8778965235624492,26.0,26.0,26.0,1.0,V26|A|308,UNL|L|1,
5LLC,V26,boltz_cif,crystal_pocket,5LLC_crystal_pocket_model_0|idx_0,output/boltz_results_boltz_inputs/predictions/5LLC_crystal_pocket/5LLC_crystal_pocket_model_0.cif,ok,rdkit_best_rms,2.166489350024745,26.0,26.0,26.0,1.0,V26|A|308,LIG1|V26|1,
5LLC,V26,boltz_cif,default,5LLC_default_model_0|idx_0,output/boltz_results_boltz_inputs/predictions/5LLC_default/5LLC_default_model_0.cif,ok,rdkit_best_rms,2.5275333185602697,26.0,26.0,26.0,1.0,V26|A|308,LIG1|V26|1,
5LLC,V26,boltz_cif,diffdock_pocket,5LLC_diffdock_pocket_model_0|idx_0,output/boltz_results_boltz_inputs/predictions/5LLC_diffdock_pocket/5LLC_diffdock_pocket_model_0.cif,ok,rdkit_best_rms,2.0157445930312634,26.0,26.0,26.0,1.0,V26|A|308,LIG1|V26|1,
5LLE,V51,diffdock_sdf,diffdock,rank1|idx_1,output/diffdock_workflow/poses/5LLE/complex_0/rank1.sdf,ok_low_coverage,atom_name,1.687592666199571,25.0,25.0,9.0,0.36,V51|A|302,SDF|LIG|1,No sub-structure match found between the reference and probe mol
5LLE,V51,diffdock_sdf,diffdock,rank1_confidence0.20|idx_1,output/diffdock_workflow/poses/5LLE/complex_0/rank1_confidence0.20.sdf,ok_low_coverage,atom_name,1.687592666199571,25.0,25.0,9.0,0.36,V51|A|302,SDF|LIG|1,No sub-structure match found between the reference and probe mol
5LLE,V51,diffdock_sdf,diffdock,rank2_confidence0.17|idx_2,output/diffdock_workflow/poses/5LLE/complex_0/rank2_confidence0.17.sdf,ok_low_coverage,atom_name,1.5527386759495367,25.0,25.0,9.0,0.36,V51|A|302,SDF|LIG|1,No sub-structure match found between the reference and probe mol
5LLE,V51,diffdock_sdf,diffdock,rank3_confidence0.15|idx_3,output/diffdock_workflow/poses/5LLE/complex_0/rank3_confidence0.15.sdf,ok_low_coverage,atom_name,1.5455730819624645,25.0,25.0,9.0,0.36,V51|A|302,SDF|LIG|1,No sub-structure match found between the reference and probe mol
5LLE,V51,diffdock_sdf,diffdock,rank4_confidence0.14|idx_4,output/diffdock_workflow/poses/5LLE/complex_0/rank4_confidence0.14.sdf,ok_low_coverage,atom_name,1.5017409140595899,25.0,25.0,9.0,0.36,V51|A|302,SDF|LIG|1,No sub-structure match found between the reference and probe mol
5LLE,V51,diffdock_complex_pdb,diffdock,5LLE_diffdock_complex,output/diffdock_workflow/complexes/5LLE_diffdock_complex.pdb,ok,rdkit_best_rms,0.15178126034615377,25.0,25.0,25.0,1.0,V51|A|302,UNL|L|1,
5LLE,V51,boltz_cif,crystal_pocket,5LLE_crystal_pocket_model_0|idx_0,output/boltz_results_boltz_inputs/predictions/5LLE_crystal_pocket/5LLE_crystal_pocket_model_0.cif,ok,rdkit_best_rms,0.6744317253642935,25.0,25.0,25.0,1.0,V51|A|302,LIG1|V51|1,
5LLE,V51,boltz_cif,default,5LLE_default_model_0|idx_0,output/boltz_results_boltz_inputs/predictions/5LLE_default/5LLE_default_model_0.cif,ok,rdkit_best_rms,0.5700388176476301,25.0,25.0,25.0,1.0,V51|A|302,LIG1|V51|1,
5LLE,V51,boltz_cif,diffdock_pocket,5LLE_diffdock_pocket_model_0|idx_0,output/boltz_results_boltz_inputs/predictions/5LLE_diffdock_pocket/5LLE_diffdock_pocket_model_0.cif,ok,rdkit_best_rms,0.7357418767026522,25.0,25.0,25.0,1.0,V51|A|302,LIG1|V51|1,
5LLG,VD9,diffdock_sdf,diffdock,rank1|idx_1,output/diffdock_workflow/poses/5LLG/complex_0/rank1.sdf,ok_low_coverage,atom_name,0.042317712309838704,14.0,14.0,7.0,0.5,VD9|A|302,SDF|LIG|1,No sub-structure match found between the reference and probe mol
5LLG,VD9,diffdock_sdf,diffdock,rank1_confidence0.77|idx_1,output/diffdock_workflow/poses/5LLG/complex_0/rank1_confidence0.77.sdf,ok_low_coverage,atom_name,0.042317712309838704,14.0,14.0,7.0,0.5,VD9|A|302,SDF|LIG|1,No sub-structure match found between the reference and probe mol
5LLG,VD9,diffdock_sdf,diffdock,rank2_confidence0.75|idx_2,output/diffdock_workflow/poses/5LLG/complex_0/rank2_confidence0.75.sdf,ok_low_coverage,atom_name,0.0742105081802702,14.0,14.0,7.0,0.5,VD9|A|302,SDF|LIG|1,No sub-structure match found between the reference and probe mol
5LLG,VD9,diffdock_sdf,diffdock,rank3_confidence0.73|idx_3,output/diffdock_workflow/poses/5LLG/complex_0/rank3_confidence0.73.sdf,ok_low_coverage,atom_name,0.04171668104117861,14.0,14.0,7.0,0.5,VD9|A|302,SDF|LIG|1,No sub-structure match found between the reference and probe mol
5LLG,VD9,diffdock_sdf,diffdock,rank4_confidence0.72|idx_4,output/diffdock_workflow/poses/5LLG/complex_0/rank4_confidence0.72.sdf,ok_low_coverage,atom_name,0.03953085642751788,14.0,14.0,7.0,0.5,VD9|A|302,SDF|LIG|1,No sub-structure match found between the reference and probe mol
5LLG,VD9,diffdock_complex_pdb,diffdock,5LLG_diffdock_complex,output/diffdock_workflow/complexes/5LLG_diffdock_complex.pdb,ok,rdkit_best_rms,0.13222595915865634,14.0,14.0,14.0,1.0,VD9|A|302,UNL|L|1,
5LLG,VD9,boltz_cif,crystal_pocket,5LLG_crystal_pocket_model_0|idx_0,output/boltz_results_boltz_inputs/predictions/5LLG_crystal_pocket/5LLG_crystal_pocket_model_0.cif,ok,rdkit_best_rms,0.3024317722755603,14.0,14.0,14.0,1.0,VD9|A|302,LIG1|VD9|1,
5LLG,VD9,boltz_cif,default,5LLG_default_model_0|idx_0,output/boltz_results_boltz_inputs/predictions/5LLG_default/5LLG_default_model_0.cif,ok,rdkit_best_rms,0.08610656589469508,14.0,14.0,14.0,1.0,VD9|A|302,LIG1|VD9|1,
5LLG,VD9,boltz_cif,diffdock_pocket,5LLG_diffdock_pocket_model_0|idx_0,output/boltz_results_boltz_inputs/predictions/5LLG_diffdock_pocket/5LLG_diffdock_pocket_model_0.cif,ok,rdkit_best_rms,0.46095959492037913,14.0,14.0,14.0,1.0,VD9|A|302,LIG1|VD9|1,
5LLH,V49,diffdock_sdf,diffdock,rank1|idx_1,output/diffdock_workflow/poses/5LLH/complex_0/rank1.sdf,ok_low_coverage,atom_name,2.62138884449881,24.0,24.0,7.0,0.2916666666666667,V49|A|302,SDF|LIG|1,No sub-structure match found between the reference and probe mol
5LLH,V49,diffdock_sdf,diffdock,rank1_confidence0.57|idx_1,output/diffdock_workflow/poses/5LLH/complex_0/rank1_confidence0.57.sdf,ok_low_coverage,atom_name,2.62138884449881,24.0,24.0,7.0,0.2916666666666667,V49|A|302,SDF|LIG|1,No sub-structure match found between the reference and probe mol
5LLH,V49,diffdock_sdf,diffdock,rank2_confidence0.48|idx_2,output/diffdock_workflow/poses/5LLH/complex_0/rank2_confidence0.48.sdf,ok_low_coverage,atom_name,2.604919808455413,24.0,24.0,7.0,0.2916666666666667,V49|A|302,SDF|LIG|1,No sub-structure match found between the reference and probe mol
5LLH,V49,diffdock_sdf,diffdock,rank3_confidence0.48|idx_3,output/diffdock_workflow/poses/5LLH/complex_0/rank3_confidence0.48.sdf,ok_low_coverage,atom_name,1.9679954948381737,24.0,24.0,7.0,0.2916666666666667,V49|A|302,SDF|LIG|1,No sub-structure match found between the reference and probe mol
5LLH,V49,diffdock_sdf,diffdock,rank4_confidence0.46|idx_4,output/diffdock_workflow/poses/5LLH/complex_0/rank4_confidence0.46.sdf,ok_low_coverage,atom_name,2.0059251700017975,24.0,24.0,7.0,0.2916666666666667,V49|A|302,SDF|LIG|1,No sub-structure match found between the reference and probe mol
5LLH,V49,diffdock_complex_pdb,diffdock,5LLH_diffdock_complex,output/diffdock_workflow/complexes/5LLH_diffdock_complex.pdb,ok,rdkit_best_rms,0.3243704942015247,24.0,24.0,24.0,1.0,V49|A|302,UNL|L|1,
5LLH,V49,boltz_cif,crystal_pocket,5LLH_crystal_pocket_model_0|idx_0,output/boltz_results_boltz_inputs/predictions/5LLH_crystal_pocket/5LLH_crystal_pocket_model_0.cif,ok,rdkit_best_rms,0.2284045109051768,24.0,24.0,24.0,1.0,V49|A|302,LIG1|V49|1,
5LLH,V49,boltz_cif,default,5LLH_default_model_0|idx_0,output/boltz_results_boltz_inputs/predictions/5LLH_default/5LLH_default_model_0.cif,ok,rdkit_best_rms,0.1930798996848193,24.0,24.0,24.0,1.0,V49|A|302,LIG1|V49|1,
5LLH,V49,boltz_cif,diffdock_pocket,5LLH_diffdock_pocket_model_0|idx_0,output/boltz_results_boltz_inputs/predictions/5LLH_diffdock_pocket/5LLH_diffdock_pocket_model_0.cif,ok,rdkit_best_rms,0.21989709797055898,24.0,24.0,24.0,1.0,V49|A|302,LIG1|V49|1,
5M78,SAL,diffdock_sdf,diffdock,rank1|idx_1,output/diffdock_workflow/poses/5M78/complex_0/rank1.sdf,ok_low_coverage,atom_name,0.02384028909024419,10.0,10.0,6.0,0.6,SAL|A|304,SDF|LIG|1,No sub-structure match found between the reference and probe mol
5M78,SAL,diffdock_sdf,diffdock,rank1_confidence0.12|idx_1,output/diffdock_workflow/poses/5M78/complex_0/rank1_confidence0.12.sdf,ok_low_coverage,atom_name,0.02384028909024419,10.0,10.0,6.0,0.6,SAL|A|304,SDF|LIG|1,No sub-structure match found between the reference and probe mol
5M78,SAL,diffdock_sdf,diffdock,rank2_confidence0.11|idx_2,output/diffdock_workflow/poses/5M78/complex_0/rank2_confidence0.11.sdf,ok_low_coverage,atom_name,0.09547012113127244,10.0,10.0,6.0,0.6,SAL|A|304,SDF|LIG|1,No sub-structure match found between the reference and probe mol
5M78,SAL,diffdock_sdf,diffdock,rank3_confidence0.08|idx_3,output/diffdock_workflow/poses/5M78/complex_0/rank3_confidence0.08.sdf,ok_low_coverage,atom_name,0.023484654419492608,10.0,10.0,6.0,0.6,SAL|A|304,SDF|LIG|1,No sub-structure match found between the reference and probe mol
5M78,SAL,diffdock_sdf,diffdock,rank4_confidence0.07|idx_4,output/diffdock_workflow/poses/5M78/complex_0/rank4_confidence0.07.sdf,ok_low_coverage,atom_name,0.03222427157687253,10.0,10.0,6.0,0.6,SAL|A|304,SDF|LIG|1,No sub-structure match found between the reference and probe mol
5M78,SAL,diffdock_complex_pdb,diffdock,5M78_diffdock_complex,output/diffdock_workflow/complexes/5M78_diffdock_complex.pdb,ok,rdkit_best_rms,0.06343958621341289,10.0,10.0,10.0,1.0,SAL|A|304,UNL|L|1,
5M78,SAL,boltz_cif,crystal_pocket,5M78_crystal_pocket_model_0|idx_0,output/boltz_results_boltz_inputs/predictions/5M78_crystal_pocket/5M78_crystal_pocket_model_0.cif,ok,rdkit_best_rms,0.034583134790442435,10.0,10.0,10.0,1.0,SAL|A|304,LIG1|SAL|1,
5M78,SAL,boltz_cif,default,5M78_default_model_0|idx_0,output/boltz_results_boltz_inputs/predictions/5M78_default/5M78_default_model_0.cif,ok,rdkit_best_rms,0.037391051185259074,10.0,10.0,10.0,1.0,SAL|A|304,LIG1|SAL|1,
5M78,SAL,boltz_cif,diffdock_pocket,5M78_diffdock_pocket_model_0|idx_0,output/boltz_results_boltz_inputs/predictions/5M78_diffdock_pocket/5M78_diffdock_pocket_model_0.cif,ok,rdkit_best_rms,0.03891179250034362,10.0,10.0,10.0,1.0,SAL|A|304,LIG1|SAL|1,
5N0D,8F2,diffdock_sdf,diffdock,rank1|idx_1,output/diffdock_workflow/poses/5N0D/complex_0/rank1.sdf,ok_low_coverage,atom_name,5.88953679154077,30.0,30.0,20.0,0.6666666666666666,8F2|A|302,SDF|LIG|1,No sub-structure match found between the reference and probe mol
5N0D,8F2,diffdock_sdf,diffdock,rank1_confidence-0.69|idx_1,output/diffdock_workflow/poses/5N0D/complex_0/rank1_confidence-0.69.sdf,ok_low_coverage,atom_name,5.88953679154077,30.0,30.0,20.0,0.6666666666666666,8F2|A|302,SDF|LIG|1,No sub-structure match found between the reference and probe mol
5N0D,8F2,diffdock_sdf,diffdock,rank2_confidence-0.69|idx_2,output/diffdock_workflow/poses/5N0D/complex_0/rank2_confidence-0.69.sdf,ok_low_coverage,atom_name,5.9451544450139355,30.0,30.0,20.0,0.6666666666666666,8F2|A|302,SDF|LIG|1,No sub-structure match found between the reference and probe mol
5N0D,8F2,diffdock_sdf,diffdock,rank3_confidence-0.71|idx_3,output/diffdock_workflow/poses/5N0D/complex_0/rank3_confidence-0.71.sdf,ok_low_coverage,atom_name,5.925238961109696,30.0,30.0,20.0,0.6666666666666666,8F2|A|302,SDF|LIG|1,No sub-structure match found between the reference and probe mol
5N0D,8F2,diffdock_sdf,diffdock,rank4_confidence-0.74|idx_4,output/diffdock_workflow/poses/5N0D/complex_0/rank4_confidence-0.74.sdf,ok_low_coverage,atom_name,5.8841648051557955,30.0,30.0,20.0,0.6666666666666666,8F2|A|302,SDF|LIG|1,No sub-structure match found between the reference and probe mol
5N0D,8F2,diffdock_complex_pdb,diffdock,5N0D_diffdock_complex,output/diffdock_workflow/complexes/5N0D_diffdock_complex.pdb,ok,rdkit_best_rms,1.7850023251780305,30.0,30.0,30.0,1.0,8F2|A|302,UNL|L|1,
5N0D,8F2,boltz_cif,crystal_pocket,5N0D_crystal_pocket_model_0|idx_0,output/boltz_results_boltz_inputs/predictions/5N0D_crystal_pocket/5N0D_crystal_pocket_model_0.cif,ok,rdkit_best_rms,1.8257981903899398,30.0,30.0,30.0,1.0,8F2|A|302,LIG1|8F2|1,
5N0D,8F2,boltz_cif,default,5N0D_default_model_0|idx_0,output/boltz_results_boltz_inputs/predictions/5N0D_default/5N0D_default_model_0.cif,ok,rdkit_best_rms,1.812353438709955,30.0,30.0,30.0,1.0,8F2|A|302,LIG1|8F2|1,
5N0D,8F2,boltz_cif,diffdock_pocket,5N0D_diffdock_pocket_model_0|idx_0,output/boltz_results_boltz_inputs/predictions/5N0D_diffdock_pocket/5N0D_diffdock_pocket_model_0.cif,ok,rdkit_best_rms,1.8326083847508636,30.0,30.0,30.0,1.0,8F2|A|302,LIG1|8F2|1,
5N0E,8F3,diffdock_sdf,diffdock,rank1|idx_1,output/diffdock_workflow/poses/5N0E/complex_0/rank1.sdf,ok_low_coverage,atom_name,5.6187833202717306,30.0,30.0,20.0,0.6666666666666666,8F3|A|302,SDF|LIG|1,No sub-structure match found between the reference and probe mol
5N0E,8F3,diffdock_sdf,diffdock,rank1_confidence-0.56|idx_1,output/diffdock_workflow/poses/5N0E/complex_0/rank1_confidence-0.56.sdf,ok_low_coverage,atom_name,5.6187833202717306,30.0,30.0,20.0,0.6666666666666666,8F3|A|302,SDF|LIG|1,No sub-structure match found between the reference and probe mol
5N0E,8F3,diffdock_sdf,diffdock,rank2_confidence-0.64|idx_2,output/diffdock_workflow/poses/5N0E/complex_0/rank2_confidence-0.64.sdf,ok_low_coverage,atom_name,2.3423961182579522,30.0,30.0,20.0,0.6666666666666666,8F3|A|302,SDF|LIG|1,No sub-structure match found between the reference and probe mol
5N0E,8F3,diffdock_sdf,diffdock,rank3_confidence-0.72|idx_3,output/diffdock_workflow/poses/5N0E/complex_0/rank3_confidence-0.72.sdf,ok_low_coverage,atom_name,6.327578717424534,30.0,30.0,20.0,0.6666666666666666,8F3|A|302,SDF|LIG|1,No sub-structure match found between the reference and probe mol
5N0E,8F3,diffdock_sdf,diffdock,rank4_confidence-0.73|idx_4,output/diffdock_workflow/poses/5N0E/complex_0/rank4_confidence-0.73.sdf,ok_low_coverage,atom_name,6.297218927931148,30.0,30.0,20.0,0.6666666666666666,8F3|A|302,SDF|LIG|1,No sub-structure match found between the reference and probe mol
5N0E,8F3,diffdock_complex_pdb,diffdock,5N0E_diffdock_complex,output/diffdock_workflow/complexes/5N0E_diffdock_complex.pdb,ok,rdkit_best_rms,1.3753741477425343,30.0,30.0,30.0,1.0,8F3|A|302,UNL|L|1,
5N0E,8F3,boltz_cif,crystal_pocket,5N0E_crystal_pocket_model_0|idx_0,output/boltz_results_boltz_inputs/predictions/5N0E_crystal_pocket/5N0E_crystal_pocket_model_0.cif,ok,rdkit_best_rms,0.35804304942603754,30.0,30.0,30.0,1.0,8F3|A|302,LIG1|8F3|1,
5N0E,8F3,boltz_cif,default,5N0E_default_model_0|idx_0,output/boltz_results_boltz_inputs/predictions/5N0E_default/5N0E_default_model_0.cif,ok,rdkit_best_rms,0.30889515752611424,30.0,30.0,30.0,1.0,8F3|A|302,LIG1|8F3|1,
5N0E,8F3,boltz_cif,diffdock_pocket,5N0E_diffdock_pocket_model_0|idx_0,output/boltz_results_boltz_inputs/predictions/5N0E_diffdock_pocket/5N0E_diffdock_pocket_model_0.cif,ok,rdkit_best_rms,0.32534818319080816,30.0,30.0,30.0,1.0,8F3|A|302,LIG1|8F3|1,
5N1R,8GH,diffdock_sdf,diffdock,rank1|idx_1,output/diffdock_workflow/poses/5N1R/complex_0/rank1.sdf,ok_low_coverage,atom_name,1.6610573321208966,22.0,22.0,14.0,0.6363636363636364,8GH|A|303,SDF|LIG|1,No sub-structure match found between the reference and probe mol
5N1R,8GH,diffdock_sdf,diffdock,rank1_confidence0.63|idx_1,output/diffdock_workflow/poses/5N1R/complex_0/rank1_confidence0.63.sdf,ok_low_coverage,atom_name,1.6610573321208966,22.0,22.0,14.0,0.6363636363636364,8GH|A|303,SDF|LIG|1,No sub-structure match found between the reference and probe mol
5N1R,8GH,diffdock_sdf,diffdock,rank2_confidence0.62|idx_2,output/diffdock_workflow/poses/5N1R/complex_0/rank2_confidence0.62.sdf,ok_low_coverage,atom_name,1.7527623552085165,22.0,22.0,14.0,0.6363636363636364,8GH|A|303,SDF|LIG|1,No sub-structure match found between the reference and probe mol
5N1R,8GH,diffdock_sdf,diffdock,rank3_confidence0.62|idx_3,output/diffdock_workflow/poses/5N1R/complex_0/rank3_confidence0.62.sdf,ok_low_coverage,atom_name,1.8275043824828117,22.0,22.0,14.0,0.6363636363636364,8GH|A|303,SDF|LIG|1,No sub-structure match found between the reference and probe mol
5N1R,8GH,diffdock_sdf,diffdock,rank4_confidence0.60|idx_4,output/diffdock_workflow/poses/5N1R/complex_0/rank4_confidence0.60.sdf,ok_low_coverage,atom_name,1.7447991162695817,22.0,22.0,14.0,0.6363636363636364,8GH|A|303,SDF|LIG|1,No sub-structure match found between the reference and probe mol
5N1R,8GH,diffdock_complex_pdb,diffdock,5N1R_diffdock_complex,output/diffdock_workflow/complexes/5N1R_diffdock_complex.pdb,ok,rdkit_best_rms,1.0695858272057774,22.0,22.0,22.0,1.0,8GH|A|303,UNL|L|1,
5N1R,8GH,boltz_cif,crystal_pocket,5N1R_crystal_pocket_model_0|idx_0,output/boltz_results_boltz_inputs/predictions/5N1R_crystal_pocket/5N1R_crystal_pocket_model_0.cif,ok,rdkit_best_rms,1.1554209744862414,22.0,22.0,22.0,1.0,8GH|A|303,LIG1|8GH|1,
5N1R,8GH,boltz_cif,default,5N1R_default_model_0|idx_0,output/boltz_results_boltz_inputs/predictions/5N1R_default/5N1R_default_model_0.cif,ok,rdkit_best_rms,1.0340911274553333,22.0,22.0,22.0,1.0,8GH|A|303,LIG1|8GH|1,
5N1R,8GH,boltz_cif,diffdock_pocket,5N1R_diffdock_pocket_model_0|idx_0,output/boltz_results_boltz_inputs/predictions/5N1R_diffdock_pocket/5N1R_diffdock_pocket_model_0.cif,ok,rdkit_best_rms,1.3323578001450127,22.0,22.0,22.0,1.0,8GH|A|303,LIG1|8GH|1,
5N1S,8GE,diffdock_sdf,diffdock,rank1|idx_1,output/diffdock_workflow/poses/5N1S/complex_0/rank1.sdf,ok_low_coverage,atom_name,2.6421915114342402,19.0,19.0,8.0,0.42105263157894735,8GE|A|303,SDF|LIG|1,No sub-structure match found between the reference and probe mol
5N1S,8GE,diffdock_sdf,diffdock,rank1_confidence0.82|idx_1,output/diffdock_workflow/poses/5N1S/complex_0/rank1_confidence0.82.sdf,ok_low_coverage,atom_name,2.6421915114342402,19.0,19.0,8.0,0.42105263157894735,8GE|A|303,SDF|LIG|1,No sub-structure match found between the reference and probe mol
5N1S,8GE,diffdock_sdf,diffdock,rank2_confidence0.82|idx_2,output/diffdock_workflow/poses/5N1S/complex_0/rank2_confidence0.82.sdf,ok_low_coverage,atom_name,2.642847180965409,19.0,19.0,8.0,0.42105263157894735,8GE|A|303,SDF|LIG|1,No sub-structure match found between the reference and probe mol
5N1S,8GE,diffdock_sdf,diffdock,rank3_confidence0.80|idx_3,output/diffdock_workflow/poses/5N1S/complex_0/rank3_confidence0.80.sdf,ok_low_coverage,atom_name,2.635744336138463,19.0,19.0,8.0,0.42105263157894735,8GE|A|303,SDF|LIG|1,No sub-structure match found between the reference and probe mol
5N1S,8GE,diffdock_sdf,diffdock,rank4_confidence0.79|idx_4,output/diffdock_workflow/poses/5N1S/complex_0/rank4_confidence0.79.sdf,ok_low_coverage,atom_name,2.626535238330409,19.0,19.0,8.0,0.42105263157894735,8GE|A|303,SDF|LIG|1,No sub-structure match found between the reference and probe mol
5N1S,8GE,diffdock_complex_pdb,diffdock,5N1S_diffdock_complex,output/diffdock_workflow/complexes/5N1S_diffdock_complex.pdb,ok,rdkit_best_rms,0.2075928555718418,19.0,19.0,19.0,1.0,8GE|A|303,UNL|L|1,
5N1S,8GE,boltz_cif,crystal_pocket,5N1S_crystal_pocket_model_0|idx_0,output/boltz_results_boltz_inputs/predictions/5N1S_crystal_pocket/5N1S_crystal_pocket_model_0.cif,ok,rdkit_best_rms,0.9066125026864976,19.0,19.0,19.0,1.0,8GE|A|303,LIG1|8GE|1,
5N1S,8GE,boltz_cif,default,5N1S_default_model_0|idx_0,output/boltz_results_boltz_inputs/predictions/5N1S_default/5N1S_default_model_0.cif,ok,rdkit_best_rms,0.58274326746012,19.0,19.0,19.0,1.0,8GE|A|303,LIG1|8GE|1,
5N1S,8GE,boltz_cif,diffdock_pocket,5N1S_diffdock_pocket_model_0|idx_0,output/boltz_results_boltz_inputs/predictions/5N1S_diffdock_pocket/5N1S_diffdock_pocket_model_0.cif,ok,rdkit_best_rms,0.5896359629064928,19.0,19.0,19.0,1.0,8GE|A|303,LIG1|8GE|1,
5N24,8HE,diffdock_sdf,diffdock,rank1|idx_1,output/diffdock_workflow/poses/5N24/complex_0/rank1.sdf,ok_low_coverage,atom_name,2.274530889475955,18.0,18.0,11.0,0.6111111111111112,8HE|A|302,SDF|LIG|1,No sub-structure match found between the reference and probe mol
5N24,8HE,diffdock_sdf,diffdock,rank1_confidence0.73|idx_1,output/diffdock_workflow/poses/5N24/complex_0/rank1_confidence0.73.sdf,ok_low_coverage,atom_name,2.274530889475955,18.0,18.0,11.0,0.6111111111111112,8HE|A|302,SDF|LIG|1,No sub-structure match found between the reference and probe mol
5N24,8HE,diffdock_sdf,diffdock,rank2_confidence0.72|idx_2,output/diffdock_workflow/poses/5N24/complex_0/rank2_confidence0.72.sdf,ok_low_coverage,atom_name,2.1560894112344253,18.0,18.0,11.0,0.6111111111111112,8HE|A|302,SDF|LIG|1,No sub-structure match found between the reference and probe mol
5N24,8HE,diffdock_sdf,diffdock,rank3_confidence0.69|idx_3,output/diffdock_workflow/poses/5N24/complex_0/rank3_confidence0.69.sdf,ok_low_coverage,atom_name,2.3048967170740537,18.0,18.0,11.0,0.6111111111111112,8HE|A|302,SDF|LIG|1,No sub-structure match found between the reference and probe mol
5N24,8HE,diffdock_sdf,diffdock,rank4_confidence0.67|idx_4,output/diffdock_workflow/poses/5N24/complex_0/rank4_confidence0.67.sdf,ok_low_coverage,atom_name,2.1670278740800284,18.0,18.0,11.0,0.6111111111111112,8HE|A|302,SDF|LIG|1,No sub-structure match found between the reference and probe mol
5N24,8HE,diffdock_complex_pdb,diffdock,5N24_diffdock_complex,output/diffdock_workflow/complexes/5N24_diffdock_complex.pdb,ok,rdkit_best_rms,0.14160444595648494,18.0,18.0,18.0,1.0,8HE|A|302,UNL|L|1,
5N24,8HE,boltz_cif,crystal_pocket,5N24_crystal_pocket_model_0|idx_0,output/boltz_results_boltz_inputs/predictions/5N24_crystal_pocket/5N24_crystal_pocket_model_0.cif,ok,rdkit_best_rms,0.09143409218398835,18.0,18.0,18.0,1.0,8HE|A|302,LIG1|8HE|1,
5N24,8HE,boltz_cif,default,5N24_default_model_0|idx_0,output/boltz_results_boltz_inputs/predictions/5N24_default/5N24_default_model_0.cif,ok,rdkit_best_rms,0.09645163605748383,18.0,18.0,18.0,1.0,8HE|A|302,LIG1|8HE|1,
5N24,8HE,boltz_cif,diffdock_pocket,5N24_diffdock_pocket_model_0|idx_0,output/boltz_results_boltz_inputs/predictions/5N24_diffdock_pocket/5N24_diffdock_pocket_model_0.cif,ok,rdkit_best_rms,0.10385327585946577,18.0,18.0,18.0,1.0,8HE|A|302,LIG1|8HE|1,
5N25,8HK,diffdock_sdf,diffdock,rank1|idx_1,output/diffdock_workflow/poses/5N25/complex_0/rank1.sdf,ok_low_coverage,atom_name,3.0375210983828014,16.0,16.0,10.0,0.625,8HK|A|302,SDF|LIG|1,No sub-structure match found between the reference and probe mol
5N25,8HK,diffdock_sdf,diffdock,rank1_confidence0.94|idx_1,output/diffdock_workflow/poses/5N25/complex_0/rank1_confidence0.94.sdf,ok_low_coverage,atom_name,3.0375210983828014,16.0,16.0,10.0,0.625,8HK|A|302,SDF|LIG|1,No sub-structure match found between the reference and probe mol
5N25,8HK,diffdock_sdf,diffdock,rank2_confidence0.89|idx_2,output/diffdock_workflow/poses/5N25/complex_0/rank2_confidence0.89.sdf,ok_low_coverage,atom_name,2.65311416902596,16.0,16.0,10.0,0.625,8HK|A|302,SDF|LIG|1,No sub-structure match found between the reference and probe mol
5N25,8HK,diffdock_sdf,diffdock,rank3_confidence0.89|idx_3,output/diffdock_workflow/poses/5N25/complex_0/rank3_confidence0.89.sdf,ok_low_coverage,atom_name,2.6427616202092596,16.0,16.0,10.0,0.625,8HK|A|302,SDF|LIG|1,No sub-structure match found between the reference and probe mol
5N25,8HK,diffdock_sdf,diffdock,rank4_confidence0.88|idx_4,output/diffdock_workflow/poses/5N25/complex_0/rank4_confidence0.88.sdf,ok_low_coverage,atom_name,2.661716561121058,16.0,16.0,10.0,0.625,8HK|A|302,SDF|LIG|1,No sub-structure match found between the reference and probe mol
5N25,8HK,diffdock_complex_pdb,diffdock,5N25_diffdock_complex,output/diffdock_workflow/complexes/5N25_diffdock_complex.pdb,ok,rdkit_best_rms,0.9251588673096866,16.0,16.0,16.0,1.0,8HK|A|302,UNL|L|1,
5N25,8HK,boltz_cif,crystal_pocket,5N25_crystal_pocket_model_0|idx_0,output/boltz_results_boltz_inputs/predictions/5N25_crystal_pocket/5N25_crystal_pocket_model_0.cif,ok,rdkit_best_rms,0.09492177277829775,16.0,16.0,16.0,1.0,8HK|A|302,LIG1|8HK|1,
5N25,8HK,boltz_cif,default,5N25_default_model_0|idx_0,output/boltz_results_boltz_inputs/predictions/5N25_default/5N25_default_model_0.cif,ok,rdkit_best_rms,0.6802873141616974,16.0,16.0,16.0,1.0,8HK|A|302,LIG1|8HK|1,
5N25,8HK,boltz_cif,diffdock_pocket,5N25_diffdock_pocket_model_0|idx_0,output/boltz_results_boltz_inputs/predictions/5N25_diffdock_pocket/5N25_diffdock_pocket_model_0.cif,ok,rdkit_best_rms,0.7047743583975001,16.0,16.0,16.0,1.0,8HK|A|302,LIG1|8HK|1,
5NEA,8V8,diffdock_sdf,diffdock,rank1|idx_1,output/diffdock_workflow/poses/5NEA/complex_0/rank1.sdf,ok_low_coverage,atom_name,2.592246598049346,16.0,16.0,7.0,0.4375,8V8|A|302,SDF|LIG|1,No sub-structure match found between the reference and probe mol
5NEA,8V8,diffdock_sdf,diffdock,rank1_confidence0.83|idx_1,output/diffdock_workflow/poses/5NEA/complex_0/rank1_confidence0.83.sdf,ok_low_coverage,atom_name,2.592246598049346,16.0,16.0,7.0,0.4375,8V8|A|302,SDF|LIG|1,No sub-structure match found between the reference and probe mol
5NEA,8V8,diffdock_sdf,diffdock,rank2_confidence0.79|idx_2,output/diffdock_workflow/poses/5NEA/complex_0/rank2_confidence0.79.sdf,ok_low_coverage,atom_name,2.586563156911372,16.0,16.0,7.0,0.4375,8V8|A|302,SDF|LIG|1,No sub-structure match found between the reference and probe mol
5NEA,8V8,diffdock_sdf,diffdock,rank3_confidence0.75|idx_3,output/diffdock_workflow/poses/5NEA/complex_0/rank3_confidence0.75.sdf,ok_low_coverage,atom_name,2.7636110656606245,16.0,16.0,7.0,0.4375,8V8|A|302,SDF|LIG|1,No sub-structure match found between the reference and probe mol
5NEA,8V8,diffdock_sdf,diffdock,rank4_confidence0.70|idx_4,output/diffdock_workflow/poses/5NEA/complex_0/rank4_confidence0.70.sdf,ok_low_coverage,atom_name,2.6784226224677723,16.0,16.0,7.0,0.4375,8V8|A|302,SDF|LIG|1,No sub-structure match found between the reference and probe mol
5NEA,8V8,diffdock_complex_pdb,diffdock,5NEA_diffdock_complex,output/diffdock_workflow/complexes/5NEA_diffdock_complex.pdb,ok,rdkit_best_rms,0.9066676766963672,16.0,16.0,16.0,1.0,8V8|A|302,UNL|L|1,
5NEA,8V8,boltz_cif,crystal_pocket,5NEA_crystal_pocket_model_0|idx_0,output/boltz_results_boltz_inputs/predictions/5NEA_crystal_pocket/5NEA_crystal_pocket_model_0.cif,ok,rdkit_best_rms,0.5858427735604508,16.0,16.0,16.0,1.0,8V8|A|302,LIG1|8V8|1,
5NEA,8V8,boltz_cif,default,5NEA_default_model_0|idx_0,output/boltz_results_boltz_inputs/predictions/5NEA_default/5NEA_default_model_0.cif,ok,rdkit_best_rms,0.8450335521171544,16.0,16.0,16.0,1.0,8V8|A|302,LIG1|8V8|1,
5NEA,8V8,boltz_cif,diffdock_pocket,5NEA_diffdock_pocket_model_0|idx_0,output/boltz_results_boltz_inputs/predictions/5NEA_diffdock_pocket/5NEA_diffdock_pocket_model_0.cif,ok,rdkit_best_rms,0.9178955921230785,16.0,16.0,16.0,1.0,8V8|A|302,LIG1|8V8|1,
5NEE,8V5,diffdock_sdf,diffdock,rank1|idx_1,output/diffdock_workflow/poses/5NEE/complex_0/rank1.sdf,ok_low_coverage,atom_name,4.307402355771538,22.0,22.0,9.0,0.4090909090909091,8V5|A|302,SDF|LIG|1,No sub-structure match found between the reference and probe mol
5NEE,8V5,diffdock_sdf,diffdock,rank1_confidence0.69|idx_1,output/diffdock_workflow/poses/5NEE/complex_0/rank1_confidence0.69.sdf,ok_low_coverage,atom_name,4.307402355771538,22.0,22.0,9.0,0.4090909090909091,8V5|A|302,SDF|LIG|1,No sub-structure match found between the reference and probe mol
5NEE,8V5,diffdock_sdf,diffdock,rank2_confidence0.32|idx_2,output/diffdock_workflow/poses/5NEE/complex_0/rank2_confidence0.32.sdf,ok_low_coverage,atom_name,3.486531039421782,22.0,22.0,9.0,0.4090909090909091,8V5|A|302,SDF|LIG|1,No sub-structure match found between the reference and probe mol
5NEE,8V5,diffdock_sdf,diffdock,rank3_confidence0.08|idx_3,output/diffdock_workflow/poses/5NEE/complex_0/rank3_confidence0.08.sdf,ok_low_coverage,atom_name,3.42833663322975,22.0,22.0,9.0,0.4090909090909091,8V5|A|302,SDF|LIG|1,No sub-structure match found between the reference and probe mol
5NEE,8V5,diffdock_sdf,diffdock,rank4_confidence0.08|idx_4,output/diffdock_workflow/poses/5NEE/complex_0/rank4_confidence0.08.sdf,ok_low_coverage,atom_name,3.5489929277567107,22.0,22.0,9.0,0.4090909090909091,8V5|A|302,SDF|LIG|1,No sub-structure match found between the reference and probe mol
5NEE,8V5,diffdock_complex_pdb,diffdock,5NEE_diffdock_complex,output/diffdock_workflow/complexes/5NEE_diffdock_complex.pdb,ok,rdkit_best_rms,1.5329980182881928,22.0,22.0,22.0,1.0,8V5|A|302,UNL|L|1,
5NEE,8V5,boltz_cif,crystal_pocket,5NEE_crystal_pocket_model_0|idx_0,output/boltz_results_boltz_inputs/predictions/5NEE_crystal_pocket/5NEE_crystal_pocket_model_0.cif,ok,rdkit_best_rms,0.9379194250280195,22.0,22.0,22.0,1.0,8V5|A|302,LIG1|8V5|1,
5NEE,8V5,boltz_cif,default,5NEE_default_model_0|idx_0,output/boltz_results_boltz_inputs/predictions/5NEE_default/5NEE_default_model_0.cif,ok,rdkit_best_rms,0.8899528128384981,22.0,22.0,22.0,1.0,8V5|A|302,LIG1|8V5|1,
5NEE,8V5,boltz_cif,diffdock_pocket,5NEE_diffdock_pocket_model_0|idx_0,output/boltz_results_boltz_inputs/predictions/5NEE_diffdock_pocket/5NEE_diffdock_pocket_model_0.cif,ok,rdkit_best_rms,1.3008740014813973,22.0,22.0,22.0,1.0,8V5|A|302,LIG1|8V5|1,
5O07,1VQ,diffdock_sdf,diffdock,rank1|idx_1,output/diffdock_workflow/poses/5O07/complex_0/rank1.sdf,ok_low_coverage,atom_name,1.247821225434356,16.0,16.0,5.0,0.3125,1VQ|A|302,SDF|LIG|1,No sub-structure match found between the reference and probe mol
5O07,1VQ,diffdock_sdf,diffdock,rank1_confidence0.11|idx_1,output/diffdock_workflow/poses/5O07/complex_0/rank1_confidence0.11.sdf,ok_low_coverage,atom_name,1.247821225434356,16.0,16.0,5.0,0.3125,1VQ|A|302,SDF|LIG|1,No sub-structure match found between the reference and probe mol
5O07,1VQ,diffdock_sdf,diffdock,rank2_confidence0.05|idx_2,output/diffdock_workflow/poses/5O07/complex_0/rank2_confidence0.05.sdf,ok_low_coverage,atom_name,1.218613245607131,16.0,16.0,5.0,0.3125,1VQ|A|302,SDF|LIG|1,No sub-structure match found between the reference and probe mol
5O07,1VQ,diffdock_sdf,diffdock,rank3_confidence0.04|idx_3,output/diffdock_workflow/poses/5O07/complex_0/rank3_confidence0.04.sdf,ok_low_coverage,atom_name,1.578176365479269,16.0,16.0,5.0,0.3125,1VQ|A|302,SDF|LIG|1,No sub-structure match found between the reference and probe mol
5O07,1VQ,diffdock_sdf,diffdock,rank4_confidence-0.03|idx_4,output/diffdock_workflow/poses/5O07/complex_0/rank4_confidence-0.03.sdf,ok_low_coverage,atom_name,1.5770835095053752,16.0,16.0,5.0,0.3125,1VQ|A|302,SDF|LIG|1,No sub-structure match found between the reference and probe mol
5O07,1VQ,diffdock_complex_pdb,diffdock,5O07_diffdock_complex,output/diffdock_workflow/complexes/5O07_diffdock_complex.pdb,ok,atom_name,3.53145978316891,16.0,16.0,16.0,1.0,1VQ|A|302,UNL|L|1,No sub-structure match found between the reference and probe mol
5O07,1VQ,boltz_cif,crystal_pocket,5O07_crystal_pocket_model_0|idx_0,output/boltz_results_boltz_inputs/predictions/5O07_crystal_pocket/5O07_crystal_pocket_model_0.cif,ok,rdkit_best_rms,1.6974441564927842,16.0,16.0,16.0,1.0,1VQ|A|302,LIG1|1VQ|1,
5O07,1VQ,boltz_cif,default,5O07_default_model_0|idx_0,output/boltz_results_boltz_inputs/predictions/5O07_default/5O07_default_model_0.cif,ok,rdkit_best_rms,0.9976526598273977,16.0,16.0,16.0,1.0,1VQ|A|302,LIG1|1VQ|1,
5O07,1VQ,boltz_cif,diffdock_pocket,5O07_diffdock_pocket_model_0|idx_0,output/boltz_results_boltz_inputs/predictions/5O07_diffdock_pocket/5O07_diffdock_pocket_model_0.cif,ok,rdkit_best_rms,1.6915839161107418,16.0,16.0,16.0,1.0,1VQ|A|302,LIG1|1VQ|1,
5SZ4,72D,diffdock_sdf,diffdock,rank1|idx_1,output/diffdock_workflow/poses/5SZ4/complex_0/rank1.sdf,ok,element_sorted_fallback,0.16378223003978173,16.0,16.0,16.0,1.0,72D|A|304,SDF|LIG|1,No sub-structure match found between the reference and probe mol
5SZ4,72D,diffdock_sdf,diffdock,rank1_confidence0.98|idx_1,output/diffdock_workflow/poses/5SZ4/complex_0/rank1_confidence0.98.sdf,ok,element_sorted_fallback,0.16378223003978173,16.0,16.0,16.0,1.0,72D|A|304,SDF|LIG|1,No sub-structure match found between the reference and probe mol
5SZ4,72D,diffdock_sdf,diffdock,rank2_confidence0.96|idx_2,output/diffdock_workflow/poses/5SZ4/complex_0/rank2_confidence0.96.sdf,ok,element_sorted_fallback,0.1521150768996654,16.0,16.0,16.0,1.0,72D|A|304,SDF|LIG|1,No sub-structure match found between the reference and probe mol
5SZ4,72D,diffdock_sdf,diffdock,rank3_confidence0.95|idx_3,output/diffdock_workflow/poses/5SZ4/complex_0/rank3_confidence0.95.sdf,ok,element_sorted_fallback,2.1813343887654812,16.0,16.0,16.0,1.0,72D|A|304,SDF|LIG|1,No sub-structure match found between the reference and probe mol
5SZ4,72D,diffdock_sdf,diffdock,rank4_confidence0.93|idx_4,output/diffdock_workflow/poses/5SZ4/complex_0/rank4_confidence0.93.sdf,ok,element_sorted_fallback,0.22966668633861667,16.0,16.0,16.0,1.0,72D|A|304,SDF|LIG|1,No sub-structure match found between the reference and probe mol
5SZ4,72D,diffdock_complex_pdb,diffdock,5SZ4_diffdock_complex,output/diffdock_workflow/complexes/5SZ4_diffdock_complex.pdb,ok,rdkit_best_rms,0.13128058916897442,16.0,16.0,16.0,1.0,72D|A|304,UNL|L|1,
5SZ4,72D,boltz_cif,crystal_pocket,5SZ4_crystal_pocket_model_0|idx_0,output/boltz_results_boltz_inputs/predictions/5SZ4_crystal_pocket/5SZ4_crystal_pocket_model_0.cif,ok,rdkit_best_rms,0.18496255639751646,16.0,16.0,16.0,1.0,72D|A|304,LIG1|72D|1,
5SZ4,72D,boltz_cif,default,5SZ4_default_model_0|idx_0,output/boltz_results_boltz_inputs/predictions/5SZ4_default/5SZ4_default_model_0.cif,ok,rdkit_best_rms,0.15555003367351955,16.0,16.0,16.0,1.0,72D|A|304,LIG1|72D|1,
5SZ4,72D,boltz_cif,diffdock_pocket,5SZ4_diffdock_pocket_model_0|idx_0,output/boltz_results_boltz_inputs/predictions/5SZ4_diffdock_pocket/5SZ4_diffdock_pocket_model_0.cif,ok,rdkit_best_rms,0.1553559173485267,16.0,16.0,16.0,1.0,72D|A|304,LIG1|72D|1,
5SZ5,72E,diffdock_sdf,diffdock,rank1|idx_1,output/diffdock_workflow/poses/5SZ5/complex_0/rank1.sdf,ok,element_sorted_fallback,0.24149672159867921,17.0,17.0,17.0,1.0,72E|A|303,SDF|LIG|1,No sub-structure match found between the reference and probe mol
5SZ5,72E,diffdock_sdf,diffdock,rank1_confidence0.85|idx_1,output/diffdock_workflow/poses/5SZ5/complex_0/rank1_confidence0.85.sdf,ok,element_sorted_fallback,0.24149672159867921,17.0,17.0,17.0,1.0,72E|A|303,SDF|LIG|1,No sub-structure match found between the reference and probe mol
5SZ5,72E,diffdock_sdf,diffdock,rank2_confidence0.84|idx_2,output/diffdock_workflow/poses/5SZ5/complex_0/rank2_confidence0.84.sdf,ok,element_sorted_fallback,1.6723771935297076,17.0,17.0,17.0,1.0,72E|A|303,SDF|LIG|1,No sub-structure match found between the reference and probe mol
5SZ5,72E,diffdock_sdf,diffdock,rank3_confidence0.81|idx_3,output/diffdock_workflow/poses/5SZ5/complex_0/rank3_confidence0.81.sdf,ok,element_sorted_fallback,1.6571061412987844,17.0,17.0,17.0,1.0,72E|A|303,SDF|LIG|1,No sub-structure match found between the reference and probe mol
5SZ5,72E,diffdock_sdf,diffdock,rank4_confidence0.80|idx_4,output/diffdock_workflow/poses/5SZ5/complex_0/rank4_confidence0.80.sdf,ok,element_sorted_fallback,1.6483192822536705,17.0,17.0,17.0,1.0,72E|A|303,SDF|LIG|1,No sub-structure match found between the reference and probe mol
5SZ5,72E,diffdock_complex_pdb,diffdock,5SZ5_diffdock_complex,output/diffdock_workflow/complexes/5SZ5_diffdock_complex.pdb,ok,rdkit_best_rms,0.15813071115066865,17.0,17.0,17.0,1.0,72E|A|303,UNL|L|1,
5SZ5,72E,boltz_cif,crystal_pocket,5SZ5_crystal_pocket_model_0|idx_0,output/boltz_results_boltz_inputs/predictions/5SZ5_crystal_pocket/5SZ5_crystal_pocket_model_0.cif,ok,rdkit_best_rms,0.39853605549554577,17.0,17.0,17.0,1.0,72E|A|303,LIG1|72E|1,
5SZ5,72E,boltz_cif,default,5SZ5_default_model_0|idx_0,output/boltz_results_boltz_inputs/predictions/5SZ5_default/5SZ5_default_model_0.cif,ok,rdkit_best_rms,1.0612784876310655,17.0,17.0,17.0,1.0,72E|A|303,LIG1|72E|1,
5SZ5,72E,boltz_cif,diffdock_pocket,5SZ5_diffdock_pocket_model_0|idx_0,output/boltz_results_boltz_inputs/predictions/5SZ5_diffdock_pocket/5SZ5_diffdock_pocket_model_0.cif,ok,rdkit_best_rms,1.0380205412434638,17.0,17.0,17.0,1.0,72E|A|303,LIG1|72E|1,
5SZ6,72G,diffdock_sdf,diffdock,rank1|idx_1,output/diffdock_workflow/poses/5SZ6/complex_0/rank1.sdf,ok,element_sorted_fallback,0.8565169839530572,18.0,18.0,18.0,1.0,72G|A|302,SDF|LIG|1,No sub-structure match found between the reference and probe mol
5SZ6,72G,diffdock_sdf,diffdock,rank1_confidence0.62|idx_1,output/diffdock_workflow/poses/5SZ6/complex_0/rank1_confidence0.62.sdf,ok,element_sorted_fallback,0.8565169839530572,18.0,18.0,18.0,1.0,72G|A|302,SDF|LIG|1,No sub-structure match found between the reference and probe mol
5SZ6,72G,diffdock_sdf,diffdock,rank2_confidence0.58|idx_2,output/diffdock_workflow/poses/5SZ6/complex_0/rank2_confidence0.58.sdf,ok,element_sorted_fallback,0.8420929493627966,18.0,18.0,18.0,1.0,72G|A|302,SDF|LIG|1,No sub-structure match found between the reference and probe mol
5SZ6,72G,diffdock_sdf,diffdock,rank3_confidence0.57|idx_3,output/diffdock_workflow/poses/5SZ6/complex_0/rank3_confidence0.57.sdf,ok,element_sorted_fallback,0.8459680025246091,18.0,18.0,18.0,1.0,72G|A|302,SDF|LIG|1,No sub-structure match found between the reference and probe mol
5SZ6,72G,diffdock_sdf,diffdock,rank4_confidence0.56|idx_4,output/diffdock_workflow/poses/5SZ6/complex_0/rank4_confidence0.56.sdf,ok,element_sorted_fallback,0.8487038432501604,18.0,18.0,18.0,1.0,72G|A|302,SDF|LIG|1,No sub-structure match found between the reference and probe mol
5SZ6,72G,diffdock_complex_pdb,diffdock,5SZ6_diffdock_complex,output/diffdock_workflow/complexes/5SZ6_diffdock_complex.pdb,ok,rdkit_best_rms,0.1273929852354835,18.0,18.0,18.0,1.0,72G|A|302,UNL|L|1,
5SZ6,72G,boltz_cif,crystal_pocket,5SZ6_crystal_pocket_model_0|idx_0,output/boltz_results_boltz_inputs/predictions/5SZ6_crystal_pocket/5SZ6_crystal_pocket_model_0.cif,ok,rdkit_best_rms,1.0848545483757306,18.0,18.0,18.0,1.0,72G|A|302,LIG1|72G|1,
5SZ6,72G,boltz_cif,default,5SZ6_default_model_0|idx_0,output/boltz_results_boltz_inputs/predictions/5SZ6_default/5SZ6_default_model_0.cif,ok,rdkit_best_rms,1.0986877536140922,18.0,18.0,18.0,1.0,72G|A|302,LIG1|72G|1,
5SZ6,72G,boltz_cif,diffdock_pocket,5SZ6_diffdock_pocket_model_0|idx_0,output/boltz_results_boltz_inputs/predictions/5SZ6_diffdock_pocket/5SZ6_diffdock_pocket_model_0.cif,ok,rdkit_best_rms,1.0930168368257427,18.0,18.0,18.0,1.0,72G|A|302,LIG1|72G|1,
5SZ7,72H,diffdock_sdf,diffdock,rank1|idx_1,output/diffdock_workflow/poses/5SZ7/complex_0/rank1.sdf,ok,element_sorted_fallback,3.0675481685111983,20.0,20.0,20.0,1.0,72H|A|302,SDF|LIG|1,No sub-structure match found between the reference and probe mol
5SZ7,72H,diffdock_sdf,diffdock,rank1_confidence0.57|idx_1,output/diffdock_workflow/poses/5SZ7/complex_0/rank1_confidence0.57.sdf,ok,element_sorted_fallback,3.0675481685111983,20.0,20.0,20.0,1.0,72H|A|302,SDF|LIG|1,No sub-structure match found between the reference and probe mol
5SZ7,72H,diffdock_sdf,diffdock,rank2_confidence0.55|idx_2,output/diffdock_workflow/poses/5SZ7/complex_0/rank2_confidence0.55.sdf,ok,element_sorted_fallback,2.2996430725206727,20.0,20.0,20.0,1.0,72H|A|302,SDF|LIG|1,No sub-structure match found between the reference and probe mol
5SZ7,72H,diffdock_sdf,diffdock,rank3_confidence0.55|idx_3,output/diffdock_workflow/poses/5SZ7/complex_0/rank3_confidence0.55.sdf,ok,element_sorted_fallback,2.2944889188158686,20.0,20.0,20.0,1.0,72H|A|302,SDF|LIG|1,No sub-structure match found between the reference and probe mol
5SZ7,72H,diffdock_sdf,diffdock,rank4_confidence0.55|idx_4,output/diffdock_workflow/poses/5SZ7/complex_0/rank4_confidence0.55.sdf,ok,element_sorted_fallback,3.0707334472553134,20.0,20.0,20.0,1.0,72H|A|302,SDF|LIG|1,No sub-structure match found between the reference and probe mol
5SZ7,72H,diffdock_complex_pdb,diffdock,5SZ7_diffdock_complex,output/diffdock_workflow/complexes/5SZ7_diffdock_complex.pdb,ok,rdkit_best_rms,0.14969104605121678,20.0,20.0,20.0,1.0,72H|A|302,UNL|L|1,
5SZ7,72H,boltz_cif,crystal_pocket,5SZ7_crystal_pocket_model_0|idx_0,output/boltz_results_boltz_inputs/predictions/5SZ7_crystal_pocket/5SZ7_crystal_pocket_model_0.cif,ok,rdkit_best_rms,0.7127548849058088,20.0,20.0,20.0,1.0,72H|A|302,LIG1|72H|1,
5SZ7,72H,boltz_cif,default,5SZ7_default_model_0|idx_0,output/boltz_results_boltz_inputs/predictions/5SZ7_default/5SZ7_default_model_0.cif,ok,rdkit_best_rms,0.5461426740996563,20.0,20.0,20.0,1.0,72H|A|302,LIG1|72H|1,
5SZ7,72H,boltz_cif,diffdock_pocket,5SZ7_diffdock_pocket_model_0|idx_0,output/boltz_results_boltz_inputs/predictions/5SZ7_diffdock_pocket/5SZ7_diffdock_pocket_model_0.cif,ok,rdkit_best_rms,0.6849045979980958,20.0,20.0,20.0,1.0,72H|A|302,LIG1|72H|1,
5TXY,7Q1,diffdock_sdf,diffdock,rank1|idx_1,output/diffdock_workflow/poses/5TXY/complex_0/rank1.sdf,ok_low_coverage,atom_name,1.6175516446282219,13.0,13.0,4.0,0.3076923076923077,7Q1|A|303,SDF|LIG|1,No sub-structure match found between the reference and probe mol
5TXY,7Q1,diffdock_sdf,diffdock,rank1_confidence0.63|idx_1,output/diffdock_workflow/poses/5TXY/complex_0/rank1_confidence0.63.sdf,ok_low_coverage,atom_name,1.6175516446282219,13.0,13.0,4.0,0.3076923076923077,7Q1|A|303,SDF|LIG|1,No sub-structure match found between the reference and probe mol
5TXY,7Q1,diffdock_sdf,diffdock,rank2_confidence0.57|idx_2,output/diffdock_workflow/poses/5TXY/complex_0/rank2_confidence0.57.sdf,ok_low_coverage,atom_name,1.6125984478597402,13.0,13.0,4.0,0.3076923076923077,7Q1|A|303,SDF|LIG|1,No sub-structure match found between the reference and probe mol
5TXY,7Q1,diffdock_sdf,diffdock,rank3_confidence0.56|idx_3,output/diffdock_workflow/poses/5TXY/complex_0/rank3_confidence0.56.sdf,ok_low_coverage,atom_name,1.621535656446584,13.0,13.0,4.0,0.3076923076923077,7Q1|A|303,SDF|LIG|1,No sub-structure match found between the reference and probe mol
5TXY,7Q1,diffdock_sdf,diffdock,rank4_confidence0.54|idx_4,output/diffdock_workflow/poses/5TXY/complex_0/rank4_confidence0.54.sdf,ok_low_coverage,atom_name,1.6224959828758643,13.0,13.0,4.0,0.3076923076923077,7Q1|A|303,SDF|LIG|1,No sub-structure match found between the reference and probe mol
5TXY,7Q1,diffdock_complex_pdb,diffdock,5TXY_diffdock_complex,output/diffdock_workflow/complexes/5TXY_diffdock_complex.pdb,ok,rdkit_best_rms,0.9645493937400941,13.0,13.0,13.0,1.0,7Q1|A|303,UNL|L|1,
5TXY,7Q1,boltz_cif,crystal_pocket,5TXY_crystal_pocket_model_0|idx_0,output/boltz_results_boltz_inputs/predictions/5TXY_crystal_pocket/5TXY_crystal_pocket_model_0.cif,ok,rdkit_best_rms,0.14922148911115593,13.0,13.0,13.0,1.0,7Q1|A|303,LIG1|7Q1|1,
5TXY,7Q1,boltz_cif,default,5TXY_default_model_0|idx_0,output/boltz_results_boltz_inputs/predictions/5TXY_default/5TXY_default_model_0.cif,ok,rdkit_best_rms,0.1880949505160703,13.0,13.0,13.0,1.0,7Q1|A|303,LIG1|7Q1|1,
5TXY,7Q1,boltz_cif,diffdock_pocket,5TXY_diffdock_pocket_model_0|idx_0,output/boltz_results_boltz_inputs/predictions/5TXY_diffdock_pocket/5TXY_diffdock_pocket_model_0.cif,ok,rdkit_best_rms,0.5423387398148422,13.0,13.0,13.0,1.0,7Q1|A|303,LIG1|7Q1|1,
5TY1,7QV,diffdock_sdf,diffdock,rank1|idx_1,output/diffdock_workflow/poses/5TY1/complex_0/rank1.sdf,ok_low_coverage,atom_name,2.0797156814188025,17.0,17.0,6.0,0.35294117647058826,7QV|A|302,SDF|LIG|1,No sub-structure match found between the reference and probe mol
5TY1,7QV,diffdock_sdf,diffdock,rank1_confidence0.73|idx_1,output/diffdock_workflow/poses/5TY1/complex_0/rank1_confidence0.73.sdf,ok_low_coverage,atom_name,2.0797156814188025,17.0,17.0,6.0,0.35294117647058826,7QV|A|302,SDF|LIG|1,No sub-structure match found between the reference and probe mol
5TY1,7QV,diffdock_sdf,diffdock,rank2_confidence0.68|idx_2,output/diffdock_workflow/poses/5TY1/complex_0/rank2_confidence0.68.sdf,ok_low_coverage,atom_name,2.063605366456853,17.0,17.0,6.0,0.35294117647058826,7QV|A|302,SDF|LIG|1,No sub-structure match found between the reference and probe mol
5TY1,7QV,diffdock_sdf,diffdock,rank3_confidence0.67|idx_3,output/diffdock_workflow/poses/5TY1/complex_0/rank3_confidence0.67.sdf,ok_low_coverage,atom_name,2.09286849590081,17.0,17.0,6.0,0.35294117647058826,7QV|A|302,SDF|LIG|1,No sub-structure match found between the reference and probe mol
5TY1,7QV,diffdock_sdf,diffdock,rank4_confidence0.66|idx_4,output/diffdock_workflow/poses/5TY1/complex_0/rank4_confidence0.66.sdf,ok_low_coverage,atom_name,2.042596800294178,17.0,17.0,6.0,0.35294117647058826,7QV|A|302,SDF|LIG|1,No sub-structure match found between the reference and probe mol
5TY1,7QV,diffdock_complex_pdb,diffdock,5TY1_diffdock_complex,output/diffdock_workflow/complexes/5TY1_diffdock_complex.pdb,ok,rdkit_best_rms,0.38369890561965814,17.0,17.0,17.0,1.0,7QV|A|302,UNL|L|1,
5TY1,7QV,boltz_cif,crystal_pocket,5TY1_crystal_pocket_model_0|idx_0,output/boltz_results_boltz_inputs/predictions/5TY1_crystal_pocket/5TY1_crystal_pocket_model_0.cif,ok,rdkit_best_rms,1.3177887225693294,17.0,17.0,17.0,1.0,7QV|A|302,LIG1|7QV|1,
5TY1,7QV,boltz_cif,default,5TY1_default_model_0|idx_0,output/boltz_results_boltz_inputs/predictions/5TY1_default/5TY1_default_model_0.cif,ok,rdkit_best_rms,1.9195996358339158,17.0,17.0,17.0,1.0,7QV|A|302,LIG1|7QV|1,
5TY1,7QV,boltz_cif,diffdock_pocket,5TY1_diffdock_pocket_model_0|idx_0,output/boltz_results_boltz_inputs/predictions/5TY1_diffdock_pocket/5TY1_diffdock_pocket_model_0.cif,ok,rdkit_best_rms,1.352337421468372,17.0,17.0,17.0,1.0,7QV|A|302,LIG1|7QV|1,
5TY8,7Q1,diffdock_sdf,diffdock,rank1|idx_1,output/diffdock_workflow/poses/5TY8/complex_0/rank1.sdf,ok_low_coverage,atom_name,1.5861303850992357,13.0,13.0,4.0,0.3076923076923077,7Q1|A|302,SDF|LIG|1,No sub-structure match found between the reference and probe mol
5TY8,7Q1,diffdock_sdf,diffdock,rank1_confidence0.63|idx_1,output/diffdock_workflow/poses/5TY8/complex_0/rank1_confidence0.63.sdf,ok_low_coverage,atom_name,1.5861303850992357,13.0,13.0,4.0,0.3076923076923077,7Q1|A|302,SDF|LIG|1,No sub-structure match found between the reference and probe mol
5TY8,7Q1,diffdock_sdf,diffdock,rank2_confidence0.63|idx_2,output/diffdock_workflow/poses/5TY8/complex_0/rank2_confidence0.63.sdf,ok_low_coverage,atom_name,1.586313729516303,13.0,13.0,4.0,0.3076923076923077,7Q1|A|302,SDF|LIG|1,No sub-structure match found between the reference and probe mol
5TY8,7Q1,diffdock_sdf,diffdock,rank3_confidence0.62|idx_3,output/diffdock_workflow/poses/5TY8/complex_0/rank3_confidence0.62.sdf,ok_low_coverage,atom_name,1.5831962230810284,13.0,13.0,4.0,0.3076923076923077,7Q1|A|302,SDF|LIG|1,No sub-structure match found between the reference and probe mol
5TY8,7Q1,diffdock_sdf,diffdock,rank4_confidence0.61|idx_4,output/diffdock_workflow/poses/5TY8/complex_0/rank4_confidence0.61.sdf,ok_low_coverage,atom_name,1.5811142377545482,13.0,13.0,4.0,0.3076923076923077,7Q1|A|302,SDF|LIG|1,No sub-structure match found between the reference and probe mol
5TY8,7Q1,diffdock_complex_pdb,diffdock,5TY8_diffdock_complex,output/diffdock_workflow/complexes/5TY8_diffdock_complex.pdb,ok,rdkit_best_rms,0.974243570451721,13.0,13.0,13.0,1.0,7Q1|A|302,UNL|L|1,
5TY8,7Q1,boltz_cif,crystal_pocket,5TY8_crystal_pocket_model_0|idx_0,output/boltz_results_boltz_inputs/predictions/5TY8_crystal_pocket/5TY8_crystal_pocket_model_0.cif,ok,rdkit_best_rms,0.12135002486160897,13.0,13.0,13.0,1.0,7Q1|A|302,LIG1|7Q1|1,
5TY8,7Q1,boltz_cif,default,5TY8_default_model_0|idx_0,output/boltz_results_boltz_inputs/predictions/5TY8_default/5TY8_default_model_0.cif,ok,rdkit_best_rms,0.2009100521641573,13.0,13.0,13.0,1.0,7Q1|A|302,LIG1|7Q1|1,
5TY8,7Q1,boltz_cif,diffdock_pocket,5TY8_diffdock_pocket_model_0|idx_0,output/boltz_results_boltz_inputs/predictions/5TY8_diffdock_pocket/5TY8_diffdock_pocket_model_0.cif,ok,rdkit_best_rms,0.11577764269994316,13.0,13.0,13.0,1.0,7Q1|A|302,LIG1|7Q1|1,
5TY9,7QV,diffdock_sdf,diffdock,rank1|idx_1,output/diffdock_workflow/poses/5TY9/complex_0/rank1.sdf,ok_low_coverage,atom_name,2.063133553083815,17.0,17.0,6.0,0.35294117647058826,7QV|A|302,SDF|LIG|1,No sub-structure match found between the reference and probe mol
5TY9,7QV,diffdock_sdf,diffdock,rank1_confidence0.74|idx_1,output/diffdock_workflow/poses/5TY9/complex_0/rank1_confidence0.74.sdf,ok_low_coverage,atom_name,2.063133553083815,17.0,17.0,6.0,0.35294117647058826,7QV|A|302,SDF|LIG|1,No sub-structure match found between the reference and probe mol
5TY9,7QV,diffdock_sdf,diffdock,rank2_confidence0.72|idx_2,output/diffdock_workflow/poses/5TY9/complex_0/rank2_confidence0.72.sdf,ok_low_coverage,atom_name,2.1586142721843826,17.0,17.0,6.0,0.35294117647058826,7QV|A|302,SDF|LIG|1,No sub-structure match found between the reference and probe mol
5TY9,7QV,diffdock_sdf,diffdock,rank3_confidence0.71|idx_3,output/diffdock_workflow/poses/5TY9/complex_0/rank3_confidence0.71.sdf,ok_low_coverage,atom_name,2.12763742411787,17.0,17.0,6.0,0.35294117647058826,7QV|A|302,SDF|LIG|1,No sub-structure match found between the reference and probe mol
5TY9,7QV,diffdock_sdf,diffdock,rank4_confidence0.70|idx_4,output/diffdock_workflow/poses/5TY9/complex_0/rank4_confidence0.70.sdf,ok_low_coverage,atom_name,2.097178526501006,17.0,17.0,6.0,0.35294117647058826,7QV|A|302,SDF|LIG|1,No sub-structure match found between the reference and probe mol
5TY9,7QV,diffdock_complex_pdb,diffdock,5TY9_diffdock_complex,output/diffdock_workflow/complexes/5TY9_diffdock_complex.pdb,ok,rdkit_best_rms,0.3870160662208455,17.0,17.0,17.0,1.0,7QV|A|302,UNL|L|1,
5TY9,7QV,boltz_cif,crystal_pocket,5TY9_crystal_pocket_model_0|idx_0,output/boltz_results_boltz_inputs/predictions/5TY9_crystal_pocket/5TY9_crystal_pocket_model_0.cif,ok,rdkit_best_rms,1.1581115789529528,17.0,17.0,17.0,1.0,7QV|A|302,LIG1|7QV|1,
5TY9,7QV,boltz_cif,default,5TY9_default_model_0|idx_0,output/boltz_results_boltz_inputs/predictions/5TY9_default/5TY9_default_model_0.cif,ok,rdkit_best_rms,1.1138620658567862,17.0,17.0,17.0,1.0,7QV|A|302,LIG1|7QV|1,
5TY9,7QV,boltz_cif,diffdock_pocket,5TY9_diffdock_pocket_model_0|idx_0,output/boltz_results_boltz_inputs/predictions/5TY9_diffdock_pocket/5TY9_diffdock_pocket_model_0.cif,ok,rdkit_best_rms,1.296397884303389,17.0,17.0,17.0,1.0,7QV|A|302,LIG1|7QV|1,
5TYA,7QS,diffdock_sdf,diffdock,rank1|idx_1,output/diffdock_workflow/poses/5TYA/complex_0/rank1.sdf,ok,atom_name,0.38732853280097035,13.0,13.0,13.0,1.0,7QS|A|302,SDF|LIG|1,No sub-structure match found between the reference and probe mol
5TYA,7QS,diffdock_sdf,diffdock,rank1_confidence1.17|idx_1,output/diffdock_workflow/poses/5TYA/complex_0/rank1_confidence1.17.sdf,ok,atom_name,0.38732853280097035,13.0,13.0,13.0,1.0,7QS|A|302,SDF|LIG|1,No sub-structure match found between the reference and probe mol
5TYA,7QS,diffdock_sdf,diffdock,rank2_confidence1.16|idx_2,output/diffdock_workflow/poses/5TYA/complex_0/rank2_confidence1.16.sdf,ok,atom_name,1.35128587543124,13.0,13.0,13.0,1.0,7QS|A|302,SDF|LIG|1,No sub-structure match found between the reference and probe mol
5TYA,7QS,diffdock_sdf,diffdock,rank3_confidence1.15|idx_3,output/diffdock_workflow/poses/5TYA/complex_0/rank3_confidence1.15.sdf,ok,atom_name,0.3223097455417178,13.0,13.0,13.0,1.0,7QS|A|302,SDF|LIG|1,No sub-structure match found between the reference and probe mol
5TYA,7QS,diffdock_sdf,diffdock,rank4_confidence1.15|idx_4,output/diffdock_workflow/poses/5TYA/complex_0/rank4_confidence1.15.sdf,ok,atom_name,1.3446085909517493,13.0,13.0,13.0,1.0,7QS|A|302,SDF|LIG|1,No sub-structure match found between the reference and probe mol
5TYA,7QS,diffdock_complex_pdb,diffdock,5TYA_diffdock_complex,output/diffdock_workflow/complexes/5TYA_diffdock_complex.pdb,ok,rdkit_best_rms,0.2629478697321533,13.0,13.0,13.0,1.0,7QS|A|302,UNL|L|1,
5TYA,7QS,boltz_cif,crystal_pocket,5TYA_crystal_pocket_model_0|idx_0,output/boltz_results_boltz_inputs/predictions/5TYA_crystal_pocket/5TYA_crystal_pocket_model_0.cif,ok,rdkit_best_rms,0.17837843631628453,13.0,13.0,13.0,1.0,7QS|A|302,LIG1|7QS|1,
5TYA,7QS,boltz_cif,default,5TYA_default_model_0|idx_0,output/boltz_results_boltz_inputs/predictions/5TYA_default/5TYA_default_model_0.cif,ok,rdkit_best_rms,0.8171120907861914,13.0,13.0,13.0,1.0,7QS|A|302,LIG1|7QS|1,
5TYA,7QS,boltz_cif,diffdock_pocket,5TYA_diffdock_pocket_model_0|idx_0,output/boltz_results_boltz_inputs/predictions/5TYA_diffdock_pocket/5TYA_diffdock_pocket_model_0.cif,ok,rdkit_best_rms,0.8721529294379715,13.0,13.0,13.0,1.0,7QS|A|302,LIG1|7QS|1,
5U0D,7R7,diffdock_sdf,diffdock,rank1|idx_1,output/diffdock_workflow/poses/5U0D/complex_0/rank1.sdf,ok_low_coverage,atom_name,2.1713734390834825,17.0,17.0,6.0,0.35294117647058826,7R7|A|302,SDF|LIG|1,No sub-structure match found between the reference and probe mol
5U0D,7R7,diffdock_sdf,diffdock,rank1_confidence0.79|idx_1,output/diffdock_workflow/poses/5U0D/complex_0/rank1_confidence0.79.sdf,ok_low_coverage,atom_name,2.1713734390834825,17.0,17.0,6.0,0.35294117647058826,7R7|A|302,SDF|LIG|1,No sub-structure match found between the reference and probe mol
5U0D,7R7,diffdock_sdf,diffdock,rank2_confidence0.67|idx_2,output/diffdock_workflow/poses/5U0D/complex_0/rank2_confidence0.67.sdf,ok_low_coverage,atom_name,2.1478017285101605,17.0,17.0,6.0,0.35294117647058826,7R7|A|302,SDF|LIG|1,No sub-structure match found between the reference and probe mol
5U0D,7R7,diffdock_sdf,diffdock,rank3_confidence0.65|idx_3,output/diffdock_workflow/poses/5U0D/complex_0/rank3_confidence0.65.sdf,ok_low_coverage,atom_name,2.1417476005285994,17.0,17.0,6.0,0.35294117647058826,7R7|A|302,SDF|LIG|1,No sub-structure match found between the reference and probe mol
5U0D,7R7,diffdock_sdf,diffdock,rank4_confidence0.65|idx_4,output/diffdock_workflow/poses/5U0D/complex_0/rank4_confidence0.65.sdf,ok_low_coverage,atom_name,2.183612391291201,17.0,17.0,6.0,0.35294117647058826,7R7|A|302,SDF|LIG|1,No sub-structure match found between the reference and probe mol
5U0D,7R7,diffdock_complex_pdb,diffdock,5U0D_diffdock_complex,output/diffdock_workflow/complexes/5U0D_diffdock_complex.pdb,ok,rdkit_best_rms,0.4509597948474505,17.0,17.0,17.0,1.0,7R7|A|302,UNL|L|1,
5U0D,7R7,boltz_cif,crystal_pocket,5U0D_crystal_pocket_model_0|idx_0,output/boltz_results_boltz_inputs/predictions/5U0D_crystal_pocket/5U0D_crystal_pocket_model_0.cif,ok,rdkit_best_rms,0.9369349885292033,17.0,17.0,17.0,1.0,7R7|A|302,LIG1|7R7|1,
5U0D,7R7,boltz_cif,default,5U0D_default_model_0|idx_0,output/boltz_results_boltz_inputs/predictions/5U0D_default/5U0D_default_model_0.cif,ok,rdkit_best_rms,1.0962746582513903,17.0,17.0,17.0,1.0,7R7|A|302,LIG1|7R7|1,
5U0D,7R7,boltz_cif,diffdock_pocket,5U0D_diffdock_pocket_model_0|idx_0,output/boltz_results_boltz_inputs/predictions/5U0D_diffdock_pocket/5U0D_diffdock_pocket_model_0.cif,ok,rdkit_best_rms,2.0460396911788292,17.0,17.0,17.0,1.0,7R7|A|302,LIG1|7R7|1,
5U0E,7R4,diffdock_sdf,diffdock,rank1|idx_1,output/diffdock_workflow/poses/5U0E/complex_0/rank1.sdf,ok_low_coverage,atom_name,2.4664775452208834,14.0,14.0,8.0,0.5714285714285714,7R4|A|302,SDF|LIG|1,No sub-structure match found between the reference and probe mol
5U0E,7R4,diffdock_sdf,diffdock,rank1_confidence0.54|idx_1,output/diffdock_workflow/poses/5U0E/complex_0/rank1_confidence0.54.sdf,ok_low_coverage,atom_name,2.4664775452208834,14.0,14.0,8.0,0.5714285714285714,7R4|A|302,SDF|LIG|1,No sub-structure match found between the reference and probe mol
5U0E,7R4,diffdock_sdf,diffdock,rank2_confidence0.54|idx_2,output/diffdock_workflow/poses/5U0E/complex_0/rank2_confidence0.54.sdf,ok_low_coverage,atom_name,2.1483104812926146,14.0,14.0,8.0,0.5714285714285714,7R4|A|302,SDF|LIG|1,No sub-structure match found between the reference and probe mol
5U0E,7R4,diffdock_sdf,diffdock,rank3_confidence0.46|idx_3,output/diffdock_workflow/poses/5U0E/complex_0/rank3_confidence0.46.sdf,ok_low_coverage,atom_name,2.1621508980402515,14.0,14.0,8.0,0.5714285714285714,7R4|A|302,SDF|LIG|1,No sub-structure match found between the reference and probe mol
5U0E,7R4,diffdock_sdf,diffdock,rank4_confidence0.43|idx_4,output/diffdock_workflow/poses/5U0E/complex_0/rank4_confidence0.43.sdf,ok_low_coverage,atom_name,2.169644180217681,14.0,14.0,8.0,0.5714285714285714,7R4|A|302,SDF|LIG|1,No sub-structure match found between the reference and probe mol
5U0E,7R4,diffdock_complex_pdb,diffdock,5U0E_diffdock_complex,output/diffdock_workflow/complexes/5U0E_diffdock_complex.pdb,ok,rdkit_best_rms,0.3406291882701922,14.0,14.0,14.0,1.0,7R4|A|302,UNL|L|1,
5U0E,7R4,boltz_cif,crystal_pocket,5U0E_crystal_pocket_model_0|idx_0,output/boltz_results_boltz_inputs/predictions/5U0E_crystal_pocket/5U0E_crystal_pocket_model_0.cif,ok,rdkit_best_rms,0.17767038960245998,14.0,14.0,14.0,1.0,7R4|A|302,LIG1|7R4|1,
5U0E,7R4,boltz_cif,default,5U0E_default_model_0|idx_0,output/boltz_results_boltz_inputs/predictions/5U0E_default/5U0E_default_model_0.cif,ok,rdkit_best_rms,0.17802319924510943,14.0,14.0,14.0,1.0,7R4|A|302,LIG1|7R4|1,
5U0E,7R4,boltz_cif,diffdock_pocket,5U0E_diffdock_pocket_model_0|idx_0,output/boltz_results_boltz_inputs/predictions/5U0E_diffdock_pocket/5U0E_diffdock_pocket_model_0.cif,ok,rdkit_best_rms,0.1621007156026233,14.0,14.0,14.0,1.0,7R4|A|302,LIG1|7R4|1,
5U0F,7R1,diffdock_sdf,diffdock,rank1|idx_1,output/diffdock_workflow/poses/5U0F/complex_0/rank1.sdf,ok_low_coverage,atom_name,3.8633174932741308,36.0,18.0,10.0,0.5555555555555556,7R1|A|302,SDF|LIG|1,No sub-structure match found between the reference and probe mol
5U0F,7R1,diffdock_sdf,diffdock,rank1_confidence0.31|idx_1,output/diffdock_workflow/poses/5U0F/complex_0/rank1_confidence0.31.sdf,ok_low_coverage,atom_name,3.8633174932741308,36.0,18.0,10.0,0.5555555555555556,7R1|A|302,SDF|LIG|1,No sub-structure match found between the reference and probe mol
5U0F,7R1,diffdock_sdf,diffdock,rank2_confidence0.11|idx_2,output/diffdock_workflow/poses/5U0F/complex_0/rank2_confidence0.11.sdf,ok_low_coverage,atom_name,4.059789234020021,36.0,18.0,10.0,0.5555555555555556,7R1|A|302,SDF|LIG|1,No sub-structure match found between the reference and probe mol
5U0F,7R1,diffdock_sdf,diffdock,rank3_confidence0.01|idx_3,output/diffdock_workflow/poses/5U0F/complex_0/rank3_confidence0.01.sdf,ok_low_coverage,atom_name,4.016758566579643,36.0,18.0,10.0,0.5555555555555556,7R1|A|302,SDF|LIG|1,No sub-structure match found between the reference and probe mol
5U0F,7R1,diffdock_sdf,diffdock,rank4_confidence-0.00|idx_4,output/diffdock_workflow/poses/5U0F/complex_0/rank4_confidence-0.00.sdf,ok_low_coverage,atom_name,4.14430466743151,36.0,18.0,10.0,0.5555555555555556,7R1|A|302,SDF|LIG|1,No sub-structure match found between the reference and probe mol
5U0F,7R1,diffdock_complex_pdb,diffdock,5U0F_diffdock_complex,output/diffdock_workflow/complexes/5U0F_diffdock_complex.pdb,ok_low_coverage,atom_name,2.276063287725428,36.0,18.0,10.0,0.5555555555555556,7R1|A|302,UNL|L|1,"Explicit valence for atom # 8 O, 3, is greater than permitted"
5U0F,7R1,boltz_cif,crystal_pocket,5U0F_crystal_pocket_model_0|idx_0,output/boltz_results_boltz_inputs/predictions/5U0F_crystal_pocket/5U0F_crystal_pocket_model_0.cif,ok,rdkit_best_rms,0.5727171111909383,36.0,18.0,18.0,1.0,7R1|A|302,LIG1|7R1|1,
5U0F,7R1,boltz_cif,default,5U0F_default_model_0|idx_0,output/boltz_results_boltz_inputs/predictions/5U0F_default/5U0F_default_model_0.cif,ok,rdkit_best_rms,0.5369956671280031,36.0,18.0,18.0,1.0,7R1|A|302,LIG1|7R1|1,
5U0F,7R1,boltz_cif,diffdock_pocket,5U0F_diffdock_pocket_model_0|idx_0,output/boltz_results_boltz_inputs/predictions/5U0F_diffdock_pocket/5U0F_diffdock_pocket_model_0.cif,ok,rdkit_best_rms,0.5247391549920573,36.0,18.0,18.0,1.0,7R1|A|302,LIG1|7R1|1,
5U0G,7QY,diffdock_sdf,diffdock,rank1|idx_1,output/diffdock_workflow/poses/5U0G/complex_0/rank1.sdf,ok_low_coverage,atom_name,2.781376435099878,18.0,18.0,9.0,0.5,7QY|A|302,SDF|LIG|1,No sub-structure match found between the reference and probe mol
5U0G,7QY,diffdock_sdf,diffdock,rank1_confidence-0.31|idx_1,output/diffdock_workflow/poses/5U0G/complex_0/rank1_confidence-0.31.sdf,ok_low_coverage,atom_name,2.781376435099878,18.0,18.0,9.0,0.5,7QY|A|302,SDF|LIG|1,No sub-structure match found between the reference and probe mol
5U0G,7QY,diffdock_sdf,diffdock,rank2_confidence-0.33|idx_2,output/diffdock_workflow/poses/5U0G/complex_0/rank2_confidence-0.33.sdf,ok_low_coverage,atom_name,2.757715483188123,18.0,18.0,9.0,0.5,7QY|A|302,SDF|LIG|1,No sub-structure match found between the reference and probe mol
5U0G,7QY,diffdock_sdf,diffdock,rank3_confidence-0.45|idx_3,output/diffdock_workflow/poses/5U0G/complex_0/rank3_confidence-0.45.sdf,ok_low_coverage,atom_name,2.774948480023548,18.0,18.0,9.0,0.5,7QY|A|302,SDF|LIG|1,No sub-structure match found between the reference and probe mol
5U0G,7QY,diffdock_sdf,diffdock,rank4_confidence-0.49|idx_4,output/diffdock_workflow/poses/5U0G/complex_0/rank4_confidence-0.49.sdf,ok_low_coverage,atom_name,2.7678375292039297,18.0,18.0,9.0,0.5,7QY|A|302,SDF|LIG|1,No sub-structure match found between the reference and probe mol
5U0G,7QY,diffdock_complex_pdb,diffdock,5U0G_diffdock_complex,output/diffdock_workflow/complexes/5U0G_diffdock_complex.pdb,ok,rdkit_best_rms,1.4810484878554229,18.0,18.0,18.0,1.0,7QY|A|302,UNL|L|1,
5U0G,7QY,boltz_cif,crystal_pocket,5U0G_crystal_pocket_model_0|idx_0,output/boltz_results_boltz_inputs/predictions/5U0G_crystal_pocket/5U0G_crystal_pocket_model_0.cif,ok,rdkit_best_rms,1.8060082809252274,18.0,18.0,18.0,1.0,7QY|A|302,LIG1|7QY|1,
5U0G,7QY,boltz_cif,default,5U0G_default_model_0|idx_0,output/boltz_results_boltz_inputs/predictions/5U0G_default/5U0G_default_model_0.cif,ok,rdkit_best_rms,1.7917115757202566,18.0,18.0,18.0,1.0,7QY|A|302,LIG1|7QY|1,
5U0G,7QY,boltz_cif,diffdock_pocket,5U0G_diffdock_pocket_model_0|idx_0,output/boltz_results_boltz_inputs/predictions/5U0G_diffdock_pocket/5U0G_diffdock_pocket_model_0.cif,ok,rdkit_best_rms,1.8092345768548042,18.0,18.0,18.0,1.0,7QY|A|302,LIG1|7QY|1,
5ULN,8JS,diffdock_sdf,diffdock,rank1|idx_1,output/diffdock_workflow/poses/5ULN/complex_0/rank1.sdf,ok_low_coverage,atom_name,3.992122419659078,21.0,21.0,9.0,0.42857142857142855,8JS|A|303,SDF|LIG|1,No sub-structure match found between the reference and probe mol
5ULN,8JS,diffdock_sdf,diffdock,rank1_confidence0.70|idx_1,output/diffdock_workflow/poses/5ULN/complex_0/rank1_confidence0.70.sdf,ok_low_coverage,atom_name,3.992122419659078,21.0,21.0,9.0,0.42857142857142855,8JS|A|303,SDF|LIG|1,No sub-structure match found between the reference and probe mol
5ULN,8JS,diffdock_sdf,diffdock,rank2_confidence0.70|idx_2,output/diffdock_workflow/poses/5ULN/complex_0/rank2_confidence0.70.sdf,ok_low_coverage,atom_name,4.096711844608399,21.0,21.0,9.0,0.42857142857142855,8JS|A|303,SDF|LIG|1,No sub-structure match found between the reference and probe mol
5ULN,8JS,diffdock_sdf,diffdock,rank3_confidence0.68|idx_3,output/diffdock_workflow/poses/5ULN/complex_0/rank3_confidence0.68.sdf,ok_low_coverage,atom_name,3.9632247527539373,21.0,21.0,9.0,0.42857142857142855,8JS|A|303,SDF|LIG|1,No sub-structure match found between the reference and probe mol
5ULN,8JS,diffdock_sdf,diffdock,rank4_confidence0.67|idx_4,output/diffdock_workflow/poses/5ULN/complex_0/rank4_confidence0.67.sdf,ok_low_coverage,atom_name,4.623953225622701,21.0,21.0,9.0,0.42857142857142855,8JS|A|303,SDF|LIG|1,No sub-structure match found between the reference and probe mol
5ULN,8JS,diffdock_complex_pdb,diffdock,5ULN_diffdock_complex,output/diffdock_workflow/complexes/5ULN_diffdock_complex.pdb,ok,rdkit_best_rms,0.25118379028994736,21.0,21.0,21.0,1.0,8JS|A|303,UNL|L|1,
5ULN,8JS,boltz_cif,crystal_pocket,5ULN_crystal_pocket_model_0|idx_0,output/boltz_results_boltz_inputs/predictions/5ULN_crystal_pocket/5ULN_crystal_pocket_model_0.cif,ok,rdkit_best_rms,0.14172363883315023,21.0,21.0,21.0,1.0,8JS|A|303,LIG1|8JS|1,
5ULN,8JS,boltz_cif,default,5ULN_default_model_0|idx_0,output/boltz_results_boltz_inputs/predictions/5ULN_default/5ULN_default_model_0.cif,ok,rdkit_best_rms,0.10234163240664397,21.0,21.0,21.0,1.0,8JS|A|303,LIG1|8JS|1,
5ULN,8JS,boltz_cif,diffdock_pocket,5ULN_diffdock_pocket_model_0|idx_0,output/boltz_results_boltz_inputs/predictions/5ULN_diffdock_pocket/5ULN_diffdock_pocket_model_0.cif,ok,rdkit_best_rms,0.14221406517152657,21.0,21.0,21.0,1.0,8JS|A|303,LIG1|8JS|1,
5VGY,9AA,diffdock_sdf,diffdock,rank1|idx_1,output/diffdock_workflow/poses/5VGY/complex_0/rank1.sdf,ok,atom_name,0.5062843504327639,19.0,19.0,19.0,1.0,9AA|A|304,SDF|LIG|1,No sub-structure match found between the reference and probe mol
5VGY,9AA,diffdock_sdf,diffdock,rank1_confidence0.71|idx_1,output/diffdock_workflow/poses/5VGY/complex_0/rank1_confidence0.71.sdf,ok,atom_name,0.5062843504327639,19.0,19.0,19.0,1.0,9AA|A|304,SDF|LIG|1,No sub-structure match found between the reference and probe mol
5VGY,9AA,diffdock_sdf,diffdock,rank2_confidence0.66|idx_2,output/diffdock_workflow/poses/5VGY/complex_0/rank2_confidence0.66.sdf,ok,atom_name,0.3870469804965903,19.0,19.0,19.0,1.0,9AA|A|304,SDF|LIG|1,No sub-structure match found between the reference and probe mol
5VGY,9AA,diffdock_sdf,diffdock,rank3_confidence0.66|idx_3,output/diffdock_workflow/poses/5VGY/complex_0/rank3_confidence0.66.sdf,ok,atom_name,0.2890883097026566,19.0,19.0,19.0,1.0,9AA|A|304,SDF|LIG|1,No sub-structure match found between the reference and probe mol
5VGY,9AA,diffdock_sdf,diffdock,rank4_confidence0.66|idx_4,output/diffdock_workflow/poses/5VGY/complex_0/rank4_confidence0.66.sdf,ok,atom_name,0.3495592310895934,19.0,19.0,19.0,1.0,9AA|A|304,SDF|LIG|1,No sub-structure match found between the reference and probe mol
5VGY,9AA,diffdock_complex_pdb,diffdock,5VGY_diffdock_complex,output/diffdock_workflow/complexes/5VGY_diffdock_complex.pdb,ok,rdkit_best_rms,0.46117023720423783,19.0,19.0,19.0,1.0,9AA|A|304,UNL|L|1,
5VGY,9AA,boltz_cif,crystal_pocket,5VGY_crystal_pocket_model_0|idx_0,output/boltz_results_boltz_inputs/predictions/5VGY_crystal_pocket/5VGY_crystal_pocket_model_0.cif,ok,rdkit_best_rms,0.49807679616333095,19.0,19.0,19.0,1.0,9AA|A|304,LIG1|9AA|1,
5VGY,9AA,boltz_cif,default,5VGY_default_model_0|idx_0,output/boltz_results_boltz_inputs/predictions/5VGY_default/5VGY_default_model_0.cif,ok,rdkit_best_rms,0.5142681446240703,19.0,19.0,19.0,1.0,9AA|A|304,LIG1|9AA|1,
5VGY,9AA,boltz_cif,diffdock_pocket,5VGY_diffdock_pocket_model_0|idx_0,output/boltz_results_boltz_inputs/predictions/5VGY_diffdock_pocket/5VGY_diffdock_pocket_model_0.cif,ok,rdkit_best_rms,0.5034023877569119,19.0,19.0,19.0,1.0,9AA|A|304,LIG1|9AA|1,
5WEX,8JS,diffdock_sdf,diffdock,rank1|idx_1,output/diffdock_workflow/poses/5WEX/complex_0/rank1.sdf,ok_low_coverage,atom_name,5.023240236629791,21.0,21.0,9.0,0.42857142857142855,8JS|A|303,SDF|LIG|1,No sub-structure match found between the reference and probe mol
5WEX,8JS,diffdock_sdf,diffdock,rank1_confidence0.66|idx_1,output/diffdock_workflow/poses/5WEX/complex_0/rank1_confidence0.66.sdf,ok_low_coverage,atom_name,5.023240236629791,21.0,21.0,9.0,0.42857142857142855,8JS|A|303,SDF|LIG|1,No sub-structure match found between the reference and probe mol
5WEX,8JS,diffdock_sdf,diffdock,rank2_confidence0.65|idx_2,output/diffdock_workflow/poses/5WEX/complex_0/rank2_confidence0.65.sdf,ok_low_coverage,atom_name,4.975191112135478,21.0,21.0,9.0,0.42857142857142855,8JS|A|303,SDF|LIG|1,No sub-structure match found between the reference and probe mol
5WEX,8JS,diffdock_sdf,diffdock,rank3_confidence0.63|idx_3,output/diffdock_workflow/poses/5WEX/complex_0/rank3_confidence0.63.sdf,ok_low_coverage,atom_name,3.6701518274131786,21.0,21.0,9.0,0.42857142857142855,8JS|A|303,SDF|LIG|1,No sub-structure match found between the reference and probe mol
5WEX,8JS,diffdock_sdf,diffdock,rank4_confidence0.59|idx_4,output/diffdock_workflow/poses/5WEX/complex_0/rank4_confidence0.59.sdf,ok_low_coverage,atom_name,4.966229539096143,21.0,21.0,9.0,0.42857142857142855,8JS|A|303,SDF|LIG|1,No sub-structure match found between the reference and probe mol
5WEX,8JS,diffdock_complex_pdb,diffdock,5WEX_diffdock_complex,output/diffdock_workflow/complexes/5WEX_diffdock_complex.pdb,ok,rdkit_best_rms,0.2517525480601869,21.0,21.0,21.0,1.0,8JS|A|303,UNL|L|1,
5WEX,8JS,boltz_cif,crystal_pocket,5WEX_crystal_pocket_model_0|idx_0,output/boltz_results_boltz_inputs/predictions/5WEX_crystal_pocket/5WEX_crystal_pocket_model_0.cif,ok,rdkit_best_rms,0.12725592808915365,21.0,21.0,21.0,1.0,8JS|A|303,LIG1|8JS|1,
5WEX,8JS,boltz_cif,default,5WEX_default_model_0|idx_0,output/boltz_results_boltz_inputs/predictions/5WEX_default/5WEX_default_model_0.cif,ok,rdkit_best_rms,0.17146758002862764,21.0,21.0,21.0,1.0,8JS|A|303,LIG1|8JS|1,
5WEX,8JS,boltz_cif,diffdock_pocket,5WEX_diffdock_pocket_model_0|idx_0,output/boltz_results_boltz_inputs/predictions/5WEX_diffdock_pocket/5WEX_diffdock_pocket_model_0.cif,ok,rdkit_best_rms,0.14189041223286009,21.0,21.0,21.0,1.0,8JS|A|303,LIG1|8JS|1,
6BBS,BZ1,diffdock_sdf,diffdock,rank1|idx_1,output/diffdock_workflow/poses/6BBS/complex_0/rank1.sdf,ok_low_coverage,atom_name,2.4491167824172653,25.0,23.0,8.0,0.34782608695652173,BZ1|A|302,SDF|LIG|1,No sub-structure match found between the reference and probe mol
6BBS,BZ1,diffdock_sdf,diffdock,rank1_confidence-0.52|idx_1,output/diffdock_workflow/poses/6BBS/complex_0/rank1_confidence-0.52.sdf,ok_low_coverage,atom_name,2.4491167824172653,25.0,23.0,8.0,0.34782608695652173,BZ1|A|302,SDF|LIG|1,No sub-structure match found between the reference and probe mol
6BBS,BZ1,diffdock_sdf,diffdock,rank2_confidence-0.55|idx_2,output/diffdock_workflow/poses/6BBS/complex_0/rank2_confidence-0.55.sdf,ok_low_coverage,atom_name,2.372030500717294,25.0,23.0,8.0,0.34782608695652173,BZ1|A|302,SDF|LIG|1,No sub-structure match found between the reference and probe mol
6BBS,BZ1,diffdock_sdf,diffdock,rank3_confidence-0.63|idx_3,output/diffdock_workflow/poses/6BBS/complex_0/rank3_confidence-0.63.sdf,ok_low_coverage,atom_name,2.5551210325864733,25.0,23.0,8.0,0.34782608695652173,BZ1|A|302,SDF|LIG|1,No sub-structure match found between the reference and probe mol
6BBS,BZ1,diffdock_sdf,diffdock,rank4_confidence-0.66|idx_4,output/diffdock_workflow/poses/6BBS/complex_0/rank4_confidence-0.66.sdf,ok_low_coverage,atom_name,2.4543748694900565,25.0,23.0,8.0,0.34782608695652173,BZ1|A|302,SDF|LIG|1,No sub-structure match found between the reference and probe mol
6BBS,BZ1,diffdock_complex_pdb,diffdock,6BBS_diffdock_complex,output/diffdock_workflow/complexes/6BBS_diffdock_complex.pdb,ok,rdkit_best_rms,1.486077951818497,25.0,23.0,25.0,1.0,BZ1|A|302,UNL|L|1,
6BBS,BZ1,boltz_cif,crystal_pocket,6BBS_crystal_pocket_model_0|idx_0,output/boltz_results_boltz_inputs/predictions/6BBS_crystal_pocket/6BBS_crystal_pocket_model_0.cif,ok,rdkit_best_rms,1.6985132384860995,25.0,23.0,25.0,1.0,BZ1|A|302,LIG1|BZ1|1,
6BBS,BZ1,boltz_cif,default,6BBS_default_model_0|idx_0,output/boltz_results_boltz_inputs/predictions/6BBS_default/6BBS_default_model_0.cif,ok,rdkit_best_rms,2.0294781064161542,25.0,23.0,25.0,1.0,BZ1|A|302,LIG1|BZ1|1,
6BBS,BZ1,boltz_cif,diffdock_pocket,6BBS_diffdock_pocket_model_0|idx_0,output/boltz_results_boltz_inputs/predictions/6BBS_diffdock_pocket/6BBS_diffdock_pocket_model_0.cif,ok,rdkit_best_rms,2.039860868716731,25.0,23.0,25.0,1.0,BZ1|A|302,LIG1|BZ1|1,
6BC9,ETS,diffdock_sdf,diffdock,rank1|idx_1,output/diffdock_workflow/poses/6BC9/complex_0/rank1.sdf,ok_low_coverage,atom_name,5.899356065975183,22.0,19.0,7.0,0.3684210526315789,ETS|A|302,SDF|LIG|1,No sub-structure match found between the reference and probe mol
6BC9,ETS,diffdock_sdf,diffdock,rank1_confidence0.76|idx_1,output/diffdock_workflow/poses/6BC9/complex_0/rank1_confidence0.76.sdf,ok_low_coverage,atom_name,5.899356065975183,22.0,19.0,7.0,0.3684210526315789,ETS|A|302,SDF|LIG|1,No sub-structure match found between the reference and probe mol
6BC9,ETS,diffdock_sdf,diffdock,rank2_confidence0.76|idx_2,output/diffdock_workflow/poses/6BC9/complex_0/rank2_confidence0.76.sdf,ok_low_coverage,atom_name,5.884151982569762,22.0,19.0,7.0,0.3684210526315789,ETS|A|302,SDF|LIG|1,No sub-structure match found between the reference and probe mol
6BC9,ETS,diffdock_sdf,diffdock,rank3_confidence0.75|idx_3,output/diffdock_workflow/poses/6BC9/complex_0/rank3_confidence0.75.sdf,ok_low_coverage,atom_name,5.870146950548785,22.0,19.0,7.0,0.3684210526315789,ETS|A|302,SDF|LIG|1,No sub-structure match found between the reference and probe mol
6BC9,ETS,diffdock_sdf,diffdock,rank4_confidence0.74|idx_4,output/diffdock_workflow/poses/6BC9/complex_0/rank4_confidence0.74.sdf,ok_low_coverage,atom_name,5.901313222381291,22.0,19.0,7.0,0.3684210526315789,ETS|A|302,SDF|LIG|1,No sub-structure match found between the reference and probe mol
6BC9,ETS,diffdock_complex_pdb,diffdock,6BC9_diffdock_complex,output/diffdock_workflow/complexes/6BC9_diffdock_complex.pdb,ok,rdkit_best_rms,0.8291882053794035,22.0,19.0,22.0,1.0,ETS|A|302,UNL|L|1,
6BC9,ETS,boltz_cif,crystal_pocket,6BC9_crystal_pocket_model_0|idx_0,output/boltz_results_boltz_inputs/predictions/6BC9_crystal_pocket/6BC9_crystal_pocket_model_0.cif,ok,rdkit_best_rms,0.186557688399296,22.0,19.0,22.0,1.0,ETS|A|302,LIG1|ETS|1,
6BC9,ETS,boltz_cif,default,6BC9_default_model_0|idx_0,output/boltz_results_boltz_inputs/predictions/6BC9_default/6BC9_default_model_0.cif,ok,rdkit_best_rms,0.14158019635616473,22.0,19.0,22.0,1.0,ETS|A|302,LIG1|ETS|1,
6BC9,ETS,boltz_cif,diffdock_pocket,6BC9_diffdock_pocket_model_0|idx_0,output/boltz_results_boltz_inputs/predictions/6BC9_diffdock_pocket/6BC9_diffdock_pocket_model_0.cif,ok,rdkit_best_rms,0.6523010237517708,22.0,19.0,22.0,1.0,ETS|A|302,LIG1|ETS|1,
6BCC,EZL,diffdock_sdf,diffdock,rank1|idx_1,output/diffdock_workflow/poses/6BCC/complex_0/rank1.sdf,ok_low_coverage,atom_name,2.074492953078326,17.0,16.0,9.0,0.5625,EZL|A|302,SDF|LIG|1,No sub-structure match found between the reference and probe mol
6BCC,EZL,diffdock_sdf,diffdock,rank1_confidence1.03|idx_1,output/diffdock_workflow/poses/6BCC/complex_0/rank1_confidence1.03.sdf,ok_low_coverage,atom_name,2.074492953078326,17.0,16.0,9.0,0.5625,EZL|A|302,SDF|LIG|1,No sub-structure match found between the reference and probe mol
6BCC,EZL,diffdock_sdf,diffdock,rank2_confidence1.00|idx_2,output/diffdock_workflow/poses/6BCC/complex_0/rank2_confidence1.00.sdf,ok_low_coverage,atom_name,2.1859190575417395,17.0,16.0,9.0,0.5625,EZL|A|302,SDF|LIG|1,No sub-structure match found between the reference and probe mol
6BCC,EZL,diffdock_sdf,diffdock,rank3_confidence1.00|idx_3,output/diffdock_workflow/poses/6BCC/complex_0/rank3_confidence1.00.sdf,ok_low_coverage,atom_name,2.1918844437140796,17.0,16.0,9.0,0.5625,EZL|A|302,SDF|LIG|1,No sub-structure match found between the reference and probe mol
6BCC,EZL,diffdock_sdf,diffdock,rank4_confidence0.98|idx_4,output/diffdock_workflow/poses/6BCC/complex_0/rank4_confidence0.98.sdf,ok_low_coverage,atom_name,2.155866588977877,17.0,16.0,9.0,0.5625,EZL|A|302,SDF|LIG|1,No sub-structure match found between the reference and probe mol
6BCC,EZL,diffdock_complex_pdb,diffdock,6BCC_diffdock_complex,output/diffdock_workflow/complexes/6BCC_diffdock_complex.pdb,ok,rdkit_best_rms,0.2365033918823537,17.0,16.0,17.0,1.0,EZL|A|302,UNL|L|1,
6BCC,EZL,boltz_cif,crystal_pocket,6BCC_crystal_pocket_model_0|idx_0,output/boltz_results_boltz_inputs/predictions/6BCC_crystal_pocket/6BCC_crystal_pocket_model_0.cif,ok,rdkit_best_rms,0.1374267529866805,17.0,16.0,17.0,1.0,EZL|A|302,LIG1|EZL|1,
6BCC,EZL,boltz_cif,default,6BCC_default_model_0|idx_0,output/boltz_results_boltz_inputs/predictions/6BCC_default/6BCC_default_model_0.cif,ok,rdkit_best_rms,0.1223101444132517,17.0,16.0,17.0,1.0,EZL|A|302,LIG1|EZL|1,
6BCC,EZL,boltz_cif,diffdock_pocket,6BCC_diffdock_pocket_model_0|idx_0,output/boltz_results_boltz_inputs/predictions/6BCC_diffdock_pocket/6BCC_diffdock_pocket_model_0.cif,ok,rdkit_best_rms,0.15981602775853113,17.0,16.0,17.0,1.0,EZL|A|302,LIG1|EZL|1,
6C7W,LMS,diffdock_sdf,diffdock,rank1|idx_1,output/diffdock_workflow/poses/6C7W/complex_0/rank1.sdf,ok_low_coverage,atom_name,0.7172305670320395,23.0,23.0,6.0,0.2608695652173913,LMS|A|302,SDF|LIG|1,No sub-structure match found between the reference and probe mol
6C7W,LMS,diffdock_sdf,diffdock,rank1_confidence0.43|idx_1,output/diffdock_workflow/poses/6C7W/complex_0/rank1_confidence0.43.sdf,ok_low_coverage,atom_name,0.7172305670320395,23.0,23.0,6.0,0.2608695652173913,LMS|A|302,SDF|LIG|1,No sub-structure match found between the reference and probe mol
6C7W,LMS,diffdock_sdf,diffdock,rank2_confidence0.42|idx_2,output/diffdock_workflow/poses/6C7W/complex_0/rank2_confidence0.42.sdf,ok_low_coverage,atom_name,0.6630496443645726,23.0,23.0,6.0,0.2608695652173913,LMS|A|302,SDF|LIG|1,No sub-structure match found between the reference and probe mol
6C7W,LMS,diffdock_sdf,diffdock,rank3_confidence0.41|idx_3,output/diffdock_workflow/poses/6C7W/complex_0/rank3_confidence0.41.sdf,ok_low_coverage,atom_name,0.6441940141650001,23.0,23.0,6.0,0.2608695652173913,LMS|A|302,SDF|LIG|1,No sub-structure match found between the reference and probe mol
6C7W,LMS,diffdock_sdf,diffdock,rank4_confidence0.41|idx_4,output/diffdock_workflow/poses/6C7W/complex_0/rank4_confidence0.41.sdf,ok_low_coverage,atom_name,0.6861703302207356,23.0,23.0,6.0,0.2608695652173913,LMS|A|302,SDF|LIG|1,No sub-structure match found between the reference and probe mol
6C7W,LMS,diffdock_complex_pdb,diffdock,6C7W_diffdock_complex,output/diffdock_workflow/complexes/6C7W_diffdock_complex.pdb,ok,rdkit_best_rms,0.6551754472210917,23.0,23.0,23.0,1.0,LMS|A|302,UNL|L|1,
6C7W,LMS,boltz_cif,crystal_pocket,6C7W_crystal_pocket_model_0|idx_0,output/boltz_results_boltz_inputs/predictions/6C7W_crystal_pocket/6C7W_crystal_pocket_model_0.cif,ok,rdkit_best_rms,0.8183626778219678,23.0,23.0,23.0,1.0,LMS|A|302,LIG1|LMS|1,
6C7W,LMS,boltz_cif,default,6C7W_default_model_0|idx_0,output/boltz_results_boltz_inputs/predictions/6C7W_default/6C7W_default_model_0.cif,ok,rdkit_best_rms,0.6665408680326916,23.0,23.0,23.0,1.0,LMS|A|302,LIG1|LMS|1,
6C7W,LMS,boltz_cif,diffdock_pocket,6C7W_diffdock_pocket_model_0|idx_0,output/boltz_results_boltz_inputs/predictions/6C7W_diffdock_pocket/6C7W_diffdock_pocket_model_0.cif,ok,rdkit_best_rms,0.7449711388088271,23.0,23.0,23.0,1.0,LMS|A|302,LIG1|LMS|1,
6C7X,EO7,diffdock_sdf,diffdock,rank1|idx_1,output/diffdock_workflow/poses/6C7X/complex_0/rank1.sdf,ok_low_coverage,atom_name,6.3893520923294895,24.0,24.0,4.0,0.16666666666666666,EO7|A|302,SDF|LIG|1,No sub-structure match found between the reference and probe mol
6C7X,EO7,diffdock_sdf,diffdock,rank1_confidence0.22|idx_1,output/diffdock_workflow/poses/6C7X/complex_0/rank1_confidence0.22.sdf,ok_low_coverage,atom_name,6.3893520923294895,24.0,24.0,4.0,0.16666666666666666,EO7|A|302,SDF|LIG|1,No sub-structure match found between the reference and probe mol
6C7X,EO7,diffdock_sdf,diffdock,rank2_confidence0.14|idx_2,output/diffdock_workflow/poses/6C7X/complex_0/rank2_confidence0.14.sdf,ok_low_coverage,atom_name,6.276178489938027,24.0,24.0,4.0,0.16666666666666666,EO7|A|302,SDF|LIG|1,No sub-structure match found between the reference and probe mol
6C7X,EO7,diffdock_sdf,diffdock,rank3_confidence0.11|idx_3,output/diffdock_workflow/poses/6C7X/complex_0/rank3_confidence0.11.sdf,ok_low_coverage,atom_name,6.3161044495040874,24.0,24.0,4.0,0.16666666666666666,EO7|A|302,SDF|LIG|1,No sub-structure match found between the reference and probe mol
6C7X,EO7,diffdock_sdf,diffdock,rank4_confidence0.09|idx_4,output/diffdock_workflow/poses/6C7X/complex_0/rank4_confidence0.09.sdf,ok_low_coverage,atom_name,6.418195145910891,24.0,24.0,4.0,0.16666666666666666,EO7|A|302,SDF|LIG|1,No sub-structure match found between the reference and probe mol
6C7X,EO7,diffdock_complex_pdb,diffdock,6C7X_diffdock_complex,output/diffdock_workflow/complexes/6C7X_diffdock_complex.pdb,ok,rdkit_best_rms,0.8364247429044017,24.0,24.0,24.0,1.0,EO7|A|302,UNL|L|1,
6C7X,EO7,boltz_cif,crystal_pocket,6C7X_crystal_pocket_model_0|idx_0,output/boltz_results_boltz_inputs/predictions/6C7X_crystal_pocket/6C7X_crystal_pocket_model_0.cif,ok,rdkit_best_rms,1.0138978769440015,24.0,24.0,24.0,1.0,EO7|A|302,LIG1|EO7|1,
6C7X,EO7,boltz_cif,default,6C7X_default_model_0|idx_0,output/boltz_results_boltz_inputs/predictions/6C7X_default/6C7X_default_model_0.cif,ok,rdkit_best_rms,1.1719793503584934,24.0,24.0,24.0,1.0,EO7|A|302,LIG1|EO7|1,
6C7X,EO7,boltz_cif,diffdock_pocket,6C7X_diffdock_pocket_model_0|idx_0,output/boltz_results_boltz_inputs/predictions/6C7X_diffdock_pocket/6C7X_diffdock_pocket_model_0.cif,ok,rdkit_best_rms,0.9578318336919199,24.0,24.0,24.0,1.0,EO7|A|302,LIG1|EO7|1,
6D1L,FQV,diffdock_sdf,diffdock,rank1|idx_1,output/diffdock_workflow/poses/6D1L/complex_0/rank1.sdf,ok_low_coverage,atom_name,1.1173254104747314,15.0,15.0,10.0,0.6666666666666666,FQV|A|303,SDF|LIG|1,No sub-structure match found between the reference and probe mol
6D1L,FQV,diffdock_sdf,diffdock,rank1_confidence0.57|idx_1,output/diffdock_workflow/poses/6D1L/complex_0/rank1_confidence0.57.sdf,ok_low_coverage,atom_name,1.1173254104747314,15.0,15.0,10.0,0.6666666666666666,FQV|A|303,SDF|LIG|1,No sub-structure match found between the reference and probe mol
6D1L,FQV,diffdock_sdf,diffdock,rank2_confidence0.54|idx_2,output/diffdock_workflow/poses/6D1L/complex_0/rank2_confidence0.54.sdf,ok_low_coverage,atom_name,1.2875804188349214,15.0,15.0,10.0,0.6666666666666666,FQV|A|303,SDF|LIG|1,No sub-structure match found between the reference and probe mol
6D1L,FQV,diffdock_sdf,diffdock,rank3_confidence0.54|idx_3,output/diffdock_workflow/poses/6D1L/complex_0/rank3_confidence0.54.sdf,ok_low_coverage,atom_name,0.2811164997985201,15.0,15.0,10.0,0.6666666666666666,FQV|A|303,SDF|LIG|1,No sub-structure match found between the reference and probe mol
6D1L,FQV,diffdock_sdf,diffdock,rank4_confidence0.54|idx_4,output/diffdock_workflow/poses/6D1L/complex_0/rank4_confidence0.54.sdf,ok_low_coverage,atom_name,0.40886963544092236,15.0,15.0,10.0,0.6666666666666666,FQV|A|303,SDF|LIG|1,No sub-structure match found between the reference and probe mol
6D1L,FQV,diffdock_complex_pdb,diffdock,6D1L_diffdock_complex,output/diffdock_workflow/complexes/6D1L_diffdock_complex.pdb,ok,rdkit_best_rms,0.20721950276245493,15.0,15.0,15.0,1.0,FQV|A|303,UNL|L|1,
6D1L,FQV,boltz_cif,crystal_pocket,6D1L_crystal_pocket_model_0|idx_0,output/boltz_results_boltz_inputs/predictions/6D1L_crystal_pocket/6D1L_crystal_pocket_model_0.cif,ok,rdkit_best_rms,0.7244517701640542,15.0,15.0,15.0,1.0,FQV|A|303,LIG1|FQV|1,
6D1L,FQV,boltz_cif,default,6D1L_default_model_0|idx_0,output/boltz_results_boltz_inputs/predictions/6D1L_default/6D1L_default_model_0.cif,ok,rdkit_best_rms,0.7046125841341092,15.0,15.0,15.0,1.0,FQV|A|303,LIG1|FQV|1,
6D1L,FQV,boltz_cif,diffdock_pocket,6D1L_diffdock_pocket_model_0|idx_0,output/boltz_results_boltz_inputs/predictions/6D1L_diffdock_pocket/6D1L_diffdock_pocket_model_0.cif,ok,rdkit_best_rms,0.7415931051981554,15.0,15.0,15.0,1.0,FQV|A|303,LIG1|FQV|1,
6D1M,FQY,diffdock_sdf,diffdock,rank1|idx_1,output/diffdock_workflow/poses/6D1M/complex_0/rank1.sdf,ok_low_coverage,atom_name,2.2783905497505743,17.0,17.0,8.0,0.47058823529411764,FQY|A|302,SDF|LIG|1,No sub-structure match found between the reference and probe mol
6D1M,FQY,diffdock_sdf,diffdock,rank1_confidence0.91|idx_1,output/diffdock_workflow/poses/6D1M/complex_0/rank1_confidence0.91.sdf,ok_low_coverage,atom_name,2.2783905497505743,17.0,17.0,8.0,0.47058823529411764,FQY|A|302,SDF|LIG|1,No sub-structure match found between the reference and probe mol
6D1M,FQY,diffdock_sdf,diffdock,rank2_confidence0.90|idx_2,output/diffdock_workflow/poses/6D1M/complex_0/rank2_confidence0.90.sdf,ok_low_coverage,atom_name,2.011542619734234,17.0,17.0,8.0,0.47058823529411764,FQY|A|302,SDF|LIG|1,No sub-structure match found between the reference and probe mol
6D1M,FQY,diffdock_sdf,diffdock,rank3_confidence0.89|idx_3,output/diffdock_workflow/poses/6D1M/complex_0/rank3_confidence0.89.sdf,ok_low_coverage,atom_name,2.0099654674321084,17.0,17.0,8.0,0.47058823529411764,FQY|A|302,SDF|LIG|1,No sub-structure match found between the reference and probe mol
6D1M,FQY,diffdock_sdf,diffdock,rank4_confidence0.87|idx_4,output/diffdock_workflow/poses/6D1M/complex_0/rank4_confidence0.87.sdf,ok_low_coverage,atom_name,2.30778796740602,17.0,17.0,8.0,0.47058823529411764,FQY|A|302,SDF|LIG|1,No sub-structure match found between the reference and probe mol
6D1M,FQY,diffdock_complex_pdb,diffdock,6D1M_diffdock_complex,output/diffdock_workflow/complexes/6D1M_diffdock_complex.pdb,ok,rdkit_best_rms,0.2834424111328591,17.0,17.0,17.0,1.0,FQY|A|302,UNL|L|1,
6D1M,FQY,boltz_cif,crystal_pocket,6D1M_crystal_pocket_model_0|idx_0,output/boltz_results_boltz_inputs/predictions/6D1M_crystal_pocket/6D1M_crystal_pocket_model_0.cif,ok,rdkit_best_rms,0.263489342910107,17.0,17.0,17.0,1.0,FQY|A|302,LIG1|FQY|1,
6D1M,FQY,boltz_cif,default,6D1M_default_model_0|idx_0,output/boltz_results_boltz_inputs/predictions/6D1M_default/6D1M_default_model_0.cif,ok,rdkit_best_rms,0.3092340571627905,17.0,17.0,17.0,1.0,FQY|A|302,LIG1|FQY|1,
6D1M,FQY,boltz_cif,diffdock_pocket,6D1M_diffdock_pocket_model_0|idx_0,output/boltz_results_boltz_inputs/predictions/6D1M_diffdock_pocket/6D1M_diffdock_pocket_model_0.cif,ok,rdkit_best_rms,0.3233201796221085,17.0,17.0,17.0,1.0,FQY|A|302,LIG1|FQY|1,
6EQU,BVE,diffdock_sdf,diffdock,rank1|idx_1,output/diffdock_workflow/poses/6EQU/complex_0/rank1.sdf,ok,atom_name,3.6302393798795682,36.0,36.0,26.0,0.7222222222222222,BVE|A|302,SDF|LIG|1,No sub-structure match found between the reference and probe mol
6EQU,BVE,diffdock_sdf,diffdock,rank1_confidence-1.32|idx_1,output/diffdock_workflow/poses/6EQU/complex_0/rank1_confidence-1.32.sdf,ok,atom_name,3.6302393798795682,36.0,36.0,26.0,0.7222222222222222,BVE|A|302,SDF|LIG|1,No sub-structure match found between the reference and probe mol
6EQU,BVE,diffdock_sdf,diffdock,rank2_confidence-1.38|idx_2,output/diffdock_workflow/poses/6EQU/complex_0/rank2_confidence-1.38.sdf,ok,atom_name,3.3956525480573068,36.0,36.0,26.0,0.7222222222222222,BVE|A|302,SDF|LIG|1,No sub-structure match found between the reference and probe mol
6EQU,BVE,diffdock_sdf,diffdock,rank3_confidence-1.45|idx_3,output/diffdock_workflow/poses/6EQU/complex_0/rank3_confidence-1.45.sdf,ok,atom_name,3.6532881782298734,36.0,36.0,26.0,0.7222222222222222,BVE|A|302,SDF|LIG|1,No sub-structure match found between the reference and probe mol
6EQU,BVE,diffdock_sdf,diffdock,rank4_confidence-1.46|idx_4,output/diffdock_workflow/poses/6EQU/complex_0/rank4_confidence-1.46.sdf,ok,atom_name,3.6821533479445474,36.0,36.0,26.0,0.7222222222222222,BVE|A|302,SDF|LIG|1,No sub-structure match found between the reference and probe mol
6EQU,BVE,diffdock_complex_pdb,diffdock,6EQU_diffdock_complex,output/diffdock_workflow/complexes/6EQU_diffdock_complex.pdb,ok,atom_name,4.420977821365506,36.0,36.0,36.0,1.0,BVE|A|302,UNL|L|1,No sub-structure match found between the reference and probe mol
6EQU,BVE,boltz_cif,crystal_pocket,6EQU_crystal_pocket_model_0|idx_0,output/boltz_results_boltz_inputs/predictions/6EQU_crystal_pocket/6EQU_crystal_pocket_model_0.cif,ok,rdkit_best_rms,0.654744829321697,36.0,36.0,36.0,1.0,BVE|A|302,LIG1|BVE|1,
6EQU,BVE,boltz_cif,default,6EQU_default_model_0|idx_0,output/boltz_results_boltz_inputs/predictions/6EQU_default/6EQU_default_model_0.cif,ok,rdkit_best_rms,1.0787309370103983,36.0,36.0,36.0,1.0,BVE|A|302,LIG1|BVE|1,
6EQU,BVE,boltz_cif,diffdock_pocket,6EQU_diffdock_pocket_model_0|idx_0,output/boltz_results_boltz_inputs/predictions/6EQU_diffdock_pocket/6EQU_diffdock_pocket_model_0.cif,ok,rdkit_best_rms,1.6997582384102927,36.0,36.0,36.0,1.0,BVE|A|302,LIG1|BVE|1,
6G6T,ENN,diffdock_sdf,diffdock,rank1|idx_1,output/diffdock_workflow/poses/6G6T/complex_0/rank1.sdf,ok_low_coverage,atom_name,2.977323140624471,19.0,19.0,6.0,0.3157894736842105,ENN|A|304,SDF|LIG|1,No sub-structure match found between the reference and probe mol
6G6T,ENN,diffdock_sdf,diffdock,rank1_confidence0.11|idx_1,output/diffdock_workflow/poses/6G6T/complex_0/rank1_confidence0.11.sdf,ok_low_coverage,atom_name,2.977323140624471,19.0,19.0,6.0,0.3157894736842105,ENN|A|304,SDF|LIG|1,No sub-structure match found between the reference and probe mol
6G6T,ENN,diffdock_sdf,diffdock,rank2_confidence0.06|idx_2,output/diffdock_workflow/poses/6G6T/complex_0/rank2_confidence0.06.sdf,ok_low_coverage,atom_name,2.4899582773093267,19.0,19.0,6.0,0.3157894736842105,ENN|A|304,SDF|LIG|1,No sub-structure match found between the reference and probe mol
6G6T,ENN,diffdock_sdf,diffdock,rank3_confidence0.04|idx_3,output/diffdock_workflow/poses/6G6T/complex_0/rank3_confidence0.04.sdf,ok_low_coverage,atom_name,2.554402031854374,19.0,19.0,6.0,0.3157894736842105,ENN|A|304,SDF|LIG|1,No sub-structure match found between the reference and probe mol
6G6T,ENN,diffdock_sdf,diffdock,rank4_confidence0.03|idx_4,output/diffdock_workflow/poses/6G6T/complex_0/rank4_confidence0.03.sdf,ok_low_coverage,atom_name,2.8136038498648617,19.0,19.0,6.0,0.3157894736842105,ENN|A|304,SDF|LIG|1,No sub-structure match found between the reference and probe mol
6G6T,ENN,diffdock_complex_pdb,diffdock,6G6T_diffdock_complex,output/diffdock_workflow/complexes/6G6T_diffdock_complex.pdb,ok,rdkit_best_rms,0.431165708774151,19.0,19.0,19.0,1.0,ENN|A|304,UNL|L|1,
6G6T,ENN,boltz_cif,crystal_pocket,6G6T_crystal_pocket_model_0|idx_0,output/boltz_results_boltz_inputs/predictions/6G6T_crystal_pocket/6G6T_crystal_pocket_model_0.cif,ok,rdkit_best_rms,0.9147215677800532,19.0,19.0,19.0,1.0,ENN|A|304,LIG1|ENN|1,
6G6T,ENN,boltz_cif,default,6G6T_default_model_0|idx_0,output/boltz_results_boltz_inputs/predictions/6G6T_default/6G6T_default_model_0.cif,ok,rdkit_best_rms,0.9634644960470221,19.0,19.0,19.0,1.0,ENN|A|304,LIG1|ENN|1,
6G6T,ENN,boltz_cif,diffdock_pocket,6G6T_diffdock_pocket_model_0|idx_0,output/boltz_results_boltz_inputs/predictions/6G6T_diffdock_pocket/6G6T_diffdock_pocket_model_0.cif,ok,rdkit_best_rms,0.4506451944684608,19.0,19.0,19.0,1.0,ENN|A|304,LIG1|ENN|1,
6GDC,FB2,diffdock_sdf,diffdock,rank1|idx_1,output/diffdock_workflow/poses/6GDC/complex_0/rank1.sdf,failed,,,20.0,,,,FB2|A|306,,No reliable mapping: atom names differ and atom count differs.
6GDC,FB2,diffdock_sdf,diffdock,rank1_confidence0.95|idx_1,output/diffdock_workflow/poses/6GDC/complex_0/rank1_confidence0.95.sdf,failed,,,20.0,,,,FB2|A|306,,No reliable mapping: atom names differ and atom count differs.
6GDC,FB2,diffdock_sdf,diffdock,rank2_confidence0.93|idx_2,output/diffdock_workflow/poses/6GDC/complex_0/rank2_confidence0.93.sdf,failed,,,20.0,,,,FB2|A|306,,No reliable mapping: atom names differ and atom count differs.
6GDC,FB2,diffdock_sdf,diffdock,rank3_confidence0.93|idx_3,output/diffdock_workflow/poses/6GDC/complex_0/rank3_confidence0.93.sdf,failed,,,20.0,,,,FB2|A|306,,No reliable mapping: atom names differ and atom count differs.
6GDC,FB2,diffdock_sdf,diffdock,rank4_confidence0.93|idx_4,output/diffdock_workflow/poses/6GDC/complex_0/rank4_confidence0.93.sdf,failed,,,20.0,,,,FB2|A|306,,No reliable mapping: atom names differ and atom count differs.
6GDC,FB2,diffdock_complex_pdb,diffdock,6GDC_diffdock_complex,output/diffdock_workflow/complexes/6GDC_diffdock_complex.pdb,ok,rdkit_best_rms,0.09572231970793701,20.0,10.0,10.0,1.0,FB2|A|306,UNL|L|1,
6GDC,FB2,boltz_cif,crystal_pocket,6GDC_crystal_pocket_model_0|idx_0,output/boltz_results_boltz_inputs/predictions/6GDC_crystal_pocket/6GDC_crystal_pocket_model_0.cif,ok,rdkit_best_rms,0.07551832981025648,20.0,10.0,10.0,1.0,FB2|A|306,LIG1|FB2|1,
6GDC,FB2,boltz_cif,default,6GDC_default_model_0|idx_0,output/boltz_results_boltz_inputs/predictions/6GDC_default/6GDC_default_model_0.cif,ok,rdkit_best_rms,0.0753769308134418,20.0,10.0,10.0,1.0,FB2|A|306,LIG1|FB2|1,
6GDC,FB2,boltz_cif,diffdock_pocket,6GDC_diffdock_pocket_model_0|idx_0,output/boltz_results_boltz_inputs/predictions/6GDC_diffdock_pocket/6GDC_diffdock_pocket_model_0.cif,ok,rdkit_best_rms,0.07060659421004871,20.0,10.0,10.0,1.0,FB2|A|306,LIG1|FB2|1,
6GM9,4J8,diffdock_sdf,diffdock,rank1|idx_1,output/diffdock_workflow/poses/6GM9/complex_0/rank1.sdf,ok_low_coverage,atom_name,0.823635409367798,11.0,11.0,6.0,0.5454545454545454,4J8|A|305,SDF|LIG|1,No sub-structure match found between the reference and probe mol
6GM9,4J8,diffdock_sdf,diffdock,rank1_confidence0.72|idx_1,output/diffdock_workflow/poses/6GM9/complex_0/rank1_confidence0.72.sdf,ok_low_coverage,atom_name,0.823635409367798,11.0,11.0,6.0,0.5454545454545454,4J8|A|305,SDF|LIG|1,No sub-structure match found between the reference and probe mol
6GM9,4J8,diffdock_sdf,diffdock,rank2_confidence0.69|idx_2,output/diffdock_workflow/poses/6GM9/complex_0/rank2_confidence0.69.sdf,ok_low_coverage,atom_name,0.8204857859331878,11.0,11.0,6.0,0.5454545454545454,4J8|A|305,SDF|LIG|1,No sub-structure match found between the reference and probe mol
6GM9,4J8,diffdock_sdf,diffdock,rank3_confidence0.69|idx_3,output/diffdock_workflow/poses/6GM9/complex_0/rank3_confidence0.69.sdf,ok_low_coverage,atom_name,0.8202707305378414,11.0,11.0,6.0,0.5454545454545454,4J8|A|305,SDF|LIG|1,No sub-structure match found between the reference and probe mol
6GM9,4J8,diffdock_sdf,diffdock,rank4_confidence0.68|idx_4,output/diffdock_workflow/poses/6GM9/complex_0/rank4_confidence0.68.sdf,ok_low_coverage,atom_name,0.8228782122863308,11.0,11.0,6.0,0.5454545454545454,4J8|A|305,SDF|LIG|1,No sub-structure match found between the reference and probe mol
6GM9,4J8,diffdock_complex_pdb,diffdock,6GM9_diffdock_complex,output/diffdock_workflow/complexes/6GM9_diffdock_complex.pdb,ok,rdkit_best_rms,0.07681024118268692,11.0,11.0,11.0,1.0,4J8|A|305,UNL|L|1,
6GM9,4J8,boltz_cif,crystal_pocket,6GM9_crystal_pocket_model_0|idx_0,output/boltz_results_boltz_inputs/predictions/6GM9_crystal_pocket/6GM9_crystal_pocket_model_0.cif,ok,rdkit_best_rms,0.02868349012649299,11.0,11.0,11.0,1.0,4J8|A|305,LIG1|4J8|1,
6GM9,4J8,boltz_cif,default,6GM9_default_model_0|idx_0,output/boltz_results_boltz_inputs/predictions/6GM9_default/6GM9_default_model_0.cif,ok,rdkit_best_rms,0.029117348806502907,11.0,11.0,11.0,1.0,4J8|A|305,LIG1|4J8|1,
6GM9,4J8,boltz_cif,diffdock_pocket,6GM9_diffdock_pocket_model_0|idx_0,output/boltz_results_boltz_inputs/predictions/6GM9_diffdock_pocket/6GM9_diffdock_pocket_model_0.cif,ok,rdkit_best_rms,0.03763874733597048,11.0,11.0,11.0,1.0,4J8|A|305,LIG1|4J8|1,
6GOT,F6W,diffdock_sdf,diffdock,rank1|idx_1,output/diffdock_workflow/poses/6GOT/complex_0/rank1.sdf,ok_low_coverage,atom_name,2.132935637711331,19.0,19.0,12.0,0.631578947368421,F6W|A|304,SDF|LIG|1,No sub-structure match found between the reference and probe mol
6GOT,F6W,diffdock_sdf,diffdock,rank1_confidence0.43|idx_1,output/diffdock_workflow/poses/6GOT/complex_0/rank1_confidence0.43.sdf,ok_low_coverage,atom_name,2.132935637711331,19.0,19.0,12.0,0.631578947368421,F6W|A|304,SDF|LIG|1,No sub-structure match found between the reference and probe mol
6GOT,F6W,diffdock_sdf,diffdock,rank2_confidence0.39|idx_2,output/diffdock_workflow/poses/6GOT/complex_0/rank2_confidence0.39.sdf,ok_low_coverage,atom_name,2.518869106551225,19.0,19.0,12.0,0.631578947368421,F6W|A|304,SDF|LIG|1,No sub-structure match found between the reference and probe mol
6GOT,F6W,diffdock_sdf,diffdock,rank3_confidence0.37|idx_3,output/diffdock_workflow/poses/6GOT/complex_0/rank3_confidence0.37.sdf,ok_low_coverage,atom_name,2.2339455292519155,19.0,19.0,12.0,0.631578947368421,F6W|A|304,SDF|LIG|1,No sub-structure match found between the reference and probe mol
6GOT,F6W,diffdock_sdf,diffdock,rank4_confidence0.37|idx_4,output/diffdock_workflow/poses/6GOT/complex_0/rank4_confidence0.37.sdf,ok_low_coverage,atom_name,2.140922687779831,19.0,19.0,12.0,0.631578947368421,F6W|A|304,SDF|LIG|1,No sub-structure match found between the reference and probe mol
6GOT,F6W,diffdock_complex_pdb,diffdock,6GOT_diffdock_complex,output/diffdock_workflow/complexes/6GOT_diffdock_complex.pdb,ok,rdkit_best_rms,0.6448288606440429,19.0,19.0,19.0,1.0,F6W|A|304,UNL|L|1,
6GOT,F6W,boltz_cif,crystal_pocket,6GOT_crystal_pocket_model_0|idx_0,output/boltz_results_boltz_inputs/predictions/6GOT_crystal_pocket/6GOT_crystal_pocket_model_0.cif,ok,rdkit_best_rms,0.6635819407974768,19.0,19.0,19.0,1.0,F6W|A|304,LIG1|F6W|1,
6GOT,F6W,boltz_cif,default,6GOT_default_model_0|idx_0,output/boltz_results_boltz_inputs/predictions/6GOT_default/6GOT_default_model_0.cif,ok,rdkit_best_rms,1.003785055672678,19.0,19.0,19.0,1.0,F6W|A|304,LIG1|F6W|1,
6GOT,F6W,boltz_cif,diffdock_pocket,6GOT_diffdock_pocket_model_0|idx_0,output/boltz_results_boltz_inputs/predictions/6GOT_diffdock_pocket/6GOT_diffdock_pocket_model_0.cif,ok,rdkit_best_rms,0.9483791822868676,19.0,19.0,19.0,1.0,F6W|A|304,LIG1|F6W|1,
6H2Z,FKE,diffdock_sdf,diffdock,rank1|idx_1,output/diffdock_workflow/poses/6H2Z/complex_0/rank1.sdf,ok_low_coverage,atom_name,1.3633988180990195,24.0,24.0,16.0,0.6666666666666666,FKE|A|302,SDF|LIG|1,No sub-structure match found between the reference and probe mol
6H2Z,FKE,diffdock_sdf,diffdock,rank1_confidence0.51|idx_1,output/diffdock_workflow/poses/6H2Z/complex_0/rank1_confidence0.51.sdf,ok_low_coverage,atom_name,1.3633988180990195,24.0,24.0,16.0,0.6666666666666666,FKE|A|302,SDF|LIG|1,No sub-structure match found between the reference and probe mol
6H2Z,FKE,diffdock_sdf,diffdock,rank2_confidence0.50|idx_2,output/diffdock_workflow/poses/6H2Z/complex_0/rank2_confidence0.50.sdf,ok_low_coverage,atom_name,1.3980332347945297,24.0,24.0,16.0,0.6666666666666666,FKE|A|302,SDF|LIG|1,No sub-structure match found between the reference and probe mol
6H2Z,FKE,diffdock_sdf,diffdock,rank3_confidence0.50|idx_3,output/diffdock_workflow/poses/6H2Z/complex_0/rank3_confidence0.50.sdf,ok_low_coverage,atom_name,1.3407766343440817,24.0,24.0,16.0,0.6666666666666666,FKE|A|302,SDF|LIG|1,No sub-structure match found between the reference and probe mol
6H2Z,FKE,diffdock_sdf,diffdock,rank4_confidence0.32|idx_4,output/diffdock_workflow/poses/6H2Z/complex_0/rank4_confidence0.32.sdf,ok_low_coverage,atom_name,2.822750964345864,24.0,24.0,16.0,0.6666666666666666,FKE|A|302,SDF|LIG|1,No sub-structure match found between the reference and probe mol
6H2Z,FKE,diffdock_complex_pdb,diffdock,6H2Z_diffdock_complex,output/diffdock_workflow/complexes/6H2Z_diffdock_complex.pdb,ok,rdkit_best_rms,0.5155900521668232,24.0,24.0,24.0,1.0,FKE|A|302,UNL|L|1,
6H2Z,FKE,boltz_cif,crystal_pocket,6H2Z_crystal_pocket_model_0|idx_0,output/boltz_results_boltz_inputs/predictions/6H2Z_crystal_pocket/6H2Z_crystal_pocket_model_0.cif,ok,rdkit_best_rms,0.21843700239807662,24.0,24.0,24.0,1.0,FKE|A|302,LIG1|FKE|1,
6H2Z,FKE,boltz_cif,default,6H2Z_default_model_0|idx_0,output/boltz_results_boltz_inputs/predictions/6H2Z_default/6H2Z_default_model_0.cif,ok,rdkit_best_rms,0.23135804841076246,24.0,24.0,24.0,1.0,FKE|A|302,LIG1|FKE|1,
6H2Z,FKE,boltz_cif,diffdock_pocket,6H2Z_diffdock_pocket_model_0|idx_0,output/boltz_results_boltz_inputs/predictions/6H2Z_diffdock_pocket/6H2Z_diffdock_pocket_model_0.cif,ok,rdkit_best_rms,0.1805792118737519,24.0,24.0,24.0,1.0,FKE|A|302,LIG1|FKE|1,
6H33,FKQ,diffdock_sdf,diffdock,rank1|idx_1,output/diffdock_workflow/poses/6H33/complex_0/rank1.sdf,ok_low_coverage,atom_name,1.766461454831361,25.0,25.0,16.0,0.64,FKQ|A|302,SDF|LIG|1,No sub-structure match found between the reference and probe mol
6H33,FKQ,diffdock_sdf,diffdock,rank1_confidence0.54|idx_1,output/diffdock_workflow/poses/6H33/complex_0/rank1_confidence0.54.sdf,ok_low_coverage,atom_name,1.766461454831361,25.0,25.0,16.0,0.64,FKQ|A|302,SDF|LIG|1,No sub-structure match found between the reference and probe mol
6H33,FKQ,diffdock_sdf,diffdock,rank2_confidence0.47|idx_2,output/diffdock_workflow/poses/6H33/complex_0/rank2_confidence0.47.sdf,ok_low_coverage,atom_name,1.7279681665676698,25.0,25.0,16.0,0.64,FKQ|A|302,SDF|LIG|1,No sub-structure match found between the reference and probe mol
6H33,FKQ,diffdock_sdf,diffdock,rank3_confidence0.41|idx_3,output/diffdock_workflow/poses/6H33/complex_0/rank3_confidence0.41.sdf,ok_low_coverage,atom_name,1.3017735899967922,25.0,25.0,16.0,0.64,FKQ|A|302,SDF|LIG|1,No sub-structure match found between the reference and probe mol
6H33,FKQ,diffdock_sdf,diffdock,rank4_confidence0.39|idx_4,output/diffdock_workflow/poses/6H33/complex_0/rank4_confidence0.39.sdf,ok_low_coverage,atom_name,1.6752744330055251,25.0,25.0,16.0,0.64,FKQ|A|302,SDF|LIG|1,No sub-structure match found between the reference and probe mol
6H33,FKQ,diffdock_complex_pdb,diffdock,6H33_diffdock_complex,output/diffdock_workflow/complexes/6H33_diffdock_complex.pdb,ok,rdkit_best_rms,0.5154789194520267,25.0,25.0,25.0,1.0,FKQ|A|302,UNL|L|1,
6H33,FKQ,boltz_cif,crystal_pocket,6H33_crystal_pocket_model_0|idx_0,output/boltz_results_boltz_inputs/predictions/6H33_crystal_pocket/6H33_crystal_pocket_model_0.cif,ok,rdkit_best_rms,0.20929166596666576,25.0,25.0,25.0,1.0,FKQ|A|302,LIG1|FKQ|1,
6H33,FKQ,boltz_cif,default,6H33_default_model_0|idx_0,output/boltz_results_boltz_inputs/predictions/6H33_default/6H33_default_model_0.cif,ok,rdkit_best_rms,0.2175839769314702,25.0,25.0,25.0,1.0,FKQ|A|302,LIG1|FKQ|1,
6H33,FKQ,boltz_cif,diffdock_pocket,6H33_diffdock_pocket_model_0|idx_0,output/boltz_results_boltz_inputs/predictions/6H33_diffdock_pocket/6H33_diffdock_pocket_model_0.cif,ok,rdkit_best_rms,0.204160946324182,25.0,25.0,25.0,1.0,FKQ|A|302,LIG1|FKQ|1,
6H34,FKK,diffdock_sdf,diffdock,rank1|idx_1,output/diffdock_workflow/poses/6H34/complex_0/rank1.sdf,ok_low_coverage,atom_name,2.0328126945528613,26.0,26.0,15.0,0.5769230769230769,FKK|A|302,SDF|LIG|1,No sub-structure match found between the reference and probe mol
6H34,FKK,diffdock_sdf,diffdock,rank1_confidence0.05|idx_1,output/diffdock_workflow/poses/6H34/complex_0/rank1_confidence0.05.sdf,ok_low_coverage,atom_name,2.0328126945528613,26.0,26.0,15.0,0.5769230769230769,FKK|A|302,SDF|LIG|1,No sub-structure match found between the reference and probe mol
6H34,FKK,diffdock_sdf,diffdock,rank2_confidence-0.02|idx_2,output/diffdock_workflow/poses/6H34/complex_0/rank2_confidence-0.02.sdf,ok_low_coverage,atom_name,2.399486453728511,26.0,26.0,15.0,0.5769230769230769,FKK|A|302,SDF|LIG|1,No sub-structure match found between the reference and probe mol
6H34,FKK,diffdock_sdf,diffdock,rank3_confidence-0.08|idx_3,output/diffdock_workflow/poses/6H34/complex_0/rank3_confidence-0.08.sdf,ok_low_coverage,atom_name,4.394556840910985,26.0,26.0,15.0,0.5769230769230769,FKK|A|302,SDF|LIG|1,No sub-structure match found between the reference and probe mol
6H34,FKK,diffdock_sdf,diffdock,rank4_confidence-0.11|idx_4,output/diffdock_workflow/poses/6H34/complex_0/rank4_confidence-0.11.sdf,ok_low_coverage,atom_name,2.4302380810565207,26.0,26.0,15.0,0.5769230769230769,FKK|A|302,SDF|LIG|1,No sub-structure match found between the reference and probe mol
6H34,FKK,diffdock_complex_pdb,diffdock,6H34_diffdock_complex,output/diffdock_workflow/complexes/6H34_diffdock_complex.pdb,ok,rdkit_best_rms,0.5126211248814844,26.0,26.0,26.0,1.0,FKK|A|302,UNL|L|1,
6H34,FKK,boltz_cif,crystal_pocket,6H34_crystal_pocket_model_0|idx_0,output/boltz_results_boltz_inputs/predictions/6H34_crystal_pocket/6H34_crystal_pocket_model_0.cif,ok,rdkit_best_rms,1.3506835675733007,26.0,26.0,26.0,1.0,FKK|A|302,LIG1|FKK|1,
6H34,FKK,boltz_cif,default,6H34_default_model_0|idx_0,output/boltz_results_boltz_inputs/predictions/6H34_default/6H34_default_model_0.cif,ok,rdkit_best_rms,0.4690476819155277,26.0,26.0,26.0,1.0,FKK|A|302,LIG1|FKK|1,
6H34,FKK,boltz_cif,diffdock_pocket,6H34_diffdock_pocket_model_0|idx_0,output/boltz_results_boltz_inputs/predictions/6H34_diffdock_pocket/6H34_diffdock_pocket_model_0.cif,ok,rdkit_best_rms,1.0340694246360385,26.0,26.0,26.0,1.0,FKK|A|302,LIG1|FKK|1,
6H3Q,FMH,diffdock_sdf,diffdock,rank1|idx_1,output/diffdock_workflow/poses/6H3Q/complex_0/rank1.sdf,ok_low_coverage,atom_name,2.8096259169079523,17.0,17.0,8.0,0.47058823529411764,FMH|A|302,SDF|LIG|1,No sub-structure match found between the reference and probe mol
6H3Q,FMH,diffdock_sdf,diffdock,rank1_confidence0.47|idx_1,output/diffdock_workflow/poses/6H3Q/complex_0/rank1_confidence0.47.sdf,ok_low_coverage,atom_name,2.8096259169079523,17.0,17.0,8.0,0.47058823529411764,FMH|A|302,SDF|LIG|1,No sub-structure match found between the reference and probe mol
6H3Q,FMH,diffdock_sdf,diffdock,rank2_confidence0.47|idx_2,output/diffdock_workflow/poses/6H3Q/complex_0/rank2_confidence0.47.sdf,ok_low_coverage,atom_name,2.0720530047649652,17.0,17.0,8.0,0.47058823529411764,FMH|A|302,SDF|LIG|1,No sub-structure match found between the reference and probe mol
6H3Q,FMH,diffdock_sdf,diffdock,rank3_confidence0.33|idx_3,output/diffdock_workflow/poses/6H3Q/complex_0/rank3_confidence0.33.sdf,ok_low_coverage,atom_name,2.0311502595113615,17.0,17.0,8.0,0.47058823529411764,FMH|A|302,SDF|LIG|1,No sub-structure match found between the reference and probe mol
6H3Q,FMH,diffdock_sdf,diffdock,rank4_confidence0.32|idx_4,output/diffdock_workflow/poses/6H3Q/complex_0/rank4_confidence0.32.sdf,ok_low_coverage,atom_name,2.035501211090241,17.0,17.0,8.0,0.47058823529411764,FMH|A|302,SDF|LIG|1,No sub-structure match found between the reference and probe mol
6H3Q,FMH,diffdock_complex_pdb,diffdock,6H3Q_diffdock_complex,output/diffdock_workflow/complexes/6H3Q_diffdock_complex.pdb,ok,rdkit_best_rms,0.6573787365754697,17.0,17.0,17.0,1.0,FMH|A|302,UNL|L|1,
6H3Q,FMH,boltz_cif,crystal_pocket,6H3Q_crystal_pocket_model_0|idx_0,output/boltz_results_boltz_inputs/predictions/6H3Q_crystal_pocket/6H3Q_crystal_pocket_model_0.cif,ok,rdkit_best_rms,0.7637758283356526,17.0,17.0,17.0,1.0,FMH|A|302,LIG1|FMH|1,
6H3Q,FMH,boltz_cif,default,6H3Q_default_model_0|idx_0,output/boltz_results_boltz_inputs/predictions/6H3Q_default/6H3Q_default_model_0.cif,ok,rdkit_best_rms,0.7612618860013863,17.0,17.0,17.0,1.0,FMH|A|302,LIG1|FMH|1,
6H3Q,FMH,boltz_cif,diffdock_pocket,6H3Q_diffdock_pocket_model_0|idx_0,output/boltz_results_boltz_inputs/predictions/6H3Q_diffdock_pocket/6H3Q_diffdock_pocket_model_0.cif,ok,rdkit_best_rms,0.7650950734488834,17.0,17.0,17.0,1.0,FMH|A|302,LIG1|FMH|1,
6HQX,4JC,diffdock_sdf,diffdock,rank1|idx_1,output/diffdock_workflow/poses/6HQX/complex_0/rank1.sdf,ok_low_coverage,atom_name,2.1173552078690623,12.0,12.0,7.0,0.5833333333333334,4JC|A|305,SDF|LIG|1,No sub-structure match found between the reference and probe mol
6HQX,4JC,diffdock_sdf,diffdock,rank1_confidence0.50|idx_1,output/diffdock_workflow/poses/6HQX/complex_0/rank1_confidence0.50.sdf,ok_low_coverage,atom_name,2.1173552078690623,12.0,12.0,7.0,0.5833333333333334,4JC|A|305,SDF|LIG|1,No sub-structure match found between the reference and probe mol
6HQX,4JC,diffdock_sdf,diffdock,rank2_confidence-0.02|idx_2,output/diffdock_workflow/poses/6HQX/complex_0/rank2_confidence-0.02.sdf,ok_low_coverage,atom_name,1.5461360410447775,12.0,12.0,7.0,0.5833333333333334,4JC|A|305,SDF|LIG|1,No sub-structure match found between the reference and probe mol
6HQX,4JC,diffdock_sdf,diffdock,rank3_confidence-0.08|idx_3,output/diffdock_workflow/poses/6HQX/complex_0/rank3_confidence-0.08.sdf,ok_low_coverage,atom_name,1.5985065820652435,12.0,12.0,7.0,0.5833333333333334,4JC|A|305,SDF|LIG|1,No sub-structure match found between the reference and probe mol
6HQX,4JC,diffdock_sdf,diffdock,rank4_confidence-0.09|idx_4,output/diffdock_workflow/poses/6HQX/complex_0/rank4_confidence-0.09.sdf,ok_low_coverage,atom_name,1.7940773974530608,12.0,12.0,7.0,0.5833333333333334,4JC|A|305,SDF|LIG|1,No sub-structure match found between the reference and probe mol
6HQX,4JC,diffdock_complex_pdb,diffdock,6HQX_diffdock_complex,output/diffdock_workflow/complexes/6HQX_diffdock_complex.pdb,ok,rdkit_best_rms,0.1411877027104633,12.0,12.0,12.0,1.0,4JC|A|305,UNL|L|1,
6HQX,4JC,boltz_cif,crystal_pocket,6HQX_crystal_pocket_model_0|idx_0,output/boltz_results_boltz_inputs/predictions/6HQX_crystal_pocket/6HQX_crystal_pocket_model_0.cif,ok,rdkit_best_rms,0.09958866764640584,12.0,12.0,12.0,1.0,4JC|A|305,LIG1|4JC|1,
6HQX,4JC,boltz_cif,default,6HQX_default_model_0|idx_0,output/boltz_results_boltz_inputs/predictions/6HQX_default/6HQX_default_model_0.cif,ok,rdkit_best_rms,0.056315253663788895,12.0,12.0,12.0,1.0,4JC|A|305,LIG1|4JC|1,
6HQX,4JC,boltz_cif,diffdock_pocket,6HQX_diffdock_pocket_model_0|idx_0,output/boltz_results_boltz_inputs/predictions/6HQX_diffdock_pocket/6HQX_diffdock_pocket_model_0.cif,ok,rdkit_best_rms,0.04731639317152916,12.0,12.0,12.0,1.0,4JC|A|305,LIG1|4JC|1,
6HR3,4JE,diffdock_sdf,diffdock,rank1|idx_1,output/diffdock_workflow/poses/6HR3/complex_0/rank1.sdf,ok_low_coverage,atom_name,1.3674504897777937,13.0,13.0,8.0,0.6153846153846154,4JE|A|305,SDF|LIG|1,No sub-structure match found between the reference and probe mol
6HR3,4JE,diffdock_sdf,diffdock,rank1_confidence0.63|idx_1,output/diffdock_workflow/poses/6HR3/complex_0/rank1_confidence0.63.sdf,ok_low_coverage,atom_name,1.3674504897777937,13.0,13.0,8.0,0.6153846153846154,4JE|A|305,SDF|LIG|1,No sub-structure match found between the reference and probe mol
6HR3,4JE,diffdock_sdf,diffdock,rank2_confidence0.63|idx_2,output/diffdock_workflow/poses/6HR3/complex_0/rank2_confidence0.63.sdf,ok_low_coverage,atom_name,1.385847853868992,13.0,13.0,8.0,0.6153846153846154,4JE|A|305,SDF|LIG|1,No sub-structure match found between the reference and probe mol
6HR3,4JE,diffdock_sdf,diffdock,rank3_confidence0.62|idx_3,output/diffdock_workflow/poses/6HR3/complex_0/rank3_confidence0.62.sdf,ok_low_coverage,atom_name,1.3830632006688233,13.0,13.0,8.0,0.6153846153846154,4JE|A|305,SDF|LIG|1,No sub-structure match found between the reference and probe mol
6HR3,4JE,diffdock_sdf,diffdock,rank4_confidence-0.39|idx_4,output/diffdock_workflow/poses/6HR3/complex_0/rank4_confidence-0.39.sdf,ok_low_coverage,atom_name,1.37982463781853,13.0,13.0,8.0,0.6153846153846154,4JE|A|305,SDF|LIG|1,No sub-structure match found between the reference and probe mol
6HR3,4JE,diffdock_complex_pdb,diffdock,6HR3_diffdock_complex,output/diffdock_workflow/complexes/6HR3_diffdock_complex.pdb,ok,rdkit_best_rms,0.1522068586020522,13.0,13.0,13.0,1.0,4JE|A|305,UNL|L|1,
6HR3,4JE,boltz_cif,crystal_pocket,6HR3_crystal_pocket_model_0|idx_0,output/boltz_results_boltz_inputs/predictions/6HR3_crystal_pocket/6HR3_crystal_pocket_model_0.cif,ok,rdkit_best_rms,0.09150280209338468,13.0,13.0,13.0,1.0,4JE|A|305,LIG1|4JE|1,
6HR3,4JE,boltz_cif,default,6HR3_default_model_0|idx_0,output/boltz_results_boltz_inputs/predictions/6HR3_default/6HR3_default_model_0.cif,ok,rdkit_best_rms,0.08206109577361403,13.0,13.0,13.0,1.0,4JE|A|305,LIG1|4JE|1,
6HR3,4JE,boltz_cif,diffdock_pocket,6HR3_diffdock_pocket_model_0|idx_0,output/boltz_results_boltz_inputs/predictions/6HR3_diffdock_pocket/6HR3_diffdock_pocket_model_0.cif,ok,rdkit_best_rms,0.07590815283978769,13.0,13.0,13.0,1.0,4JE|A|305,LIG1|4JE|1,
6HX5,GXE,diffdock_sdf,diffdock,rank1|idx_1,output/diffdock_workflow/poses/6HX5/complex_0/rank1.sdf,ok,atom_name,2.309930146035105,7.0,7.0,5.0,0.7142857142857143,GXE|A|302,SDF|LIG|1,No sub-structure match found between the reference and probe mol
6HX5,GXE,diffdock_sdf,diffdock,rank1_confidence0.58|idx_1,output/diffdock_workflow/poses/6HX5/complex_0/rank1_confidence0.58.sdf,ok,atom_name,2.309930146035105,7.0,7.0,5.0,0.7142857142857143,GXE|A|302,SDF|LIG|1,No sub-structure match found between the reference and probe mol
6HX5,GXE,diffdock_sdf,diffdock,rank2_confidence0.56|idx_2,output/diffdock_workflow/poses/6HX5/complex_0/rank2_confidence0.56.sdf,ok,atom_name,0.04626936776056591,7.0,7.0,5.0,0.7142857142857143,GXE|A|302,SDF|LIG|1,No sub-structure match found between the reference and probe mol
6HX5,GXE,diffdock_sdf,diffdock,rank3_confidence0.56|idx_3,output/diffdock_workflow/poses/6HX5/complex_0/rank3_confidence0.56.sdf,ok,atom_name,2.3220849826054395,7.0,7.0,5.0,0.7142857142857143,GXE|A|302,SDF|LIG|1,No sub-structure match found between the reference and probe mol
6HX5,GXE,diffdock_sdf,diffdock,rank4_confidence0.55|idx_4,output/diffdock_workflow/poses/6HX5/complex_0/rank4_confidence0.55.sdf,ok,atom_name,2.340317967533734,7.0,7.0,5.0,0.7142857142857143,GXE|A|302,SDF|LIG|1,No sub-structure match found between the reference and probe mol
6HX5,GXE,diffdock_complex_pdb,diffdock,6HX5_diffdock_complex,output/diffdock_workflow/complexes/6HX5_diffdock_complex.pdb,ok,rdkit_best_rms,0.0775057132790857,7.0,7.0,7.0,1.0,GXE|A|302,UNL|L|1,
6HX5,GXE,boltz_cif,crystal_pocket,6HX5_crystal_pocket_model_0|idx_0,output/boltz_results_boltz_inputs/predictions/6HX5_crystal_pocket/6HX5_crystal_pocket_model_0.cif,ok,rdkit_best_rms,0.0720937390084708,7.0,7.0,7.0,1.0,GXE|A|302,LIG1|GXE|1,
6HX5,GXE,boltz_cif,default,6HX5_default_model_0|idx_0,output/boltz_results_boltz_inputs/predictions/6HX5_default/6HX5_default_model_0.cif,ok,rdkit_best_rms,0.07331453281782223,7.0,7.0,7.0,1.0,GXE|A|302,LIG1|GXE|1,
6HX5,GXE,boltz_cif,diffdock_pocket,6HX5_diffdock_pocket_model_0|idx_0,output/boltz_results_boltz_inputs/predictions/6HX5_diffdock_pocket/6HX5_diffdock_pocket_model_0.cif,ok,rdkit_best_rms,0.0695148339482959,7.0,7.0,7.0,1.0,GXE|A|302,LIG1|GXE|1,
6HXD,6YP,diffdock_sdf,diffdock,rank1|idx_1,output/diffdock_workflow/poses/6HXD/complex_0/rank1.sdf,ok_low_coverage,atom_name,1.097049301901415,14.0,14.0,9.0,0.6428571428571429,6YP|A|305,SDF|LIG|1,No sub-structure match found between the reference and probe mol
6HXD,6YP,diffdock_sdf,diffdock,rank1_confidence0.81|idx_1,output/diffdock_workflow/poses/6HXD/complex_0/rank1_confidence0.81.sdf,ok_low_coverage,atom_name,1.097049301901415,14.0,14.0,9.0,0.6428571428571429,6YP|A|305,SDF|LIG|1,No sub-structure match found between the reference and probe mol
6HXD,6YP,diffdock_sdf,diffdock,rank2_confidence0.81|idx_2,output/diffdock_workflow/poses/6HXD/complex_0/rank2_confidence0.81.sdf,ok_low_coverage,atom_name,1.099258721443206,14.0,14.0,9.0,0.6428571428571429,6YP|A|305,SDF|LIG|1,No sub-structure match found between the reference and probe mol
6HXD,6YP,diffdock_sdf,diffdock,rank3_confidence0.80|idx_3,output/diffdock_workflow/poses/6HXD/complex_0/rank3_confidence0.80.sdf,ok_low_coverage,atom_name,1.6516852104506685,14.0,14.0,9.0,0.6428571428571429,6YP|A|305,SDF|LIG|1,No sub-structure match found between the reference and probe mol
6HXD,6YP,diffdock_sdf,diffdock,rank4_confidence0.80|idx_4,output/diffdock_workflow/poses/6HXD/complex_0/rank4_confidence0.80.sdf,ok_low_coverage,atom_name,1.095730010506565,14.0,14.0,9.0,0.6428571428571429,6YP|A|305,SDF|LIG|1,No sub-structure match found between the reference and probe mol
6HXD,6YP,diffdock_complex_pdb,diffdock,6HXD_diffdock_complex,output/diffdock_workflow/complexes/6HXD_diffdock_complex.pdb,ok,rdkit_best_rms,0.2477273392910915,14.0,14.0,14.0,1.0,6YP|A|305,UNL|L|1,
6HXD,6YP,boltz_cif,crystal_pocket,6HXD_crystal_pocket_model_0|idx_0,output/boltz_results_boltz_inputs/predictions/6HXD_crystal_pocket/6HXD_crystal_pocket_model_0.cif,ok,rdkit_best_rms,0.047160652623752554,14.0,14.0,14.0,1.0,6YP|A|305,LIG1|6YP|1,
6HXD,6YP,boltz_cif,default,6HXD_default_model_0|idx_0,output/boltz_results_boltz_inputs/predictions/6HXD_default/6HXD_default_model_0.cif,ok,rdkit_best_rms,0.06047081209771462,14.0,14.0,14.0,1.0,6YP|A|305,LIG1|6YP|1,
6HXD,6YP,boltz_cif,diffdock_pocket,6HXD_diffdock_pocket_model_0|idx_0,output/boltz_results_boltz_inputs/predictions/6HXD_diffdock_pocket/6HXD_diffdock_pocket_model_0.cif,ok,rdkit_best_rms,0.06836633801650763,14.0,14.0,14.0,1.0,6YP|A|305,LIG1|6YP|1,
6I1U,3W8,diffdock_sdf,diffdock,rank1|idx_1,output/diffdock_workflow/poses/6I1U/complex_0/rank1.sdf,ok,element_sorted_fallback,0.28463091699626036,13.0,13.0,13.0,1.0,3W8|A|307,SDF|LIG|1,No sub-structure match found between the reference and probe mol
6I1U,3W8,diffdock_sdf,diffdock,rank1_confidence0.79|idx_1,output/diffdock_workflow/poses/6I1U/complex_0/rank1_confidence0.79.sdf,ok,element_sorted_fallback,0.28463091699626036,13.0,13.0,13.0,1.0,3W8|A|307,SDF|LIG|1,No sub-structure match found between the reference and probe mol
6I1U,3W8,diffdock_sdf,diffdock,rank2_confidence0.78|idx_2,output/diffdock_workflow/poses/6I1U/complex_0/rank2_confidence0.78.sdf,ok,element_sorted_fallback,0.2133069360370543,13.0,13.0,13.0,1.0,3W8|A|307,SDF|LIG|1,No sub-structure match found between the reference and probe mol
6I1U,3W8,diffdock_sdf,diffdock,rank3_confidence0.78|idx_3,output/diffdock_workflow/poses/6I1U/complex_0/rank3_confidence0.78.sdf,ok,element_sorted_fallback,0.3431985266879724,13.0,13.0,13.0,1.0,3W8|A|307,SDF|LIG|1,No sub-structure match found between the reference and probe mol
6I1U,3W8,diffdock_sdf,diffdock,rank4_confidence0.77|idx_4,output/diffdock_workflow/poses/6I1U/complex_0/rank4_confidence0.77.sdf,ok,element_sorted_fallback,0.1756921391073302,13.0,13.0,13.0,1.0,3W8|A|307,SDF|LIG|1,No sub-structure match found between the reference and probe mol
6I1U,3W8,diffdock_complex_pdb,diffdock,6I1U_diffdock_complex,output/diffdock_workflow/complexes/6I1U_diffdock_complex.pdb,ok,rdkit_best_rms,0.1214511903929493,13.0,13.0,13.0,1.0,3W8|A|307,UNL|L|1,
6I1U,3W8,boltz_cif,crystal_pocket,6I1U_crystal_pocket_model_0|idx_0,output/boltz_results_boltz_inputs/predictions/6I1U_crystal_pocket/6I1U_crystal_pocket_model_0.cif,ok,rdkit_best_rms,0.17398283669889655,13.0,13.0,13.0,1.0,3W8|A|307,LIG1|3W8|1,
6I1U,3W8,boltz_cif,default,6I1U_default_model_0|idx_0,output/boltz_results_boltz_inputs/predictions/6I1U_default/6I1U_default_model_0.cif,ok,rdkit_best_rms,0.17677457437080626,13.0,13.0,13.0,1.0,3W8|A|307,LIG1|3W8|1,
6I1U,3W8,boltz_cif,diffdock_pocket,6I1U_diffdock_pocket_model_0|idx_0,output/boltz_results_boltz_inputs/predictions/6I1U_diffdock_pocket/6I1U_diffdock_pocket_model_0.cif,ok,rdkit_best_rms,0.22380499869005097,13.0,13.0,13.0,1.0,3W8|A|307,LIG1|3W8|1,
6I2F,3W6,diffdock_sdf,diffdock,rank1|idx_1,output/diffdock_workflow/poses/6I2F/complex_0/rank1.sdf,ok,element_sorted_fallback,0.2475212584721466,14.0,14.0,14.0,1.0,3W6|A|306,SDF|LIG|1,No sub-structure match found between the reference and probe mol
6I2F,3W6,diffdock_sdf,diffdock,rank1_confidence0.82|idx_1,output/diffdock_workflow/poses/6I2F/complex_0/rank1_confidence0.82.sdf,ok,element_sorted_fallback,0.2475212584721466,14.0,14.0,14.0,1.0,3W6|A|306,SDF|LIG|1,No sub-structure match found between the reference and probe mol
6I2F,3W6,diffdock_sdf,diffdock,rank2_confidence0.79|idx_2,output/diffdock_workflow/poses/6I2F/complex_0/rank2_confidence0.79.sdf,ok,element_sorted_fallback,0.2483736674631215,14.0,14.0,14.0,1.0,3W6|A|306,SDF|LIG|1,No sub-structure match found between the reference and probe mol
6I2F,3W6,diffdock_sdf,diffdock,rank3_confidence0.79|idx_3,output/diffdock_workflow/poses/6I2F/complex_0/rank3_confidence0.79.sdf,ok,element_sorted_fallback,0.28595765868078915,14.0,14.0,14.0,1.0,3W6|A|306,SDF|LIG|1,No sub-structure match found between the reference and probe mol
6I2F,3W6,diffdock_sdf,diffdock,rank4_confidence0.78|idx_4,output/diffdock_workflow/poses/6I2F/complex_0/rank4_confidence0.78.sdf,ok,element_sorted_fallback,0.3350441110931871,14.0,14.0,14.0,1.0,3W6|A|306,SDF|LIG|1,No sub-structure match found between the reference and probe mol
6I2F,3W6,diffdock_complex_pdb,diffdock,6I2F_diffdock_complex,output/diffdock_workflow/complexes/6I2F_diffdock_complex.pdb,ok,rdkit_best_rms,0.08881359054707247,14.0,14.0,14.0,1.0,3W6|A|306,UNL|L|1,
6I2F,3W6,boltz_cif,crystal_pocket,6I2F_crystal_pocket_model_0|idx_0,output/boltz_results_boltz_inputs/predictions/6I2F_crystal_pocket/6I2F_crystal_pocket_model_0.cif,ok,rdkit_best_rms,0.0881268475971004,14.0,14.0,14.0,1.0,3W6|A|306,LIG1|3W6|1,
6I2F,3W6,boltz_cif,default,6I2F_default_model_0|idx_0,output/boltz_results_boltz_inputs/predictions/6I2F_default/6I2F_default_model_0.cif,ok,rdkit_best_rms,0.09680994639152511,14.0,14.0,14.0,1.0,3W6|A|306,LIG1|3W6|1,
6I2F,3W6,boltz_cif,diffdock_pocket,6I2F_diffdock_pocket_model_0|idx_0,output/boltz_results_boltz_inputs/predictions/6I2F_diffdock_pocket/6I2F_diffdock_pocket_model_0.cif,ok,rdkit_best_rms,0.08340068180005618,14.0,14.0,14.0,1.0,3W6|A|306,LIG1|3W6|1,
6I3E,H1Z,diffdock_sdf,diffdock,rank1|idx_1,output/diffdock_workflow/poses/6I3E/complex_0/rank1.sdf,ok_low_coverage,atom_name,3.082859119751858,26.0,15.0,8.0,0.5333333333333333,H1Z|A|310,SDF|LIG|1,No sub-structure match found between the reference and probe mol
6I3E,H1Z,diffdock_sdf,diffdock,rank1_confidence0.94|idx_1,output/diffdock_workflow/poses/6I3E/complex_0/rank1_confidence0.94.sdf,ok_low_coverage,atom_name,3.082859119751858,26.0,15.0,8.0,0.5333333333333333,H1Z|A|310,SDF|LIG|1,No sub-structure match found between the reference and probe mol
6I3E,H1Z,diffdock_sdf,diffdock,rank2_confidence0.93|idx_2,output/diffdock_workflow/poses/6I3E/complex_0/rank2_confidence0.93.sdf,ok_low_coverage,atom_name,3.635327410207643,26.0,15.0,8.0,0.5333333333333333,H1Z|A|310,SDF|LIG|1,No sub-structure match found between the reference and probe mol
6I3E,H1Z,diffdock_sdf,diffdock,rank3_confidence0.92|idx_3,output/diffdock_workflow/poses/6I3E/complex_0/rank3_confidence0.92.sdf,ok_low_coverage,atom_name,2.935229184040945,26.0,15.0,8.0,0.5333333333333333,H1Z|A|310,SDF|LIG|1,No sub-structure match found between the reference and probe mol
6I3E,H1Z,diffdock_sdf,diffdock,rank4_confidence0.90|idx_4,output/diffdock_workflow/poses/6I3E/complex_0/rank4_confidence0.90.sdf,ok_low_coverage,atom_name,3.6916889863932947,26.0,15.0,8.0,0.5333333333333333,H1Z|A|310,SDF|LIG|1,No sub-structure match found between the reference and probe mol
6I3E,H1Z,diffdock_complex_pdb,diffdock,6I3E_diffdock_complex,output/diffdock_workflow/complexes/6I3E_diffdock_complex.pdb,ok,atom_name,4.184762264422748,26.0,15.0,11.0,0.7333333333333333,H1Z|A|310,UNL|L|1,No sub-structure match found between the reference and probe mol
6I3E,H1Z,boltz_cif,crystal_pocket,6I3E_crystal_pocket_model_0|idx_0,output/boltz_results_boltz_inputs/predictions/6I3E_crystal_pocket/6I3E_crystal_pocket_model_0.cif,failed,,,26.0,,,,H1Z|A|310,,No reliable mapping: atom names differ and atom count differs.
6I3E,H1Z,boltz_cif,default,6I3E_default_model_0|idx_0,output/boltz_results_boltz_inputs/predictions/6I3E_default/6I3E_default_model_0.cif,failed,,,26.0,,,,H1Z|A|310,,No reliable mapping: atom names differ and atom count differs.
6I3E,H1Z,boltz_cif,diffdock_pocket,6I3E_diffdock_pocket_model_0|idx_0,output/boltz_results_boltz_inputs/predictions/6I3E_diffdock_pocket/6I3E_diffdock_pocket_model_0.cif,failed,,,26.0,,,,H1Z|A|310,,No reliable mapping: atom names differ and atom count differs.
6LV1,BCT,diffdock_sdf,diffdock,rank1|idx_1,output/diffdock_workflow/poses/6LV1/complex_0/rank1.sdf,ok,rdkit_best_rms,0.06873235684511955,4.0,4.0,4.0,1.0,BCT|A|303,SDF|LIG|1,
6LV1,BCT,diffdock_sdf,diffdock,rank1_confidence0.80|idx_1,output/diffdock_workflow/poses/6LV1/complex_0/rank1_confidence0.80.sdf,ok,rdkit_best_rms,0.06873235684511955,4.0,4.0,4.0,1.0,BCT|A|303,SDF|LIG|1,
6LV1,BCT,diffdock_sdf,diffdock,rank2_confidence0.79|idx_2,output/diffdock_workflow/poses/6LV1/complex_0/rank2_confidence0.79.sdf,ok,rdkit_best_rms,0.068721634835953,4.0,4.0,4.0,1.0,BCT|A|303,SDF|LIG|1,
6LV1,BCT,diffdock_sdf,diffdock,rank3_confidence0.78|idx_3,output/diffdock_workflow/poses/6LV1/complex_0/rank3_confidence0.78.sdf,ok,rdkit_best_rms,0.06872893701661663,4.0,4.0,4.0,1.0,BCT|A|303,SDF|LIG|1,
6LV1,BCT,diffdock_sdf,diffdock,rank4_confidence0.78|idx_4,output/diffdock_workflow/poses/6LV1/complex_0/rank4_confidence0.78.sdf,ok,rdkit_best_rms,0.06872818332888178,4.0,4.0,4.0,1.0,BCT|A|303,SDF|LIG|1,
6LV1,BCT,diffdock_complex_pdb,diffdock,6LV1_diffdock_complex,output/diffdock_workflow/complexes/6LV1_diffdock_complex.pdb,ok,atom_name,1.560899037549678,4.0,4.0,3.0,0.75,BCT|A|303,UNL|L|1,No sub-structure match found between the reference and probe mol
6LV1,BCT,boltz_cif,crystal_pocket,6LV1_crystal_pocket_model_0|idx_0,output/boltz_results_boltz_inputs/predictions/6LV1_crystal_pocket/6LV1_crystal_pocket_model_0.cif,ok,rdkit_best_rms,0.0911461140099411,4.0,4.0,4.0,1.0,BCT|A|303,LIG1|BCT|1,
6LV1,BCT,boltz_cif,default,6LV1_default_model_0|idx_0,output/boltz_results_boltz_inputs/predictions/6LV1_default/6LV1_default_model_0.cif,ok,rdkit_best_rms,0.0858961984274088,4.0,4.0,4.0,1.0,BCT|A|303,LIG1|BCT|1,
6LV1,BCT,boltz_cif,diffdock_pocket,6LV1_diffdock_pocket_model_0|idx_0,output/boltz_results_boltz_inputs/predictions/6LV1_diffdock_pocket/6LV1_diffdock_pocket_model_0.cif,ok,rdkit_best_rms,0.09318838082285309,4.0,4.0,4.0,1.0,BCT|A|303,LIG1|BCT|1,
6LV2,BCT,diffdock_sdf,diffdock,rank1|idx_1,output/diffdock_workflow/poses/6LV2/complex_0/rank1.sdf,ok,rdkit_best_rms,0.07471019368365382,4.0,4.0,4.0,1.0,BCT|A|304,SDF|LIG|1,
6LV2,BCT,diffdock_sdf,diffdock,rank1_confidence0.80|idx_1,output/diffdock_workflow/poses/6LV2/complex_0/rank1_confidence0.80.sdf,ok,rdkit_best_rms,0.07471019368365382,4.0,4.0,4.0,1.0,BCT|A|304,SDF|LIG|1,
6LV2,BCT,diffdock_sdf,diffdock,rank2_confidence0.77|idx_2,output/diffdock_workflow/poses/6LV2/complex_0/rank2_confidence0.77.sdf,ok,rdkit_best_rms,0.07473030332044514,4.0,4.0,4.0,1.0,BCT|A|304,SDF|LIG|1,
6LV2,BCT,diffdock_sdf,diffdock,rank3_confidence0.74|idx_3,output/diffdock_workflow/poses/6LV2/complex_0/rank3_confidence0.74.sdf,ok,rdkit_best_rms,0.07470538407601797,4.0,4.0,4.0,1.0,BCT|A|304,SDF|LIG|1,
6LV2,BCT,diffdock_sdf,diffdock,rank4_confidence0.74|idx_4,output/diffdock_workflow/poses/6LV2/complex_0/rank4_confidence0.74.sdf,ok,rdkit_best_rms,0.07473237362367141,4.0,4.0,4.0,1.0,BCT|A|304,SDF|LIG|1,
6LV2,BCT,diffdock_complex_pdb,diffdock,6LV2_diffdock_complex,output/diffdock_workflow/complexes/6LV2_diffdock_complex.pdb,ok,atom_name,1.441095122930072,4.0,4.0,3.0,0.75,BCT|A|304,UNL|L|1,No sub-structure match found between the reference and probe mol
6LV2,BCT,boltz_cif,crystal_pocket,6LV2_crystal_pocket_model_0|idx_0,output/boltz_results_boltz_inputs/predictions/6LV2_crystal_pocket/6LV2_crystal_pocket_model_0.cif,ok,rdkit_best_rms,0.06252475616352902,4.0,4.0,4.0,1.0,BCT|A|304,LIG1|BCT|1,
6LV2,BCT,boltz_cif,default,6LV2_default_model_0|idx_0,output/boltz_results_boltz_inputs/predictions/6LV2_default/6LV2_default_model_0.cif,ok,rdkit_best_rms,0.057935457284845004,4.0,4.0,4.0,1.0,BCT|A|304,LIG1|BCT|1,
6LV2,BCT,boltz_cif,diffdock_pocket,6LV2_diffdock_pocket_model_0|idx_0,output/boltz_results_boltz_inputs/predictions/6LV2_diffdock_pocket/6LV2_diffdock_pocket_model_0.cif,ok,rdkit_best_rms,0.06191210190358162,4.0,4.0,4.0,1.0,BCT|A|304,LIG1|BCT|1,
6LV4,BCT,diffdock_sdf,diffdock,rank1|idx_1,output/diffdock_workflow/poses/6LV4/complex_0/rank1.sdf,ok,rdkit_best_rms,0.10691067353895384,4.0,4.0,4.0,1.0,BCT|A|304,SDF|LIG|1,
6LV4,BCT,diffdock_sdf,diffdock,rank1_confidence0.84|idx_1,output/diffdock_workflow/poses/6LV4/complex_0/rank1_confidence0.84.sdf,ok,rdkit_best_rms,0.10691067353895384,4.0,4.0,4.0,1.0,BCT|A|304,SDF|LIG|1,
6LV4,BCT,diffdock_sdf,diffdock,rank2_confidence0.82|idx_2,output/diffdock_workflow/poses/6LV4/complex_0/rank2_confidence0.82.sdf,ok,rdkit_best_rms,0.10691870223926635,4.0,4.0,4.0,1.0,BCT|A|304,SDF|LIG|1,
6LV4,BCT,diffdock_sdf,diffdock,rank3_confidence0.81|idx_3,output/diffdock_workflow/poses/6LV4/complex_0/rank3_confidence0.81.sdf,ok,rdkit_best_rms,0.10691007009161566,4.0,4.0,4.0,1.0,BCT|A|304,SDF|LIG|1,
6LV4,BCT,diffdock_sdf,diffdock,rank4_confidence0.79|idx_4,output/diffdock_workflow/poses/6LV4/complex_0/rank4_confidence0.79.sdf,ok,rdkit_best_rms,0.10691482755987096,4.0,4.0,4.0,1.0,BCT|A|304,SDF|LIG|1,
6LV4,BCT,diffdock_complex_pdb,diffdock,6LV4_diffdock_complex,output/diffdock_workflow/complexes/6LV4_diffdock_complex.pdb,ok,atom_name,1.3890445021142215,4.0,4.0,3.0,0.75,BCT|A|304,UNL|L|1,No sub-structure match found between the reference and probe mol
6LV4,BCT,boltz_cif,crystal_pocket,6LV4_crystal_pocket_model_0|idx_0,output/boltz_results_boltz_inputs/predictions/6LV4_crystal_pocket/6LV4_crystal_pocket_model_0.cif,ok,rdkit_best_rms,0.04844416396899552,4.0,4.0,4.0,1.0,BCT|A|304,LIG1|BCT|1,
6LV4,BCT,boltz_cif,default,6LV4_default_model_0|idx_0,output/boltz_results_boltz_inputs/predictions/6LV4_default/6LV4_default_model_0.cif,ok,rdkit_best_rms,0.04838247588308465,4.0,4.0,4.0,1.0,BCT|A|304,LIG1|BCT|1,
6LV4,BCT,boltz_cif,diffdock_pocket,6LV4_diffdock_pocket_model_0|idx_0,output/boltz_results_boltz_inputs/predictions/6LV4_diffdock_pocket/6LV4_diffdock_pocket_model_0.cif,ok,rdkit_best_rms,0.04704572295275586,4.0,4.0,4.0,1.0,BCT|A|304,LIG1|BCT|1,
6LV6,BCT,diffdock_sdf,diffdock,rank1|idx_1,output/diffdock_workflow/poses/6LV6/complex_0/rank1.sdf,ok,rdkit_best_rms,0.07190093467086461,4.0,4.0,4.0,1.0,BCT|A|305,SDF|LIG|1,
6LV6,BCT,diffdock_sdf,diffdock,rank1_confidence0.80|idx_1,output/diffdock_workflow/poses/6LV6/complex_0/rank1_confidence0.80.sdf,ok,rdkit_best_rms,0.07190093467086461,4.0,4.0,4.0,1.0,BCT|A|305,SDF|LIG|1,
6LV6,BCT,diffdock_sdf,diffdock,rank2_confidence0.76|idx_2,output/diffdock_workflow/poses/6LV6/complex_0/rank2_confidence0.76.sdf,ok,rdkit_best_rms,0.07191066686964402,4.0,4.0,4.0,1.0,BCT|A|305,SDF|LIG|1,
6LV6,BCT,diffdock_sdf,diffdock,rank3_confidence0.74|idx_3,output/diffdock_workflow/poses/6LV6/complex_0/rank3_confidence0.74.sdf,ok,rdkit_best_rms,0.07192421080708335,4.0,4.0,4.0,1.0,BCT|A|305,SDF|LIG|1,
6LV6,BCT,diffdock_sdf,diffdock,rank4_confidence0.72|idx_4,output/diffdock_workflow/poses/6LV6/complex_0/rank4_confidence0.72.sdf,ok,rdkit_best_rms,0.07189892147181147,4.0,4.0,4.0,1.0,BCT|A|305,SDF|LIG|1,
6LV6,BCT,diffdock_complex_pdb,diffdock,6LV6_diffdock_complex,output/diffdock_workflow/complexes/6LV6_diffdock_complex.pdb,ok,atom_name,1.1379862425211935,4.0,4.0,3.0,0.75,BCT|A|305,UNL|L|1,No sub-structure match found between the reference and probe mol
6LV6,BCT,boltz_cif,crystal_pocket,6LV6_crystal_pocket_model_0|idx_0,output/boltz_results_boltz_inputs/predictions/6LV6_crystal_pocket/6LV6_crystal_pocket_model_0.cif,ok,rdkit_best_rms,0.043473750458923,4.0,4.0,4.0,1.0,BCT|A|305,LIG1|BCT|1,
6LV6,BCT,boltz_cif,default,6LV6_default_model_0|idx_0,output/boltz_results_boltz_inputs/predictions/6LV6_default/6LV6_default_model_0.cif,ok,rdkit_best_rms,0.04216693580902297,4.0,4.0,4.0,1.0,BCT|A|305,LIG1|BCT|1,
6LV6,BCT,boltz_cif,diffdock_pocket,6LV6_diffdock_pocket_model_0|idx_0,output/boltz_results_boltz_inputs/predictions/6LV6_diffdock_pocket/6LV6_diffdock_pocket_model_0.cif,ok,rdkit_best_rms,0.03577339089172284,4.0,4.0,4.0,1.0,BCT|A|305,LIG1|BCT|1,
6LV8,BCT,diffdock_sdf,diffdock,rank1|idx_1,output/diffdock_workflow/poses/6LV8/complex_0/rank1.sdf,ok,rdkit_best_rms,0.07825033703331666,4.0,4.0,4.0,1.0,BCT|A|305,SDF|LIG|1,
6LV8,BCT,diffdock_sdf,diffdock,rank1_confidence0.80|idx_1,output/diffdock_workflow/poses/6LV8/complex_0/rank1_confidence0.80.sdf,ok,rdkit_best_rms,0.07825033703331666,4.0,4.0,4.0,1.0,BCT|A|305,SDF|LIG|1,
6LV8,BCT,diffdock_sdf,diffdock,rank2_confidence0.77|idx_2,output/diffdock_workflow/poses/6LV8/complex_0/rank2_confidence0.77.sdf,ok,rdkit_best_rms,0.07823826098630521,4.0,4.0,4.0,1.0,BCT|A|305,SDF|LIG|1,
6LV8,BCT,diffdock_sdf,diffdock,rank3_confidence0.74|idx_3,output/diffdock_workflow/poses/6LV8/complex_0/rank3_confidence0.74.sdf,ok,rdkit_best_rms,0.07823162375027073,4.0,4.0,4.0,1.0,BCT|A|305,SDF|LIG|1,
6LV8,BCT,diffdock_sdf,diffdock,rank4_confidence0.74|idx_4,output/diffdock_workflow/poses/6LV8/complex_0/rank4_confidence0.74.sdf,ok,rdkit_best_rms,0.07824690536797888,4.0,4.0,4.0,1.0,BCT|A|305,SDF|LIG|1,
6LV8,BCT,diffdock_complex_pdb,diffdock,6LV8_diffdock_complex,output/diffdock_workflow/complexes/6LV8_diffdock_complex.pdb,ok,atom_name,1.6590707780837384,4.0,4.0,3.0,0.75,BCT|A|305,UNL|L|1,No sub-structure match found between the reference and probe mol
6LV8,BCT,boltz_cif,crystal_pocket,6LV8_crystal_pocket_model_0|idx_0,output/boltz_results_boltz_inputs/predictions/6LV8_crystal_pocket/6LV8_crystal_pocket_model_0.cif,ok,rdkit_best_rms,0.05461811748468789,4.0,4.0,4.0,1.0,BCT|A|305,LIG1|BCT|1,
6LV8,BCT,boltz_cif,default,6LV8_default_model_0|idx_0,output/boltz_results_boltz_inputs/predictions/6LV8_default/6LV8_default_model_0.cif,ok,rdkit_best_rms,0.05649471173040941,4.0,4.0,4.0,1.0,BCT|A|305,LIG1|BCT|1,
6LV8,BCT,boltz_cif,diffdock_pocket,6LV8_diffdock_pocket_model_0|idx_0,output/boltz_results_boltz_inputs/predictions/6LV8_diffdock_pocket/6LV8_diffdock_pocket_model_0.cif,ok,rdkit_best_rms,0.050951454734645046,4.0,4.0,4.0,1.0,BCT|A|305,LIG1|BCT|1,
6ODZ,M8J,diffdock_sdf,diffdock,rank1|idx_1,output/diffdock_workflow/poses/6ODZ/complex_0/rank1.sdf,ok_low_coverage,atom_name,5.446658708425738,25.0,25.0,11.0,0.44,M8J|A|302,SDF|LIG|1,No sub-structure match found between the reference and probe mol
6ODZ,M8J,diffdock_sdf,diffdock,rank1_confidence0.49|idx_1,output/diffdock_workflow/poses/6ODZ/complex_0/rank1_confidence0.49.sdf,ok_low_coverage,atom_name,5.446658708425738,25.0,25.0,11.0,0.44,M8J|A|302,SDF|LIG|1,No sub-structure match found between the reference and probe mol
6ODZ,M8J,diffdock_sdf,diffdock,rank2_confidence0.44|idx_2,output/diffdock_workflow/poses/6ODZ/complex_0/rank2_confidence0.44.sdf,ok_low_coverage,atom_name,5.94462246718805,25.0,25.0,11.0,0.44,M8J|A|302,SDF|LIG|1,No sub-structure match found between the reference and probe mol
6ODZ,M8J,diffdock_sdf,diffdock,rank3_confidence0.44|idx_3,output/diffdock_workflow/poses/6ODZ/complex_0/rank3_confidence0.44.sdf,ok_low_coverage,atom_name,5.89941676148815,25.0,25.0,11.0,0.44,M8J|A|302,SDF|LIG|1,No sub-structure match found between the reference and probe mol
6ODZ,M8J,diffdock_sdf,diffdock,rank4_confidence0.31|idx_4,output/diffdock_workflow/poses/6ODZ/complex_0/rank4_confidence0.31.sdf,ok_low_coverage,atom_name,5.7703594966722465,25.0,25.0,11.0,0.44,M8J|A|302,SDF|LIG|1,No sub-structure match found between the reference and probe mol
6ODZ,M8J,diffdock_complex_pdb,diffdock,6ODZ_diffdock_complex,output/diffdock_workflow/complexes/6ODZ_diffdock_complex.pdb,ok,rdkit_best_rms,1.3558002460357321,25.0,25.0,25.0,1.0,M8J|A|302,UNL|L|1,
6ODZ,M8J,boltz_cif,crystal_pocket,6ODZ_crystal_pocket_model_0|idx_0,output/boltz_results_boltz_inputs/predictions/6ODZ_crystal_pocket/6ODZ_crystal_pocket_model_0.cif,ok,rdkit_best_rms,0.8365173922091477,25.0,25.0,25.0,1.0,M8J|A|302,LIG1|M8J|1,
6ODZ,M8J,boltz_cif,default,6ODZ_default_model_0|idx_0,output/boltz_results_boltz_inputs/predictions/6ODZ_default/6ODZ_default_model_0.cif,ok,rdkit_best_rms,0.2491591223192053,25.0,25.0,25.0,1.0,M8J|A|302,LIG1|M8J|1,
6ODZ,M8J,boltz_cif,diffdock_pocket,6ODZ_diffdock_pocket_model_0|idx_0,output/boltz_results_boltz_inputs/predictions/6ODZ_diffdock_pocket/6ODZ_diffdock_pocket_model_0.cif,ok,rdkit_best_rms,0.3024659608076008,25.0,25.0,25.0,1.0,M8J|A|302,LIG1|M8J|1,
6OE0,M8S,diffdock_sdf,diffdock,rank1|idx_1,output/diffdock_workflow/poses/6OE0/complex_0/rank1.sdf,ok_low_coverage,atom_name,7.45034104205671,27.0,27.0,14.0,0.5185185185185185,M8S|A|302,SDF|LIG|1,No sub-structure match found between the reference and probe mol
6OE0,M8S,diffdock_sdf,diffdock,rank1_confidence0.53|idx_1,output/diffdock_workflow/poses/6OE0/complex_0/rank1_confidence0.53.sdf,ok_low_coverage,atom_name,7.45034104205671,27.0,27.0,14.0,0.5185185185185185,M8S|A|302,SDF|LIG|1,No sub-structure match found between the reference and probe mol
6OE0,M8S,diffdock_sdf,diffdock,rank2_confidence0.52|idx_2,output/diffdock_workflow/poses/6OE0/complex_0/rank2_confidence0.52.sdf,ok_low_coverage,atom_name,7.588163907400069,27.0,27.0,14.0,0.5185185185185185,M8S|A|302,SDF|LIG|1,No sub-structure match found between the reference and probe mol
6OE0,M8S,diffdock_sdf,diffdock,rank3_confidence0.52|idx_3,output/diffdock_workflow/poses/6OE0/complex_0/rank3_confidence0.52.sdf,ok_low_coverage,atom_name,7.223649429483259,27.0,27.0,14.0,0.5185185185185185,M8S|A|302,SDF|LIG|1,No sub-structure match found between the reference and probe mol
6OE0,M8S,diffdock_sdf,diffdock,rank4_confidence0.44|idx_4,output/diffdock_workflow/poses/6OE0/complex_0/rank4_confidence0.44.sdf,ok_low_coverage,atom_name,7.583617617502734,27.0,27.0,14.0,0.5185185185185185,M8S|A|302,SDF|LIG|1,No sub-structure match found between the reference and probe mol
6OE0,M8S,diffdock_complex_pdb,diffdock,6OE0_diffdock_complex,output/diffdock_workflow/complexes/6OE0_diffdock_complex.pdb,ok,rdkit_best_rms,1.9017328992668672,27.0,27.0,27.0,1.0,M8S|A|302,UNL|L|1,
6OE0,M8S,boltz_cif,crystal_pocket,6OE0_crystal_pocket_model_0|idx_0,output/boltz_results_boltz_inputs/predictions/6OE0_crystal_pocket/6OE0_crystal_pocket_model_0.cif,ok,rdkit_best_rms,1.6259185784642112,27.0,27.0,27.0,1.0,M8S|A|302,LIG1|M8S|1,
6OE0,M8S,boltz_cif,default,6OE0_default_model_0|idx_0,output/boltz_results_boltz_inputs/predictions/6OE0_default/6OE0_default_model_0.cif,ok,rdkit_best_rms,1.567148812537386,27.0,27.0,27.0,1.0,M8S|A|302,LIG1|M8S|1,
6OE0,M8S,boltz_cif,diffdock_pocket,6OE0_diffdock_pocket_model_0|idx_0,output/boltz_results_boltz_inputs/predictions/6OE0_diffdock_pocket/6OE0_diffdock_pocket_model_0.cif,ok,rdkit_best_rms,1.5391453760207499,27.0,27.0,27.0,1.0,M8S|A|302,LIG1|M8S|1,
6OE1,SO4,reference,reference,,output/clean_pdb/6OE1_clean.pdb,reference_parse_failed,,,,,,,,,No ligand-like residues found.
6PDV,NO2,diffdock_sdf,diffdock,rank1|idx_1,output/diffdock_workflow/poses/6PDV/complex_0/rank1.sdf,ok,rdkit_best_rms,0.06655032488764114,3.0,3.0,3.0,1.0,NO2|A|304,SDF|LIG|1,
6PDV,NO2,diffdock_sdf,diffdock,rank1_confidence0.63|idx_1,output/diffdock_workflow/poses/6PDV/complex_0/rank1_confidence0.63.sdf,ok,rdkit_best_rms,0.06655032488764114,3.0,3.0,3.0,1.0,NO2|A|304,SDF|LIG|1,
6PDV,NO2,diffdock_sdf,diffdock,rank2_confidence0.55|idx_2,output/diffdock_workflow/poses/6PDV/complex_0/rank2_confidence0.55.sdf,ok,rdkit_best_rms,0.06654262856629584,3.0,3.0,3.0,1.0,NO2|A|304,SDF|LIG|1,
6PDV,NO2,diffdock_sdf,diffdock,rank3_confidence0.52|idx_3,output/diffdock_workflow/poses/6PDV/complex_0/rank3_confidence0.52.sdf,ok,rdkit_best_rms,0.06653120277943629,3.0,3.0,3.0,1.0,NO2|A|304,SDF|LIG|1,
6PDV,NO2,diffdock_sdf,diffdock,rank4_confidence0.50|idx_4,output/diffdock_workflow/poses/6PDV/complex_0/rank4_confidence0.50.sdf,ok,rdkit_best_rms,0.06656178380185254,3.0,3.0,3.0,1.0,NO2|A|304,SDF|LIG|1,
6PDV,NO2,diffdock_complex_pdb,diffdock,6PDV_diffdock_complex,output/diffdock_workflow/complexes/6PDV_diffdock_complex.pdb,ok,element_sorted_fallback,0.8892816989926969,3.0,3.0,3.0,1.0,NO2|A|304,UNL|L|1,No sub-structure match found between the reference and probe mol
6PDV,NO2,boltz_cif,crystal_pocket,6PDV_crystal_pocket_model_0|idx_0,output/boltz_results_boltz_inputs/predictions/6PDV_crystal_pocket/6PDV_crystal_pocket_model_0.cif,ok,rdkit_best_rms,0.06949741670055383,3.0,3.0,3.0,1.0,NO2|A|304,LIG1|NO2|1,
6PDV,NO2,boltz_cif,default,6PDV_default_model_0|idx_0,output/boltz_results_boltz_inputs/predictions/6PDV_default/6PDV_default_model_0.cif,ok,rdkit_best_rms,0.07736139522985289,3.0,3.0,3.0,1.0,NO2|A|304,LIG1|NO2|1,
6PDV,NO2,boltz_cif,diffdock_pocket,6PDV_diffdock_pocket_model_0|idx_0,output/boltz_results_boltz_inputs/predictions/6PDV_diffdock_pocket/6PDV_diffdock_pocket_model_0.cif,ok,rdkit_best_rms,0.0727312185604976,3.0,3.0,3.0,1.0,NO2|A|304,LIG1|NO2|1,
6PGX,OJ4,diffdock_sdf,diffdock,rank1|idx_1,output/diffdock_workflow/poses/6PGX/complex_0/rank1.sdf,ok_low_coverage,atom_name,5.914936052013447,31.0,31.0,12.0,0.3870967741935484,OJ4|A|304,SDF|LIG|1,No sub-structure match found between the reference and probe mol
6PGX,OJ4,diffdock_sdf,diffdock,rank1_confidence-0.60|idx_1,output/diffdock_workflow/poses/6PGX/complex_0/rank1_confidence-0.60.sdf,ok_low_coverage,atom_name,5.914936052013447,31.0,31.0,12.0,0.3870967741935484,OJ4|A|304,SDF|LIG|1,No sub-structure match found between the reference and probe mol
6PGX,OJ4,diffdock_sdf,diffdock,rank2_confidence-0.60|idx_2,output/diffdock_workflow/poses/6PGX/complex_0/rank2_confidence-0.60.sdf,ok_low_coverage,atom_name,6.075031075817338,31.0,31.0,12.0,0.3870967741935484,OJ4|A|304,SDF|LIG|1,No sub-structure match found between the reference and probe mol
6PGX,OJ4,diffdock_sdf,diffdock,rank3_confidence-0.95|idx_3,output/diffdock_workflow/poses/6PGX/complex_0/rank3_confidence-0.95.sdf,ok_low_coverage,atom_name,6.207349973063352,31.0,31.0,12.0,0.3870967741935484,OJ4|A|304,SDF|LIG|1,No sub-structure match found between the reference and probe mol
6PGX,OJ4,diffdock_sdf,diffdock,rank4_confidence-0.95|idx_4,output/diffdock_workflow/poses/6PGX/complex_0/rank4_confidence-0.95.sdf,ok_low_coverage,atom_name,8.478758479154223,31.0,31.0,12.0,0.3870967741935484,OJ4|A|304,SDF|LIG|1,No sub-structure match found between the reference and probe mol
6PGX,OJ4,diffdock_complex_pdb,diffdock,6PGX_diffdock_complex,output/diffdock_workflow/complexes/6PGX_diffdock_complex.pdb,ok,rdkit_best_rms,2.005480618417675,31.0,31.0,31.0,1.0,OJ4|A|304,UNL|L|1,
6PGX,OJ4,boltz_cif,crystal_pocket,6PGX_crystal_pocket_model_0|idx_0,output/boltz_results_boltz_inputs/predictions/6PGX_crystal_pocket/6PGX_crystal_pocket_model_0.cif,ok,rdkit_best_rms,1.7908218483851293,31.0,31.0,31.0,1.0,OJ4|A|304,LIG1|OJ4|1,
6PGX,OJ4,boltz_cif,default,6PGX_default_model_0|idx_0,output/boltz_results_boltz_inputs/predictions/6PGX_default/6PGX_default_model_0.cif,ok,rdkit_best_rms,1.6951337083722924,31.0,31.0,31.0,1.0,OJ4|A|304,LIG1|OJ4|1,
6PGX,OJ4,boltz_cif,diffdock_pocket,6PGX_diffdock_pocket_model_0|idx_0,output/boltz_results_boltz_inputs/predictions/6PGX_diffdock_pocket/6PGX_diffdock_pocket_model_0.cif,ok,rdkit_best_rms,1.6700142764034573,31.0,31.0,31.0,1.0,OJ4|A|304,LIG1|OJ4|1,
6R6F,EA3,diffdock_sdf,diffdock,rank1|idx_1,output/diffdock_workflow/poses/6R6F/complex_0/rank1.sdf,ok_low_coverage,atom_name,1.6571873266861838,24.0,24.0,7.0,0.2916666666666667,EA3|A|302,SDF|LIG|1,No sub-structure match found between the reference and probe mol
6R6F,EA3,diffdock_sdf,diffdock,rank1_confidence0.39|idx_1,output/diffdock_workflow/poses/6R6F/complex_0/rank1_confidence0.39.sdf,ok_low_coverage,atom_name,1.6571873266861838,24.0,24.0,7.0,0.2916666666666667,EA3|A|302,SDF|LIG|1,No sub-structure match found between the reference and probe mol
6R6F,EA3,diffdock_sdf,diffdock,rank2_confidence0.21|idx_2,output/diffdock_workflow/poses/6R6F/complex_0/rank2_confidence0.21.sdf,ok_low_coverage,atom_name,1.8675936025884197,24.0,24.0,7.0,0.2916666666666667,EA3|A|302,SDF|LIG|1,No sub-structure match found between the reference and probe mol
6R6F,EA3,diffdock_sdf,diffdock,rank3_confidence0.20|idx_3,output/diffdock_workflow/poses/6R6F/complex_0/rank3_confidence0.20.sdf,ok_low_coverage,atom_name,1.6562176002949107,24.0,24.0,7.0,0.2916666666666667,EA3|A|302,SDF|LIG|1,No sub-structure match found between the reference and probe mol
6R6F,EA3,diffdock_sdf,diffdock,rank4_confidence0.19|idx_4,output/diffdock_workflow/poses/6R6F/complex_0/rank4_confidence0.19.sdf,ok_low_coverage,atom_name,1.658624566018177,24.0,24.0,7.0,0.2916666666666667,EA3|A|302,SDF|LIG|1,No sub-structure match found between the reference and probe mol
6R6F,EA3,diffdock_complex_pdb,diffdock,6R6F_diffdock_complex,output/diffdock_workflow/complexes/6R6F_diffdock_complex.pdb,ok,rdkit_best_rms,0.5416411979337521,24.0,24.0,24.0,1.0,EA3|A|302,UNL|L|1,
6R6F,EA3,boltz_cif,crystal_pocket,6R6F_crystal_pocket_model_0|idx_0,output/boltz_results_boltz_inputs/predictions/6R6F_crystal_pocket/6R6F_crystal_pocket_model_0.cif,ok,rdkit_best_rms,1.3397166411524464,24.0,24.0,24.0,1.0,EA3|A|302,LIG1|EA3|1,
6R6F,EA3,boltz_cif,default,6R6F_default_model_0|idx_0,output/boltz_results_boltz_inputs/predictions/6R6F_default/6R6F_default_model_0.cif,ok,rdkit_best_rms,1.277744960456856,24.0,24.0,24.0,1.0,EA3|A|302,LIG1|EA3|1,
6R6F,EA3,boltz_cif,diffdock_pocket,6R6F_diffdock_pocket_model_0|idx_0,output/boltz_results_boltz_inputs/predictions/6R6F_diffdock_pocket/6R6F_diffdock_pocket_model_0.cif,ok,rdkit_best_rms,1.219899375904992,24.0,24.0,24.0,1.0,EA3|A|302,LIG1|EA3|1,
6R6J,JTW,diffdock_sdf,diffdock,rank1|idx_1,output/diffdock_workflow/poses/6R6J/complex_0/rank1.sdf,ok_low_coverage,atom_name,1.9754118575024546,52.0,26.0,7.0,0.2692307692307692,JTW|A|304,SDF|LIG|1,No sub-structure match found between the reference and probe mol
6R6J,JTW,diffdock_sdf,diffdock,rank1_confidence0.30|idx_1,output/diffdock_workflow/poses/6R6J/complex_0/rank1_confidence0.30.sdf,ok_low_coverage,atom_name,1.9754118575024546,52.0,26.0,7.0,0.2692307692307692,JTW|A|304,SDF|LIG|1,No sub-structure match found between the reference and probe mol
6R6J,JTW,diffdock_sdf,diffdock,rank2_confidence0.14|idx_2,output/diffdock_workflow/poses/6R6J/complex_0/rank2_confidence0.14.sdf,ok_low_coverage,atom_name,1.3961733498864104,52.0,26.0,7.0,0.2692307692307692,JTW|A|304,SDF|LIG|1,No sub-structure match found between the reference and probe mol
6R6J,JTW,diffdock_sdf,diffdock,rank3_confidence0.12|idx_3,output/diffdock_workflow/poses/6R6J/complex_0/rank3_confidence0.12.sdf,ok_low_coverage,atom_name,1.6866582464368556,52.0,26.0,7.0,0.2692307692307692,JTW|A|304,SDF|LIG|1,No sub-structure match found between the reference and probe mol
6R6J,JTW,diffdock_sdf,diffdock,rank4_confidence0.11|idx_4,output/diffdock_workflow/poses/6R6J/complex_0/rank4_confidence0.11.sdf,ok_low_coverage,atom_name,1.4195435956653377,52.0,26.0,7.0,0.2692307692307692,JTW|A|304,SDF|LIG|1,No sub-structure match found between the reference and probe mol
6R6J,JTW,diffdock_complex_pdb,diffdock,6R6J_diffdock_complex,output/diffdock_workflow/complexes/6R6J_diffdock_complex.pdb,ok,rdkit_best_rms,1.6351087267181899,52.0,26.0,26.0,1.0,JTW|A|304,UNL|L|1,
6R6J,JTW,boltz_cif,crystal_pocket,6R6J_crystal_pocket_model_0|idx_0,output/boltz_results_boltz_inputs/predictions/6R6J_crystal_pocket/6R6J_crystal_pocket_model_0.cif,ok,rdkit_best_rms,1.3752590881738644,52.0,26.0,26.0,1.0,JTW|A|304,LIG1|JTW|1,
6R6J,JTW,boltz_cif,default,6R6J_default_model_0|idx_0,output/boltz_results_boltz_inputs/predictions/6R6J_default/6R6J_default_model_0.cif,ok,rdkit_best_rms,1.428935019605812,52.0,26.0,26.0,1.0,JTW|A|304,LIG1|JTW|1,
6R6J,JTW,boltz_cif,diffdock_pocket,6R6J_diffdock_pocket_model_0|idx_0,output/boltz_results_boltz_inputs/predictions/6R6J_diffdock_pocket/6R6J_diffdock_pocket_model_0.cif,ok,rdkit_best_rms,1.3792161967035435,52.0,26.0,26.0,1.0,JTW|A|304,LIG1|JTW|1,
6RFH,4SO,diffdock_sdf,diffdock,rank1|idx_1,output/diffdock_workflow/poses/6RFH/complex_0/rank1.sdf,ok,element_sorted_fallback,0.40204603813497625,13.0,13.0,13.0,1.0,4SO|A|305,SDF|LIG|1,No sub-structure match found between the reference and probe mol
6RFH,4SO,diffdock_sdf,diffdock,rank1_confidence0.45|idx_1,output/diffdock_workflow/poses/6RFH/complex_0/rank1_confidence0.45.sdf,ok,element_sorted_fallback,0.40204603813497625,13.0,13.0,13.0,1.0,4SO|A|305,SDF|LIG|1,No sub-structure match found between the reference and probe mol
6RFH,4SO,diffdock_sdf,diffdock,rank2_confidence0.42|idx_2,output/diffdock_workflow/poses/6RFH/complex_0/rank2_confidence0.42.sdf,ok,element_sorted_fallback,0.408153689042547,13.0,13.0,13.0,1.0,4SO|A|305,SDF|LIG|1,No sub-structure match found between the reference and probe mol
6RFH,4SO,diffdock_sdf,diffdock,rank3_confidence0.42|idx_3,output/diffdock_workflow/poses/6RFH/complex_0/rank3_confidence0.42.sdf,ok,element_sorted_fallback,0.40736128076175854,13.0,13.0,13.0,1.0,4SO|A|305,SDF|LIG|1,No sub-structure match found between the reference and probe mol
6RFH,4SO,diffdock_sdf,diffdock,rank4_confidence0.41|idx_4,output/diffdock_workflow/poses/6RFH/complex_0/rank4_confidence0.41.sdf,ok,element_sorted_fallback,0.46963099815271264,13.0,13.0,13.0,1.0,4SO|A|305,SDF|LIG|1,No sub-structure match found between the reference and probe mol
6RFH,4SO,diffdock_complex_pdb,diffdock,6RFH_diffdock_complex,output/diffdock_workflow/complexes/6RFH_diffdock_complex.pdb,ok,rdkit_best_rms,0.08832476141864358,13.0,13.0,13.0,1.0,4SO|A|305,UNL|L|1,
6RFH,4SO,boltz_cif,crystal_pocket,6RFH_crystal_pocket_model_0|idx_0,output/boltz_results_boltz_inputs/predictions/6RFH_crystal_pocket/6RFH_crystal_pocket_model_0.cif,ok,rdkit_best_rms,0.1380929250763972,13.0,13.0,13.0,1.0,4SO|A|305,LIG1|4SO|1,
6RFH,4SO,boltz_cif,default,6RFH_default_model_0|idx_0,output/boltz_results_boltz_inputs/predictions/6RFH_default/6RFH_default_model_0.cif,ok,rdkit_best_rms,0.15372449952215184,13.0,13.0,13.0,1.0,4SO|A|305,LIG1|4SO|1,
6RFH,4SO,boltz_cif,diffdock_pocket,6RFH_diffdock_pocket_model_0|idx_0,output/boltz_results_boltz_inputs/predictions/6RFH_diffdock_pocket/6RFH_diffdock_pocket_model_0.cif,ok,rdkit_best_rms,0.1415769957824452,13.0,13.0,13.0,1.0,4SO|A|305,LIG1|4SO|1,
6RG3,K1W,diffdock_sdf,diffdock,rank1|idx_1,output/diffdock_workflow/poses/6RG3/complex_0/rank1.sdf,ok_low_coverage,atom_name,3.1849654462148957,25.0,25.0,14.0,0.56,K1W|A|303,SDF|LIG|1,No sub-structure match found between the reference and probe mol
6RG3,K1W,diffdock_sdf,diffdock,rank1_confidence0.29|idx_1,output/diffdock_workflow/poses/6RG3/complex_0/rank1_confidence0.29.sdf,ok_low_coverage,atom_name,3.1849654462148957,25.0,25.0,14.0,0.56,K1W|A|303,SDF|LIG|1,No sub-structure match found between the reference and probe mol
6RG3,K1W,diffdock_sdf,diffdock,rank2_confidence0.23|idx_2,output/diffdock_workflow/poses/6RG3/complex_0/rank2_confidence0.23.sdf,ok_low_coverage,atom_name,3.119212316082853,25.0,25.0,14.0,0.56,K1W|A|303,SDF|LIG|1,No sub-structure match found between the reference and probe mol
6RG3,K1W,diffdock_sdf,diffdock,rank3_confidence0.13|idx_3,output/diffdock_workflow/poses/6RG3/complex_0/rank3_confidence0.13.sdf,ok_low_coverage,atom_name,3.167049457591979,25.0,25.0,14.0,0.56,K1W|A|303,SDF|LIG|1,No sub-structure match found between the reference and probe mol
6RG3,K1W,diffdock_sdf,diffdock,rank4_confidence0.12|idx_4,output/diffdock_workflow/poses/6RG3/complex_0/rank4_confidence0.12.sdf,ok_low_coverage,atom_name,3.101382921701625,25.0,25.0,14.0,0.56,K1W|A|303,SDF|LIG|1,No sub-structure match found between the reference and probe mol
6RG3,K1W,diffdock_complex_pdb,diffdock,6RG3_diffdock_complex,output/diffdock_workflow/complexes/6RG3_diffdock_complex.pdb,ok,rdkit_best_rms,1.8653231155430756,25.0,25.0,25.0,1.0,K1W|A|303,UNL|L|1,
6RG3,K1W,boltz_cif,crystal_pocket,6RG3_crystal_pocket_model_0|idx_0,output/boltz_results_boltz_inputs/predictions/6RG3_crystal_pocket/6RG3_crystal_pocket_model_0.cif,ok,rdkit_best_rms,1.7744340784046284,25.0,25.0,25.0,1.0,K1W|A|303,LIG1|K1W|1,
6RG3,K1W,boltz_cif,default,6RG3_default_model_0|idx_0,output/boltz_results_boltz_inputs/predictions/6RG3_default/6RG3_default_model_0.cif,ok,rdkit_best_rms,1.8528066330189195,25.0,25.0,25.0,1.0,K1W|A|303,LIG1|K1W|1,
6RG3,K1W,boltz_cif,diffdock_pocket,6RG3_diffdock_pocket_model_0|idx_0,output/boltz_results_boltz_inputs/predictions/6RG3_diffdock_pocket/6RG3_diffdock_pocket_model_0.cif,ok,rdkit_best_rms,1.8652421774701151,25.0,25.0,25.0,1.0,K1W|A|303,LIG1|K1W|1,
6RG4,K45,diffdock_sdf,diffdock,rank1|idx_1,output/diffdock_workflow/poses/6RG4/complex_0/rank1.sdf,ok_low_coverage,atom_name,4.885284547124964,26.0,26.0,16.0,0.6153846153846154,K45|A|304,SDF|LIG|1,No sub-structure match found between the reference and probe mol
6RG4,K45,diffdock_sdf,diffdock,rank1_confidence0.35|idx_1,output/diffdock_workflow/poses/6RG4/complex_0/rank1_confidence0.35.sdf,ok_low_coverage,atom_name,4.885284547124964,26.0,26.0,16.0,0.6153846153846154,K45|A|304,SDF|LIG|1,No sub-structure match found between the reference and probe mol
6RG4,K45,diffdock_sdf,diffdock,rank2_confidence0.31|idx_2,output/diffdock_workflow/poses/6RG4/complex_0/rank2_confidence0.31.sdf,ok_low_coverage,atom_name,4.8659011158445455,26.0,26.0,16.0,0.6153846153846154,K45|A|304,SDF|LIG|1,No sub-structure match found between the reference and probe mol
6RG4,K45,diffdock_sdf,diffdock,rank3_confidence0.30|idx_3,output/diffdock_workflow/poses/6RG4/complex_0/rank3_confidence0.30.sdf,ok_low_coverage,atom_name,5.148439166078142,26.0,26.0,16.0,0.6153846153846154,K45|A|304,SDF|LIG|1,No sub-structure match found between the reference and probe mol
6RG4,K45,diffdock_sdf,diffdock,rank4_confidence0.29|idx_4,output/diffdock_workflow/poses/6RG4/complex_0/rank4_confidence0.29.sdf,ok_low_coverage,atom_name,4.693317590480083,26.0,26.0,16.0,0.6153846153846154,K45|A|304,SDF|LIG|1,No sub-structure match found between the reference and probe mol
6RG4,K45,diffdock_complex_pdb,diffdock,6RG4_diffdock_complex,output/diffdock_workflow/complexes/6RG4_diffdock_complex.pdb,ok,rdkit_best_rms,1.5224155468615521,26.0,26.0,26.0,1.0,K45|A|304,UNL|L|1,
6RG4,K45,boltz_cif,crystal_pocket,6RG4_crystal_pocket_model_0|idx_0,output/boltz_results_boltz_inputs/predictions/6RG4_crystal_pocket/6RG4_crystal_pocket_model_0.cif,ok,rdkit_best_rms,1.4205768649884616,26.0,26.0,26.0,1.0,K45|A|304,LIG1|K45|1,
6RG4,K45,boltz_cif,default,6RG4_default_model_0|idx_0,output/boltz_results_boltz_inputs/predictions/6RG4_default/6RG4_default_model_0.cif,ok,rdkit_best_rms,1.472108339207602,26.0,26.0,26.0,1.0,K45|A|304,LIG1|K45|1,
6RG4,K45,boltz_cif,diffdock_pocket,6RG4_diffdock_pocket_model_0|idx_0,output/boltz_results_boltz_inputs/predictions/6RG4_diffdock_pocket/6RG4_diffdock_pocket_model_0.cif,ok,rdkit_best_rms,1.3517698630744819,26.0,26.0,26.0,1.0,K45|A|304,LIG1|K45|1,
6RG5,S2O,diffdock_sdf,diffdock,rank1|idx_1,output/diffdock_workflow/poses/6RG5/complex_0/rank1.sdf,ok_low_coverage,atom_name,1.6896885137799345,13.0,13.0,7.0,0.5384615384615384,S2O|A|304,SDF|LIG|1,No sub-structure match found between the reference and probe mol
6RG5,S2O,diffdock_sdf,diffdock,rank1_confidence0.68|idx_1,output/diffdock_workflow/poses/6RG5/complex_0/rank1_confidence0.68.sdf,ok_low_coverage,atom_name,1.6896885137799345,13.0,13.0,7.0,0.5384615384615384,S2O|A|304,SDF|LIG|1,No sub-structure match found between the reference and probe mol
6RG5,S2O,diffdock_sdf,diffdock,rank2_confidence0.67|idx_2,output/diffdock_workflow/poses/6RG5/complex_0/rank2_confidence0.67.sdf,ok_low_coverage,atom_name,1.740981703508938,13.0,13.0,7.0,0.5384615384615384,S2O|A|304,SDF|LIG|1,No sub-structure match found between the reference and probe mol
6RG5,S2O,diffdock_sdf,diffdock,rank3_confidence0.67|idx_3,output/diffdock_workflow/poses/6RG5/complex_0/rank3_confidence0.67.sdf,ok_low_coverage,atom_name,1.221578185699548,13.0,13.0,7.0,0.5384615384615384,S2O|A|304,SDF|LIG|1,No sub-structure match found between the reference and probe mol
6RG5,S2O,diffdock_sdf,diffdock,rank4_confidence0.65|idx_4,output/diffdock_workflow/poses/6RG5/complex_0/rank4_confidence0.65.sdf,ok_low_coverage,atom_name,1.759049395186598,13.0,13.0,7.0,0.5384615384615384,S2O|A|304,SDF|LIG|1,No sub-structure match found between the reference and probe mol
6RG5,S2O,diffdock_complex_pdb,diffdock,6RG5_diffdock_complex,output/diffdock_workflow/complexes/6RG5_diffdock_complex.pdb,ok,rdkit_best_rms,0.8695837950312032,13.0,13.0,13.0,1.0,S2O|A|304,UNL|L|1,
6RG5,S2O,boltz_cif,crystal_pocket,6RG5_crystal_pocket_model_0|idx_0,output/boltz_results_boltz_inputs/predictions/6RG5_crystal_pocket/6RG5_crystal_pocket_model_0.cif,ok,rdkit_best_rms,0.9566846350169154,13.0,13.0,13.0,1.0,S2O|A|304,LIG1|S2O|1,
6RG5,S2O,boltz_cif,default,6RG5_default_model_0|idx_0,output/boltz_results_boltz_inputs/predictions/6RG5_default/6RG5_default_model_0.cif,ok,rdkit_best_rms,0.9578933595781985,13.0,13.0,13.0,1.0,S2O|A|304,LIG1|S2O|1,
6RG5,S2O,boltz_cif,diffdock_pocket,6RG5_diffdock_pocket_model_0|idx_0,output/boltz_results_boltz_inputs/predictions/6RG5_diffdock_pocket/6RG5_diffdock_pocket_model_0.cif,ok,rdkit_best_rms,0.9468358153212044,13.0,13.0,13.0,1.0,S2O|A|304,LIG1|S2O|1,
6RH4,4NZ,diffdock_sdf,diffdock,rank1|idx_1,output/diffdock_workflow/poses/6RH4/complex_0/rank1.sdf,ok_low_coverage,atom_name,2.3410236017445984,13.0,13.0,8.0,0.6153846153846154,4NZ|A|307,SDF|LIG|1,No sub-structure match found between the reference and probe mol
6RH4,4NZ,diffdock_sdf,diffdock,rank1_confidence0.72|idx_1,output/diffdock_workflow/poses/6RH4/complex_0/rank1_confidence0.72.sdf,ok_low_coverage,atom_name,2.3410236017445984,13.0,13.0,8.0,0.6153846153846154,4NZ|A|307,SDF|LIG|1,No sub-structure match found between the reference and probe mol
6RH4,4NZ,diffdock_sdf,diffdock,rank2_confidence0.70|idx_2,output/diffdock_workflow/poses/6RH4/complex_0/rank2_confidence0.70.sdf,ok_low_coverage,atom_name,2.2638567974596,13.0,13.0,8.0,0.6153846153846154,4NZ|A|307,SDF|LIG|1,No sub-structure match found between the reference and probe mol
6RH4,4NZ,diffdock_sdf,diffdock,rank3_confidence0.70|idx_3,output/diffdock_workflow/poses/6RH4/complex_0/rank3_confidence0.70.sdf,ok_low_coverage,atom_name,2.407449797908011,13.0,13.0,8.0,0.6153846153846154,4NZ|A|307,SDF|LIG|1,No sub-structure match found between the reference and probe mol
6RH4,4NZ,diffdock_sdf,diffdock,rank4_confidence0.68|idx_4,output/diffdock_workflow/poses/6RH4/complex_0/rank4_confidence0.68.sdf,ok_low_coverage,atom_name,2.278774381912908,13.0,13.0,8.0,0.6153846153846154,4NZ|A|307,SDF|LIG|1,No sub-structure match found between the reference and probe mol
6RH4,4NZ,diffdock_complex_pdb,diffdock,6RH4_diffdock_complex,output/diffdock_workflow/complexes/6RH4_diffdock_complex.pdb,ok_low_coverage,atom_name,2.5378551552789856,13.0,13.0,9.0,0.6923076923076923,4NZ|A|307,UNL|L|1,No sub-structure match found between the reference and probe mol
6RH4,4NZ,boltz_cif,crystal_pocket,6RH4_crystal_pocket_model_0|idx_0,output/boltz_results_boltz_inputs/predictions/6RH4_crystal_pocket/6RH4_crystal_pocket_model_0.cif,ok,rdkit_best_rms,0.35352296389802695,13.0,13.0,13.0,1.0,4NZ|A|307,LIG1|4NZ|1,
6RH4,4NZ,boltz_cif,default,6RH4_default_model_0|idx_0,output/boltz_results_boltz_inputs/predictions/6RH4_default/6RH4_default_model_0.cif,ok,rdkit_best_rms,0.3752485017916816,13.0,13.0,13.0,1.0,4NZ|A|307,LIG1|4NZ|1,
6RH4,4NZ,boltz_cif,diffdock_pocket,6RH4_diffdock_pocket_model_0|idx_0,output/boltz_results_boltz_inputs/predictions/6RH4_diffdock_pocket/6RH4_diffdock_pocket_model_0.cif,ok,rdkit_best_rms,0.36724067586349907,13.0,13.0,13.0,1.0,4NZ|A|307,LIG1|4NZ|1,
6RIG,K4N,diffdock_sdf,diffdock,rank1|idx_1,output/diffdock_workflow/poses/6RIG/complex_0/rank1.sdf,ok_low_coverage,atom_name,2.2376522451618337,11.0,11.0,5.0,0.45454545454545453,K4N|A|307,SDF|LIG|1,No sub-structure match found between the reference and probe mol
6RIG,K4N,diffdock_sdf,diffdock,rank1_confidence0.79|idx_1,output/diffdock_workflow/poses/6RIG/complex_0/rank1_confidence0.79.sdf,ok_low_coverage,atom_name,2.2376522451618337,11.0,11.0,5.0,0.45454545454545453,K4N|A|307,SDF|LIG|1,No sub-structure match found between the reference and probe mol
6RIG,K4N,diffdock_sdf,diffdock,rank2_confidence0.76|idx_2,output/diffdock_workflow/poses/6RIG/complex_0/rank2_confidence0.76.sdf,ok_low_coverage,atom_name,0.9517410706078883,11.0,11.0,5.0,0.45454545454545453,K4N|A|307,SDF|LIG|1,No sub-structure match found between the reference and probe mol
6RIG,K4N,diffdock_sdf,diffdock,rank3_confidence0.74|idx_3,output/diffdock_workflow/poses/6RIG/complex_0/rank3_confidence0.74.sdf,ok_low_coverage,atom_name,2.2248123884939313,11.0,11.0,5.0,0.45454545454545453,K4N|A|307,SDF|LIG|1,No sub-structure match found between the reference and probe mol
6RIG,K4N,diffdock_sdf,diffdock,rank4_confidence0.72|idx_4,output/diffdock_workflow/poses/6RIG/complex_0/rank4_confidence0.72.sdf,ok_low_coverage,atom_name,0.8206597058178761,11.0,11.0,5.0,0.45454545454545453,K4N|A|307,SDF|LIG|1,No sub-structure match found between the reference and probe mol
6RIG,K4N,diffdock_complex_pdb,diffdock,6RIG_diffdock_complex,output/diffdock_workflow/complexes/6RIG_diffdock_complex.pdb,ok,rdkit_best_rms,0.5228409515890986,11.0,11.0,11.0,1.0,K4N|A|307,UNL|L|1,
6RIG,K4N,boltz_cif,crystal_pocket,6RIG_crystal_pocket_model_0|idx_0,output/boltz_results_boltz_inputs/predictions/6RIG_crystal_pocket/6RIG_crystal_pocket_model_0.cif,ok,rdkit_best_rms,0.4911819540160967,11.0,11.0,11.0,1.0,K4N|A|307,LIG1|K4N|1,
6RIG,K4N,boltz_cif,default,6RIG_default_model_0|idx_0,output/boltz_results_boltz_inputs/predictions/6RIG_default/6RIG_default_model_0.cif,ok,rdkit_best_rms,0.501408436151245,11.0,11.0,11.0,1.0,K4N|A|307,LIG1|K4N|1,
6RIG,K4N,boltz_cif,diffdock_pocket,6RIG_diffdock_pocket_model_0|idx_0,output/boltz_results_boltz_inputs/predictions/6RIG_diffdock_pocket/6RIG_diffdock_pocket_model_0.cif,ok,rdkit_best_rms,0.5115396488185057,11.0,11.0,11.0,1.0,K4N|A|307,LIG1|K4N|1,
6RKN,FBS,diffdock_sdf,diffdock,rank1|idx_1,output/diffdock_workflow/poses/6RKN/complex_0/rank1.sdf,ok,element_sorted_fallback,0.255313931971973,11.0,11.0,11.0,1.0,FBS|A|304,SDF|LIG|1,No sub-structure match found between the reference and probe mol
6RKN,FBS,diffdock_sdf,diffdock,rank1_confidence0.79|idx_1,output/diffdock_workflow/poses/6RKN/complex_0/rank1_confidence0.79.sdf,ok,element_sorted_fallback,0.255313931971973,11.0,11.0,11.0,1.0,FBS|A|304,SDF|LIG|1,No sub-structure match found between the reference and probe mol
6RKN,FBS,diffdock_sdf,diffdock,rank2_confidence0.78|idx_2,output/diffdock_workflow/poses/6RKN/complex_0/rank2_confidence0.78.sdf,ok,element_sorted_fallback,0.4952728889743307,11.0,11.0,11.0,1.0,FBS|A|304,SDF|LIG|1,No sub-structure match found between the reference and probe mol
6RKN,FBS,diffdock_sdf,diffdock,rank3_confidence0.77|idx_3,output/diffdock_workflow/poses/6RKN/complex_0/rank3_confidence0.77.sdf,ok,element_sorted_fallback,0.25229233865318124,11.0,11.0,11.0,1.0,FBS|A|304,SDF|LIG|1,No sub-structure match found between the reference and probe mol
6RKN,FBS,diffdock_sdf,diffdock,rank4_confidence0.76|idx_4,output/diffdock_workflow/poses/6RKN/complex_0/rank4_confidence0.76.sdf,ok,element_sorted_fallback,0.21649124090000915,11.0,11.0,11.0,1.0,FBS|A|304,SDF|LIG|1,No sub-structure match found between the reference and probe mol
6RKN,FBS,diffdock_complex_pdb,diffdock,6RKN_diffdock_complex,output/diffdock_workflow/complexes/6RKN_diffdock_complex.pdb,ok,rdkit_best_rms,0.11136740963835073,11.0,11.0,11.0,1.0,FBS|A|304,UNL|L|1,
6RKN,FBS,boltz_cif,crystal_pocket,6RKN_crystal_pocket_model_0|idx_0,output/boltz_results_boltz_inputs/predictions/6RKN_crystal_pocket/6RKN_crystal_pocket_model_0.cif,ok,rdkit_best_rms,0.06306432531935031,11.0,11.0,11.0,1.0,FBS|A|304,LIG1|FBS|1,
6RKN,FBS,boltz_cif,default,6RKN_default_model_0|idx_0,output/boltz_results_boltz_inputs/predictions/6RKN_default/6RKN_default_model_0.cif,ok,rdkit_best_rms,0.04468684821567035,11.0,11.0,11.0,1.0,FBS|A|304,LIG1|FBS|1,
6RKN,FBS,boltz_cif,diffdock_pocket,6RKN_diffdock_pocket_model_0|idx_0,output/boltz_results_boltz_inputs/predictions/6RKN_diffdock_pocket/6RKN_diffdock_pocket_model_0.cif,ok,rdkit_best_rms,0.044710691161826015,11.0,11.0,11.0,1.0,FBS|A|304,LIG1|FBS|1,
6RL9,SAN,diffdock_sdf,diffdock,rank1|idx_1,output/diffdock_workflow/poses/6RL9/complex_0/rank1.sdf,ok_low_coverage,atom_name,2.2908197379072863,11.0,11.0,6.0,0.5454545454545454,SAN|A|304,SDF|LIG|1,No sub-structure match found between the reference and probe mol
6RL9,SAN,diffdock_sdf,diffdock,rank1_confidence0.87|idx_1,output/diffdock_workflow/poses/6RL9/complex_0/rank1_confidence0.87.sdf,ok_low_coverage,atom_name,2.2908197379072863,11.0,11.0,6.0,0.5454545454545454,SAN|A|304,SDF|LIG|1,No sub-structure match found between the reference and probe mol
6RL9,SAN,diffdock_sdf,diffdock,rank2_confidence0.86|idx_2,output/diffdock_workflow/poses/6RL9/complex_0/rank2_confidence0.86.sdf,ok_low_coverage,atom_name,2.372237798433197,11.0,11.0,6.0,0.5454545454545454,SAN|A|304,SDF|LIG|1,No sub-structure match found between the reference and probe mol
6RL9,SAN,diffdock_sdf,diffdock,rank3_confidence0.83|idx_3,output/diffdock_workflow/poses/6RL9/complex_0/rank3_confidence0.83.sdf,ok_low_coverage,atom_name,0.05762401970458988,11.0,11.0,6.0,0.5454545454545454,SAN|A|304,SDF|LIG|1,No sub-structure match found between the reference and probe mol
6RL9,SAN,diffdock_sdf,diffdock,rank4_confidence0.83|idx_4,output/diffdock_workflow/poses/6RL9/complex_0/rank4_confidence0.83.sdf,ok_low_coverage,atom_name,2.244878912799546,11.0,11.0,6.0,0.5454545454545454,SAN|A|304,SDF|LIG|1,No sub-structure match found between the reference and probe mol
6RL9,SAN,diffdock_complex_pdb,diffdock,6RL9_diffdock_complex,output/diffdock_workflow/complexes/6RL9_diffdock_complex.pdb,ok,rdkit_best_rms,0.08351979285169805,11.0,11.0,11.0,1.0,SAN|A|304,UNL|L|1,
6RL9,SAN,boltz_cif,crystal_pocket,6RL9_crystal_pocket_model_0|idx_0,output/boltz_results_boltz_inputs/predictions/6RL9_crystal_pocket/6RL9_crystal_pocket_model_0.cif,ok,rdkit_best_rms,0.04006150919275825,11.0,11.0,11.0,1.0,SAN|A|304,LIG1|SAN|1,
6RL9,SAN,boltz_cif,default,6RL9_default_model_0|idx_0,output/boltz_results_boltz_inputs/predictions/6RL9_default/6RL9_default_model_0.cif,ok,rdkit_best_rms,0.03591755923318182,11.0,11.0,11.0,1.0,SAN|A|304,LIG1|SAN|1,
6RL9,SAN,boltz_cif,diffdock_pocket,6RL9_diffdock_pocket_model_0|idx_0,output/boltz_results_boltz_inputs/predictions/6RL9_diffdock_pocket/6RL9_diffdock_pocket_model_0.cif,ok,rdkit_best_rms,0.03903970478090933,11.0,11.0,11.0,1.0,SAN|A|304,LIG1|SAN|1,
6RRI,KFH,diffdock_sdf,diffdock,rank1|idx_1,output/diffdock_workflow/poses/6RRI/complex_0/rank1.sdf,ok_low_coverage,atom_name,0.06305441697295065,14.0,14.0,5.0,0.35714285714285715,KFH|A|304,SDF|LIG|1,No sub-structure match found between the reference and probe mol
6RRI,KFH,diffdock_sdf,diffdock,rank1_confidence0.38|idx_1,output/diffdock_workflow/poses/6RRI/complex_0/rank1_confidence0.38.sdf,ok_low_coverage,atom_name,0.06305441697295065,14.0,14.0,5.0,0.35714285714285715,KFH|A|304,SDF|LIG|1,No sub-structure match found between the reference and probe mol
6RRI,KFH,diffdock_sdf,diffdock,rank2_confidence0.35|idx_2,output/diffdock_workflow/poses/6RRI/complex_0/rank2_confidence0.35.sdf,ok_low_coverage,atom_name,2.347184171216912,14.0,14.0,5.0,0.35714285714285715,KFH|A|304,SDF|LIG|1,No sub-structure match found between the reference and probe mol
6RRI,KFH,diffdock_sdf,diffdock,rank3_confidence0.30|idx_3,output/diffdock_workflow/poses/6RRI/complex_0/rank3_confidence0.30.sdf,ok_low_coverage,atom_name,0.08690957812059122,14.0,14.0,5.0,0.35714285714285715,KFH|A|304,SDF|LIG|1,No sub-structure match found between the reference and probe mol
6RRI,KFH,diffdock_sdf,diffdock,rank4_confidence-0.42|idx_4,output/diffdock_workflow/poses/6RRI/complex_0/rank4_confidence-0.42.sdf,ok_low_coverage,atom_name,1.7308820400617744,14.0,14.0,5.0,0.35714285714285715,KFH|A|304,SDF|LIG|1,No sub-structure match found between the reference and probe mol
6RRI,KFH,diffdock_complex_pdb,diffdock,6RRI_diffdock_complex,output/diffdock_workflow/complexes/6RRI_diffdock_complex.pdb,ok,rdkit_best_rms,0.07820786543019362,14.0,14.0,14.0,1.0,KFH|A|304,UNL|L|1,
6RRI,KFH,boltz_cif,crystal_pocket,6RRI_crystal_pocket_model_0|idx_0,output/boltz_results_boltz_inputs/predictions/6RRI_crystal_pocket/6RRI_crystal_pocket_model_0.cif,ok,rdkit_best_rms,0.8661023781847056,14.0,14.0,14.0,1.0,KFH|A|304,LIG1|KFH|1,
6RRI,KFH,boltz_cif,default,6RRI_default_model_0|idx_0,output/boltz_results_boltz_inputs/predictions/6RRI_default/6RRI_default_model_0.cif,ok,rdkit_best_rms,0.6052183791542948,14.0,14.0,14.0,1.0,KFH|A|304,LIG1|KFH|1,
6RRI,KFH,boltz_cif,diffdock_pocket,6RRI_diffdock_pocket_model_0|idx_0,output/boltz_results_boltz_inputs/predictions/6RRI_diffdock_pocket/6RRI_diffdock_pocket_model_0.cif,ok,rdkit_best_rms,0.6244070945783258,14.0,14.0,14.0,1.0,KFH|A|304,LIG1|KFH|1,
6SBH,L4K,diffdock_sdf,diffdock,rank1|idx_1,output/diffdock_workflow/poses/6SBH/complex_0/rank1.sdf,ok_low_coverage,atom_name,1.61706657182612,15.0,15.0,10.0,0.6666666666666666,L4K|A|304,SDF|LIG|1,No sub-structure match found between the reference and probe mol
6SBH,L4K,diffdock_sdf,diffdock,rank1_confidence0.82|idx_1,output/diffdock_workflow/poses/6SBH/complex_0/rank1_confidence0.82.sdf,ok_low_coverage,atom_name,1.61706657182612,15.0,15.0,10.0,0.6666666666666666,L4K|A|304,SDF|LIG|1,No sub-structure match found between the reference and probe mol
6SBH,L4K,diffdock_sdf,diffdock,rank2_confidence0.81|idx_2,output/diffdock_workflow/poses/6SBH/complex_0/rank2_confidence0.81.sdf,ok_low_coverage,atom_name,1.6625280406761846,15.0,15.0,10.0,0.6666666666666666,L4K|A|304,SDF|LIG|1,No sub-structure match found between the reference and probe mol
6SBH,L4K,diffdock_sdf,diffdock,rank3_confidence0.80|idx_3,output/diffdock_workflow/poses/6SBH/complex_0/rank3_confidence0.80.sdf,ok_low_coverage,atom_name,1.1168041753064781,15.0,15.0,10.0,0.6666666666666666,L4K|A|304,SDF|LIG|1,No sub-structure match found between the reference and probe mol
6SBH,L4K,diffdock_sdf,diffdock,rank4_confidence0.79|idx_4,output/diffdock_workflow/poses/6SBH/complex_0/rank4_confidence0.79.sdf,ok_low_coverage,atom_name,1.103845893799169,15.0,15.0,10.0,0.6666666666666666,L4K|A|304,SDF|LIG|1,No sub-structure match found between the reference and probe mol
6SBH,L4K,diffdock_complex_pdb,diffdock,6SBH_diffdock_complex,output/diffdock_workflow/complexes/6SBH_diffdock_complex.pdb,ok,rdkit_best_rms,0.42764172460354405,15.0,15.0,15.0,1.0,L4K|A|304,UNL|L|1,
6SBH,L4K,boltz_cif,crystal_pocket,6SBH_crystal_pocket_model_0|idx_0,output/boltz_results_boltz_inputs/predictions/6SBH_crystal_pocket/6SBH_crystal_pocket_model_0.cif,ok,rdkit_best_rms,0.4776635060841714,15.0,15.0,15.0,1.0,L4K|A|304,LIG1|L4K|1,
6SBH,L4K,boltz_cif,default,6SBH_default_model_0|idx_0,output/boltz_results_boltz_inputs/predictions/6SBH_default/6SBH_default_model_0.cif,ok,rdkit_best_rms,0.47709021284963693,15.0,15.0,15.0,1.0,L4K|A|304,LIG1|L4K|1,
6SBH,L4K,boltz_cif,diffdock_pocket,6SBH_diffdock_pocket_model_0|idx_0,output/boltz_results_boltz_inputs/predictions/6SBH_diffdock_pocket/6SBH_diffdock_pocket_model_0.cif,ok,rdkit_best_rms,0.4830092979079417,15.0,15.0,15.0,1.0,L4K|A|304,LIG1|L4K|1,
6SBL,FLC,diffdock_sdf,diffdock,rank1|idx_1,output/diffdock_workflow/poses/6SBL/complex_0/rank1.sdf,ok,rdkit_best_rms,1.0143590455794689,13.0,13.0,13.0,1.0,FLC|A|307,SDF|LIG|1,
6SBL,FLC,diffdock_sdf,diffdock,rank1_confidence-0.29|idx_1,output/diffdock_workflow/poses/6SBL/complex_0/rank1_confidence-0.29.sdf,ok,rdkit_best_rms,1.0143590455794689,13.0,13.0,13.0,1.0,FLC|A|307,SDF|LIG|1,
6SBL,FLC,diffdock_sdf,diffdock,rank2_confidence-0.52|idx_2,output/diffdock_workflow/poses/6SBL/complex_0/rank2_confidence-0.52.sdf,ok,rdkit_best_rms,0.810452538754009,13.0,13.0,13.0,1.0,FLC|A|307,SDF|LIG|1,
6SBL,FLC,diffdock_sdf,diffdock,rank3_confidence-0.53|idx_3,output/diffdock_workflow/poses/6SBL/complex_0/rank3_confidence-0.53.sdf,ok,rdkit_best_rms,1.0371801758141797,13.0,13.0,13.0,1.0,FLC|A|307,SDF|LIG|1,
6SBL,FLC,diffdock_sdf,diffdock,rank4_confidence-0.67|idx_4,output/diffdock_workflow/poses/6SBL/complex_0/rank4_confidence-0.67.sdf,ok,rdkit_best_rms,0.7004416573759361,13.0,13.0,13.0,1.0,FLC|A|307,SDF|LIG|1,
6SBL,FLC,diffdock_complex_pdb,diffdock,6SBL_diffdock_complex,output/diffdock_workflow/complexes/6SBL_diffdock_complex.pdb,ok,element_sorted_fallback,2.9720964895118174,13.0,13.0,13.0,1.0,FLC|A|307,UNL|L|1,No sub-structure match found between the reference and probe mol
6SBL,FLC,boltz_cif,crystal_pocket,6SBL_crystal_pocket_model_0|idx_0,output/boltz_results_boltz_inputs/predictions/6SBL_crystal_pocket/6SBL_crystal_pocket_model_0.cif,ok,rdkit_best_rms,0.8821424024122484,13.0,13.0,13.0,1.0,FLC|A|307,LIG1|FLC|1,
6SBL,FLC,boltz_cif,default,6SBL_default_model_0|idx_0,output/boltz_results_boltz_inputs/predictions/6SBL_default/6SBL_default_model_0.cif,ok,rdkit_best_rms,0.43023397052032764,13.0,13.0,13.0,1.0,FLC|A|307,LIG1|FLC|1,
6SBL,FLC,boltz_cif,diffdock_pocket,6SBL_diffdock_pocket_model_0|idx_0,output/boltz_results_boltz_inputs/predictions/6SBL_diffdock_pocket/6SBL_diffdock_pocket_model_0.cif,ok,rdkit_best_rms,0.5444383152232973,13.0,13.0,13.0,1.0,FLC|A|307,LIG1|FLC|1,
6SBM,FLC,diffdock_sdf,diffdock,rank1|idx_1,output/diffdock_workflow/poses/6SBM/complex_0/rank1.sdf,ok,rdkit_best_rms,1.0105914292187734,13.0,13.0,13.0,1.0,FLC|A|308,SDF|LIG|1,
6SBM,FLC,diffdock_sdf,diffdock,rank1_confidence-0.13|idx_1,output/diffdock_workflow/poses/6SBM/complex_0/rank1_confidence-0.13.sdf,ok,rdkit_best_rms,1.0105914292187734,13.0,13.0,13.0,1.0,FLC|A|308,SDF|LIG|1,
6SBM,FLC,diffdock_sdf,diffdock,rank2_confidence-0.14|idx_2,output/diffdock_workflow/poses/6SBM/complex_0/rank2_confidence-0.14.sdf,ok,rdkit_best_rms,1.016819783953127,13.0,13.0,13.0,1.0,FLC|A|308,SDF|LIG|1,
6SBM,FLC,diffdock_sdf,diffdock,rank3_confidence-0.18|idx_3,output/diffdock_workflow/poses/6SBM/complex_0/rank3_confidence-0.18.sdf,ok,rdkit_best_rms,0.9648022626334627,13.0,13.0,13.0,1.0,FLC|A|308,SDF|LIG|1,
6SBM,FLC,diffdock_sdf,diffdock,rank4_confidence-0.26|idx_4,output/diffdock_workflow/poses/6SBM/complex_0/rank4_confidence-0.26.sdf,ok,rdkit_best_rms,0.97024646587255,13.0,13.0,13.0,1.0,FLC|A|308,SDF|LIG|1,
6SBM,FLC,diffdock_complex_pdb,diffdock,6SBM_diffdock_complex,output/diffdock_workflow/complexes/6SBM_diffdock_complex.pdb,ok,element_sorted_fallback,2.7924792644103555,13.0,13.0,13.0,1.0,FLC|A|308,UNL|L|1,No sub-structure match found between the reference and probe mol
6SBM,FLC,boltz_cif,crystal_pocket,6SBM_crystal_pocket_model_0|idx_0,output/boltz_results_boltz_inputs/predictions/6SBM_crystal_pocket/6SBM_crystal_pocket_model_0.cif,ok,rdkit_best_rms,0.5706714692466897,13.0,13.0,13.0,1.0,FLC|A|308,LIG1|FLC|1,
6SBM,FLC,boltz_cif,default,6SBM_default_model_0|idx_0,output/boltz_results_boltz_inputs/predictions/6SBM_default/6SBM_default_model_0.cif,ok,rdkit_best_rms,0.7098620218977799,13.0,13.0,13.0,1.0,FLC|A|308,LIG1|FLC|1,
6SBM,FLC,boltz_cif,diffdock_pocket,6SBM_diffdock_pocket_model_0|idx_0,output/boltz_results_boltz_inputs/predictions/6SBM_diffdock_pocket/6SBM_diffdock_pocket_model_0.cif,ok,rdkit_best_rms,0.8305804921885017,13.0,13.0,13.0,1.0,FLC|A|308,LIG1|FLC|1,
6SD7,L7T,diffdock_sdf,diffdock,rank1|idx_1,output/diffdock_workflow/poses/6SD7/complex_0/rank1.sdf,ok_low_coverage,atom_name,2.3431786327787667,15.0,15.0,5.0,0.3333333333333333,L7T|A|304,SDF|LIG|1,No sub-structure match found between the reference and probe mol
6SD7,L7T,diffdock_sdf,diffdock,rank1_confidence0.39|idx_1,output/diffdock_workflow/poses/6SD7/complex_0/rank1_confidence0.39.sdf,ok_low_coverage,atom_name,2.3431786327787667,15.0,15.0,5.0,0.3333333333333333,L7T|A|304,SDF|LIG|1,No sub-structure match found between the reference and probe mol
6SD7,L7T,diffdock_sdf,diffdock,rank2_confidence-0.44|idx_2,output/diffdock_workflow/poses/6SD7/complex_0/rank2_confidence-0.44.sdf,ok_low_coverage,atom_name,2.053386529169504,15.0,15.0,5.0,0.3333333333333333,L7T|A|304,SDF|LIG|1,No sub-structure match found between the reference and probe mol
6SD7,L7T,diffdock_sdf,diffdock,rank3_confidence-0.45|idx_3,output/diffdock_workflow/poses/6SD7/complex_0/rank3_confidence-0.45.sdf,ok_low_coverage,atom_name,0.5738633421669107,15.0,15.0,5.0,0.3333333333333333,L7T|A|304,SDF|LIG|1,No sub-structure match found between the reference and probe mol
6SD7,L7T,diffdock_sdf,diffdock,rank4_confidence-0.46|idx_4,output/diffdock_workflow/poses/6SD7/complex_0/rank4_confidence-0.46.sdf,ok_low_coverage,atom_name,2.0615766846051393,15.0,15.0,5.0,0.3333333333333333,L7T|A|304,SDF|LIG|1,No sub-structure match found between the reference and probe mol
6SD7,L7T,diffdock_complex_pdb,diffdock,6SD7_diffdock_complex,output/diffdock_workflow/complexes/6SD7_diffdock_complex.pdb,ok,rdkit_best_rms,0.09203601557516863,15.0,15.0,15.0,1.0,L7T|A|304,UNL|L|1,
6SD7,L7T,boltz_cif,crystal_pocket,6SD7_crystal_pocket_model_0|idx_0,output/boltz_results_boltz_inputs/predictions/6SD7_crystal_pocket/6SD7_crystal_pocket_model_0.cif,ok,rdkit_best_rms,0.10666099821430598,15.0,15.0,15.0,1.0,L7T|A|304,LIG1|L7T|1,
6SD7,L7T,boltz_cif,default,6SD7_default_model_0|idx_0,output/boltz_results_boltz_inputs/predictions/6SD7_default/6SD7_default_model_0.cif,ok,rdkit_best_rms,0.5453561692490085,15.0,15.0,15.0,1.0,L7T|A|304,LIG1|L7T|1,
6SD7,L7T,boltz_cif,diffdock_pocket,6SD7_diffdock_pocket_model_0|idx_0,output/boltz_results_boltz_inputs/predictions/6SD7_diffdock_pocket/6SD7_diffdock_pocket_model_0.cif,ok,rdkit_best_rms,0.5881473670664646,15.0,15.0,15.0,1.0,L7T|A|304,LIG1|L7T|1,
6SDS,L8N,diffdock_sdf,diffdock,rank1|idx_1,output/diffdock_workflow/poses/6SDS/complex_0/rank1.sdf,ok_low_coverage,atom_name,0.8622858285732746,20.0,20.0,8.0,0.4,L8N|A|302,SDF|LIG|1,No sub-structure match found between the reference and probe mol
6SDS,L8N,diffdock_sdf,diffdock,rank1_confidence0.56|idx_1,output/diffdock_workflow/poses/6SDS/complex_0/rank1_confidence0.56.sdf,ok_low_coverage,atom_name,0.8622858285732746,20.0,20.0,8.0,0.4,L8N|A|302,SDF|LIG|1,No sub-structure match found between the reference and probe mol
6SDS,L8N,diffdock_sdf,diffdock,rank2_confidence0.54|idx_2,output/diffdock_workflow/poses/6SDS/complex_0/rank2_confidence0.54.sdf,ok_low_coverage,atom_name,0.8138643686438548,20.0,20.0,8.0,0.4,L8N|A|302,SDF|LIG|1,No sub-structure match found between the reference and probe mol
6SDS,L8N,diffdock_sdf,diffdock,rank3_confidence0.50|idx_3,output/diffdock_workflow/poses/6SDS/complex_0/rank3_confidence0.50.sdf,ok_low_coverage,atom_name,0.8662754382370177,20.0,20.0,8.0,0.4,L8N|A|302,SDF|LIG|1,No sub-structure match found between the reference and probe mol
6SDS,L8N,diffdock_sdf,diffdock,rank4_confidence0.43|idx_4,output/diffdock_workflow/poses/6SDS/complex_0/rank4_confidence0.43.sdf,ok_low_coverage,atom_name,0.8291392002060932,20.0,20.0,8.0,0.4,L8N|A|302,SDF|LIG|1,No sub-structure match found between the reference and probe mol
6SDS,L8N,diffdock_complex_pdb,diffdock,6SDS_diffdock_complex,output/diffdock_workflow/complexes/6SDS_diffdock_complex.pdb,ok,rdkit_best_rms,0.5527406804362196,20.0,20.0,20.0,1.0,L8N|A|302,UNL|L|1,
6SDS,L8N,boltz_cif,crystal_pocket,6SDS_crystal_pocket_model_0|idx_0,output/boltz_results_boltz_inputs/predictions/6SDS_crystal_pocket/6SDS_crystal_pocket_model_0.cif,ok,rdkit_best_rms,0.5119504810355334,20.0,20.0,20.0,1.0,L8N|A|302,LIG1|L8N|1,
6SDS,L8N,boltz_cif,default,6SDS_default_model_0|idx_0,output/boltz_results_boltz_inputs/predictions/6SDS_default/6SDS_default_model_0.cif,ok,rdkit_best_rms,0.4938965615626453,20.0,20.0,20.0,1.0,L8N|A|302,LIG1|L8N|1,
6SDS,L8N,boltz_cif,diffdock_pocket,6SDS_diffdock_pocket_model_0|idx_0,output/boltz_results_boltz_inputs/predictions/6SDS_diffdock_pocket/6SDS_diffdock_pocket_model_0.cif,ok,rdkit_best_rms,0.532840262091338,20.0,20.0,20.0,1.0,L8N|A|302,LIG1|L8N|1,
6SFQ,7Q1,diffdock_sdf,diffdock,rank1|idx_1,output/diffdock_workflow/poses/6SFQ/complex_0/rank1.sdf,ok_low_coverage,atom_name,1.5688795565711686,13.0,13.0,4.0,0.3076923076923077,7Q1|A|304,SDF|LIG|1,No sub-structure match found between the reference and probe mol
6SFQ,7Q1,diffdock_sdf,diffdock,rank1_confidence0.61|idx_1,output/diffdock_workflow/poses/6SFQ/complex_0/rank1_confidence0.61.sdf,ok_low_coverage,atom_name,1.5688795565711686,13.0,13.0,4.0,0.3076923076923077,7Q1|A|304,SDF|LIG|1,No sub-structure match found between the reference and probe mol
6SFQ,7Q1,diffdock_sdf,diffdock,rank2_confidence0.59|idx_2,output/diffdock_workflow/poses/6SFQ/complex_0/rank2_confidence0.59.sdf,ok_low_coverage,atom_name,1.579263035092694,13.0,13.0,4.0,0.3076923076923077,7Q1|A|304,SDF|LIG|1,No sub-structure match found between the reference and probe mol
6SFQ,7Q1,diffdock_sdf,diffdock,rank3_confidence0.57|idx_3,output/diffdock_workflow/poses/6SFQ/complex_0/rank3_confidence0.57.sdf,ok_low_coverage,atom_name,1.5763796721289858,13.0,13.0,4.0,0.3076923076923077,7Q1|A|304,SDF|LIG|1,No sub-structure match found between the reference and probe mol
6SFQ,7Q1,diffdock_sdf,diffdock,rank4_confidence0.57|idx_4,output/diffdock_workflow/poses/6SFQ/complex_0/rank4_confidence0.57.sdf,ok_low_coverage,atom_name,1.5762100870789946,13.0,13.0,4.0,0.3076923076923077,7Q1|A|304,SDF|LIG|1,No sub-structure match found between the reference and probe mol
6SFQ,7Q1,diffdock_complex_pdb,diffdock,6SFQ_diffdock_complex,output/diffdock_workflow/complexes/6SFQ_diffdock_complex.pdb,ok,rdkit_best_rms,0.9438781114896573,13.0,13.0,13.0,1.0,7Q1|A|304,UNL|L|1,
6SFQ,7Q1,boltz_cif,crystal_pocket,6SFQ_crystal_pocket_model_0|idx_0,output/boltz_results_boltz_inputs/predictions/6SFQ_crystal_pocket/6SFQ_crystal_pocket_model_0.cif,ok,rdkit_best_rms,0.1606318931139386,13.0,13.0,13.0,1.0,7Q1|A|304,LIG1|7Q1|1,
6SFQ,7Q1,boltz_cif,default,6SFQ_default_model_0|idx_0,output/boltz_results_boltz_inputs/predictions/6SFQ_default/6SFQ_default_model_0.cif,ok,rdkit_best_rms,0.1709532498458791,13.0,13.0,13.0,1.0,7Q1|A|304,LIG1|7Q1|1,
6SFQ,7Q1,boltz_cif,diffdock_pocket,6SFQ_diffdock_pocket_model_0|idx_0,output/boltz_results_boltz_inputs/predictions/6SFQ_diffdock_pocket/6SFQ_diffdock_pocket_model_0.cif,ok,rdkit_best_rms,0.1168671331163634,13.0,13.0,13.0,1.0,7Q1|A|304,LIG1|7Q1|1,
6SG0,FUN,diffdock_sdf,diffdock,rank1|idx_1,output/diffdock_workflow/poses/6SG0/complex_0/rank1.sdf,ok_low_coverage,atom_name,3.8238500380563187,37.0,21.0,11.0,0.5238095238095238,FUN|A|306,SDF|LIG|1,No sub-structure match found between the reference and probe mol
6SG0,FUN,diffdock_sdf,diffdock,rank1_confidence0.84|idx_1,output/diffdock_workflow/poses/6SG0/complex_0/rank1_confidence0.84.sdf,ok_low_coverage,atom_name,3.8238500380563187,37.0,21.0,11.0,0.5238095238095238,FUN|A|306,SDF|LIG|1,No sub-structure match found between the reference and probe mol
6SG0,FUN,diffdock_sdf,diffdock,rank2_confidence0.82|idx_2,output/diffdock_workflow/poses/6SG0/complex_0/rank2_confidence0.82.sdf,ok_low_coverage,atom_name,3.800533241890796,37.0,21.0,11.0,0.5238095238095238,FUN|A|306,SDF|LIG|1,No sub-structure match found between the reference and probe mol
6SG0,FUN,diffdock_sdf,diffdock,rank3_confidence0.81|idx_3,output/diffdock_workflow/poses/6SG0/complex_0/rank3_confidence0.81.sdf,ok_low_coverage,atom_name,3.797292738683129,37.0,21.0,11.0,0.5238095238095238,FUN|A|306,SDF|LIG|1,No sub-structure match found between the reference and probe mol
6SG0,FUN,diffdock_sdf,diffdock,rank4_confidence0.79|idx_4,output/diffdock_workflow/poses/6SG0/complex_0/rank4_confidence0.79.sdf,ok_low_coverage,atom_name,3.7798499827123266,37.0,21.0,11.0,0.5238095238095238,FUN|A|306,SDF|LIG|1,No sub-structure match found between the reference and probe mol
6SG0,FUN,diffdock_complex_pdb,diffdock,6SG0_diffdock_complex,output/diffdock_workflow/complexes/6SG0_diffdock_complex.pdb,ok,rdkit_best_rms,0.6112488740441588,37.0,21.0,21.0,1.0,FUN|A|306,UNL|L|1,
6SG0,FUN,boltz_cif,crystal_pocket,6SG0_crystal_pocket_model_0|idx_0,output/boltz_results_boltz_inputs/predictions/6SG0_crystal_pocket/6SG0_crystal_pocket_model_0.cif,ok,rdkit_best_rms,0.4598866538148306,37.0,21.0,21.0,1.0,FUN|A|306,LIG1|FUN|1,
6SG0,FUN,boltz_cif,default,6SG0_default_model_0|idx_0,output/boltz_results_boltz_inputs/predictions/6SG0_default/6SG0_default_model_0.cif,ok,rdkit_best_rms,0.4422042359850341,37.0,21.0,21.0,1.0,FUN|A|306,LIG1|FUN|1,
6SG0,FUN,boltz_cif,diffdock_pocket,6SG0_diffdock_pocket_model_0|idx_0,output/boltz_results_boltz_inputs/predictions/6SG0_diffdock_pocket/6SG0_diffdock_pocket_model_0.cif,ok,rdkit_best_rms,0.5886666734914001,37.0,21.0,21.0,1.0,FUN|A|306,LIG1|FUN|1,
6T4P,MHK,diffdock_sdf,diffdock,rank1|idx_1,output/diffdock_workflow/poses/6T4P/complex_0/rank1.sdf,ok_low_coverage,atom_name,2.3590287117075395,14.0,14.0,6.0,0.42857142857142855,MHK|A|305,SDF|LIG|1,No sub-structure match found between the reference and probe mol
6T4P,MHK,diffdock_sdf,diffdock,rank1_confidence0.50|idx_1,output/diffdock_workflow/poses/6T4P/complex_0/rank1_confidence0.50.sdf,ok_low_coverage,atom_name,2.3590287117075395,14.0,14.0,6.0,0.42857142857142855,MHK|A|305,SDF|LIG|1,No sub-structure match found between the reference and probe mol
6T4P,MHK,diffdock_sdf,diffdock,rank2_confidence0.48|idx_2,output/diffdock_workflow/poses/6T4P/complex_0/rank2_confidence0.48.sdf,ok_low_coverage,atom_name,2.4158582438087124,14.0,14.0,6.0,0.42857142857142855,MHK|A|305,SDF|LIG|1,No sub-structure match found between the reference and probe mol
6T4P,MHK,diffdock_sdf,diffdock,rank3_confidence0.45|idx_3,output/diffdock_workflow/poses/6T4P/complex_0/rank3_confidence0.45.sdf,ok_low_coverage,atom_name,2.3489749958621036,14.0,14.0,6.0,0.42857142857142855,MHK|A|305,SDF|LIG|1,No sub-structure match found between the reference and probe mol
6T4P,MHK,diffdock_sdf,diffdock,rank4_confidence0.45|idx_4,output/diffdock_workflow/poses/6T4P/complex_0/rank4_confidence0.45.sdf,ok_low_coverage,atom_name,2.400589992597848,14.0,14.0,6.0,0.42857142857142855,MHK|A|305,SDF|LIG|1,No sub-structure match found between the reference and probe mol
6T4P,MHK,diffdock_complex_pdb,diffdock,6T4P_diffdock_complex,output/diffdock_workflow/complexes/6T4P_diffdock_complex.pdb,ok,rdkit_best_rms,0.20914573185936336,14.0,14.0,14.0,1.0,MHK|A|305,UNL|L|1,
6T4P,MHK,boltz_cif,crystal_pocket,6T4P_crystal_pocket_model_0|idx_0,output/boltz_results_boltz_inputs/predictions/6T4P_crystal_pocket/6T4P_crystal_pocket_model_0.cif,ok,rdkit_best_rms,0.9444982177362936,14.0,14.0,14.0,1.0,MHK|A|305,LIG1|MHK|1,
6T4P,MHK,boltz_cif,default,6T4P_default_model_0|idx_0,output/boltz_results_boltz_inputs/predictions/6T4P_default/6T4P_default_model_0.cif,ok,rdkit_best_rms,0.32740599212244753,14.0,14.0,14.0,1.0,MHK|A|305,LIG1|MHK|1,
6T4P,MHK,boltz_cif,diffdock_pocket,6T4P_diffdock_pocket_model_0|idx_0,output/boltz_results_boltz_inputs/predictions/6T4P_diffdock_pocket/6T4P_diffdock_pocket_model_0.cif,ok,rdkit_best_rms,0.9429049570779832,14.0,14.0,14.0,1.0,MHK|A|305,LIG1|MHK|1,
6T81,AZI,diffdock_sdf,diffdock,rank1|idx_1,output/diffdock_workflow/poses/6T81/complex_0/rank1.sdf,ok,atom_name,1.8419448488610748,3.0,3.0,3.0,1.0,AZI|A|304,SDF|LIG|1,No sub-structure match found between the reference and probe mol
6T81,AZI,diffdock_sdf,diffdock,rank1_confidence0.02|idx_1,output/diffdock_workflow/poses/6T81/complex_0/rank1_confidence0.02.sdf,ok,atom_name,1.8419448488610748,3.0,3.0,3.0,1.0,AZI|A|304,SDF|LIG|1,No sub-structure match found between the reference and probe mol
6T81,AZI,diffdock_sdf,diffdock,rank2_confidence-0.27|idx_2,output/diffdock_workflow/poses/6T81/complex_0/rank2_confidence-0.27.sdf,ok,atom_name,1.8881591061553222,3.0,3.0,3.0,1.0,AZI|A|304,SDF|LIG|1,No sub-structure match found between the reference and probe mol
6T81,AZI,diffdock_sdf,diffdock,rank3_confidence-0.45|idx_3,output/diffdock_workflow/poses/6T81/complex_0/rank3_confidence-0.45.sdf,ok,atom_name,1.5326976582439016,3.0,3.0,3.0,1.0,AZI|A|304,SDF|LIG|1,No sub-structure match found between the reference and probe mol
6T81,AZI,diffdock_sdf,diffdock,rank4_confidence-0.53|idx_4,output/diffdock_workflow/poses/6T81/complex_0/rank4_confidence-0.53.sdf,ok,atom_name,1.0975257753302563,3.0,3.0,3.0,1.0,AZI|A|304,SDF|LIG|1,No sub-structure match found between the reference and probe mol
6T81,AZI,diffdock_complex_pdb,diffdock,6T81_diffdock_complex,output/diffdock_workflow/complexes/6T81_diffdock_complex.pdb,ok,atom_name,1.8398695337145707,3.0,3.0,3.0,1.0,AZI|A|304,UNL|L|1,No sub-structure match found between the reference and probe mol
6T81,AZI,boltz_cif,crystal_pocket,6T81_crystal_pocket_model_0|idx_0,output/boltz_results_boltz_inputs/predictions/6T81_crystal_pocket/6T81_crystal_pocket_model_0.cif,ok,rdkit_best_rms,0.018977884753618328,3.0,3.0,3.0,1.0,AZI|A|304,LIG1|AZI|1,
6T81,AZI,boltz_cif,default,6T81_default_model_0|idx_0,output/boltz_results_boltz_inputs/predictions/6T81_default/6T81_default_model_0.cif,ok,rdkit_best_rms,0.020425091575967762,3.0,3.0,3.0,1.0,AZI|A|304,LIG1|AZI|1,
6T81,AZI,boltz_cif,diffdock_pocket,6T81_diffdock_pocket_model_0|idx_0,output/boltz_results_boltz_inputs/predictions/6T81_diffdock_pocket/6T81_diffdock_pocket_model_0.cif,ok,rdkit_best_rms,0.02319464736897803,3.0,3.0,3.0,1.0,AZI|A|304,LIG1|AZI|1,
6UFB,CL,reference,reference,,output/clean_pdb/6UFB_clean.pdb,reference_parse_failed,,,,,,,,,No ligand-like residues found.
6UFD,CL,reference,reference,,output/clean_pdb/6UFD_clean.pdb,reference_parse_failed,,,,,,,,,No ligand-like residues found.
6UX1,SAL,diffdock_sdf,diffdock,rank1|idx_1,output/diffdock_workflow/poses/6UX1/complex_0/rank1.sdf,ok_low_coverage,atom_name,0.06345348644505015,10.0,10.0,6.0,0.6,SAL|A|303,SDF|LIG|1,No sub-structure match found between the reference and probe mol
6UX1,SAL,diffdock_sdf,diffdock,rank1_confidence0.21|idx_1,output/diffdock_workflow/poses/6UX1/complex_0/rank1_confidence0.21.sdf,ok_low_coverage,atom_name,0.06345348644505015,10.0,10.0,6.0,0.6,SAL|A|303,SDF|LIG|1,No sub-structure match found between the reference and probe mol
6UX1,SAL,diffdock_sdf,diffdock,rank2_confidence0.19|idx_2,output/diffdock_workflow/poses/6UX1/complex_0/rank2_confidence0.19.sdf,ok_low_coverage,atom_name,0.054561647736082526,10.0,10.0,6.0,0.6,SAL|A|303,SDF|LIG|1,No sub-structure match found between the reference and probe mol
6UX1,SAL,diffdock_sdf,diffdock,rank3_confidence0.19|idx_3,output/diffdock_workflow/poses/6UX1/complex_0/rank3_confidence0.19.sdf,ok_low_coverage,atom_name,0.05682009653803326,10.0,10.0,6.0,0.6,SAL|A|303,SDF|LIG|1,No sub-structure match found between the reference and probe mol
6UX1,SAL,diffdock_sdf,diffdock,rank4_confidence0.15|idx_4,output/diffdock_workflow/poses/6UX1/complex_0/rank4_confidence0.15.sdf,ok_low_coverage,atom_name,0.06710675718874651,10.0,10.0,6.0,0.6,SAL|A|303,SDF|LIG|1,No sub-structure match found between the reference and probe mol
6UX1,SAL,diffdock_complex_pdb,diffdock,6UX1_diffdock_complex,output/diffdock_workflow/complexes/6UX1_diffdock_complex.pdb,ok,rdkit_best_rms,0.03907524309882523,10.0,10.0,10.0,1.0,SAL|A|303,UNL|L|1,
6UX1,SAL,boltz_cif,crystal_pocket,6UX1_crystal_pocket_model_0|idx_0,output/boltz_results_boltz_inputs/predictions/6UX1_crystal_pocket/6UX1_crystal_pocket_model_0.cif,ok,rdkit_best_rms,0.027678096328985373,10.0,10.0,10.0,1.0,SAL|A|303,LIG1|SAL|1,
6UX1,SAL,boltz_cif,default,6UX1_default_model_0|idx_0,output/boltz_results_boltz_inputs/predictions/6UX1_default/6UX1_default_model_0.cif,ok,rdkit_best_rms,0.026749474045085386,10.0,10.0,10.0,1.0,SAL|A|303,LIG1|SAL|1,
6UX1,SAL,boltz_cif,diffdock_pocket,6UX1_diffdock_pocket_model_0|idx_0,output/boltz_results_boltz_inputs/predictions/6UX1_diffdock_pocket/6UX1_diffdock_pocket_model_0.cif,ok,rdkit_best_rms,0.10191529850126413,10.0,10.0,10.0,1.0,SAL|A|303,LIG1|SAL|1,
6WKA,U4V,diffdock_sdf,diffdock,rank1|idx_1,output/diffdock_workflow/poses/6WKA/complex_0/rank1.sdf,ok_low_coverage,atom_name,5.329002607152291,33.0,33.0,8.0,0.24242424242424243,U4V|A|302,SDF|LIG|1,No sub-structure match found between the reference and probe mol
6WKA,U4V,diffdock_sdf,diffdock,rank1_confidence-0.90|idx_1,output/diffdock_workflow/poses/6WKA/complex_0/rank1_confidence-0.90.sdf,ok_low_coverage,atom_name,5.329002607152291,33.0,33.0,8.0,0.24242424242424243,U4V|A|302,SDF|LIG|1,No sub-structure match found between the reference and probe mol
6WKA,U4V,diffdock_sdf,diffdock,rank2_confidence-0.91|idx_2,output/diffdock_workflow/poses/6WKA/complex_0/rank2_confidence-0.91.sdf,ok_low_coverage,atom_name,3.5834665062130204,33.0,33.0,8.0,0.24242424242424243,U4V|A|302,SDF|LIG|1,No sub-structure match found between the reference and probe mol
6WKA,U4V,diffdock_sdf,diffdock,rank3_confidence-0.92|idx_3,output/diffdock_workflow/poses/6WKA/complex_0/rank3_confidence-0.92.sdf,ok_low_coverage,atom_name,4.505858263854807,33.0,33.0,8.0,0.24242424242424243,U4V|A|302,SDF|LIG|1,No sub-structure match found between the reference and probe mol
6WKA,U4V,diffdock_sdf,diffdock,rank4_confidence-0.99|idx_4,output/diffdock_workflow/poses/6WKA/complex_0/rank4_confidence-0.99.sdf,ok_low_coverage,atom_name,5.500415557330833,33.0,33.0,8.0,0.24242424242424243,U4V|A|302,SDF|LIG|1,No sub-structure match found between the reference and probe mol
6WKA,U4V,diffdock_complex_pdb,diffdock,6WKA_diffdock_complex,output/diffdock_workflow/complexes/6WKA_diffdock_complex.pdb,ok,rdkit_best_rms,1.9191061518973251,33.0,33.0,33.0,1.0,U4V|A|302,UNL|L|1,
6WKA,U4V,boltz_cif,crystal_pocket,6WKA_crystal_pocket_model_0|idx_0,output/boltz_results_boltz_inputs/predictions/6WKA_crystal_pocket/6WKA_crystal_pocket_model_0.cif,ok,rdkit_best_rms,0.7010423812534087,33.0,33.0,33.0,1.0,U4V|A|302,LIG1|U4V|1,
6WKA,U4V,boltz_cif,default,6WKA_default_model_0|idx_0,output/boltz_results_boltz_inputs/predictions/6WKA_default/6WKA_default_model_0.cif,ok,rdkit_best_rms,0.6604981785510257,33.0,33.0,33.0,1.0,U4V|A|302,LIG1|U4V|1,
6WKA,U4V,boltz_cif,diffdock_pocket,6WKA_diffdock_pocket_model_0|idx_0,output/boltz_results_boltz_inputs/predictions/6WKA_diffdock_pocket/6WKA_diffdock_pocket_model_0.cif,ok,rdkit_best_rms,2.149852644951082,33.0,33.0,33.0,1.0,U4V|A|302,LIG1|U4V|1,
6WQ4,U7A,diffdock_sdf,diffdock,rank1|idx_1,output/diffdock_workflow/poses/6WQ4/complex_0/rank1.sdf,ok_low_coverage,atom_name,6.238313189585772,37.0,37.0,18.0,0.4864864864864865,U7A|A|303,SDF|LIG|1,No sub-structure match found between the reference and probe mol
6WQ4,U7A,diffdock_sdf,diffdock,rank1_confidence-1.04|idx_1,output/diffdock_workflow/poses/6WQ4/complex_0/rank1_confidence-1.04.sdf,ok_low_coverage,atom_name,6.238313189585772,37.0,37.0,18.0,0.4864864864864865,U7A|A|303,SDF|LIG|1,No sub-structure match found between the reference and probe mol
6WQ4,U7A,diffdock_sdf,diffdock,rank2_confidence-1.18|idx_2,output/diffdock_workflow/poses/6WQ4/complex_0/rank2_confidence-1.18.sdf,ok_low_coverage,atom_name,4.181153787183553,37.0,37.0,18.0,0.4864864864864865,U7A|A|303,SDF|LIG|1,No sub-structure match found between the reference and probe mol
6WQ4,U7A,diffdock_sdf,diffdock,rank3_confidence-1.35|idx_3,output/diffdock_workflow/poses/6WQ4/complex_0/rank3_confidence-1.35.sdf,ok_low_coverage,atom_name,3.7918030104461864,37.0,37.0,18.0,0.4864864864864865,U7A|A|303,SDF|LIG|1,No sub-structure match found between the reference and probe mol
6WQ4,U7A,diffdock_sdf,diffdock,rank4_confidence-1.72|idx_4,output/diffdock_workflow/poses/6WQ4/complex_0/rank4_confidence-1.72.sdf,ok_low_coverage,atom_name,4.558286286364494,37.0,37.0,18.0,0.4864864864864865,U7A|A|303,SDF|LIG|1,No sub-structure match found between the reference and probe mol
6WQ4,U7A,diffdock_complex_pdb,diffdock,6WQ4_diffdock_complex,output/diffdock_workflow/complexes/6WQ4_diffdock_complex.pdb,ok,rdkit_best_rms,3.93341136733105,37.0,37.0,37.0,1.0,U7A|A|303,UNL|L|1,
6WQ4,U7A,boltz_cif,crystal_pocket,6WQ4_crystal_pocket_model_0|idx_0,output/boltz_results_boltz_inputs/predictions/6WQ4_crystal_pocket/6WQ4_crystal_pocket_model_0.cif,ok,rdkit_best_rms,3.8045480375049587,37.0,37.0,37.0,1.0,U7A|A|303,LIG1|U7A|1,
6WQ4,U7A,boltz_cif,default,6WQ4_default_model_0|idx_0,output/boltz_results_boltz_inputs/predictions/6WQ4_default/6WQ4_default_model_0.cif,ok,rdkit_best_rms,3.2162037065467266,37.0,37.0,37.0,1.0,U7A|A|303,LIG1|U7A|1,
6WQ4,U7A,boltz_cif,diffdock_pocket,6WQ4_diffdock_pocket_model_0|idx_0,output/boltz_results_boltz_inputs/predictions/6WQ4_diffdock_pocket/6WQ4_diffdock_pocket_model_0.cif,ok,rdkit_best_rms,3.770526785080116,37.0,37.0,37.0,1.0,U7A|A|303,LIG1|U7A|1,
6WQ5,U7G,diffdock_sdf,diffdock,rank1|idx_1,output/diffdock_workflow/poses/6WQ5/complex_0/rank1.sdf,ok_low_coverage,atom_name,5.5550400926845285,35.0,35.0,12.0,0.34285714285714286,U7G|A|303,SDF|LIG|1,No sub-structure match found between the reference and probe mol
6WQ5,U7G,diffdock_sdf,diffdock,rank1_confidence-1.46|idx_1,output/diffdock_workflow/poses/6WQ5/complex_0/rank1_confidence-1.46.sdf,ok_low_coverage,atom_name,5.5550400926845285,35.0,35.0,12.0,0.34285714285714286,U7G|A|303,SDF|LIG|1,No sub-structure match found between the reference and probe mol
6WQ5,U7G,diffdock_sdf,diffdock,rank2_confidence-1.54|idx_2,output/diffdock_workflow/poses/6WQ5/complex_0/rank2_confidence-1.54.sdf,ok_low_coverage,atom_name,3.1243680129752835,35.0,35.0,12.0,0.34285714285714286,U7G|A|303,SDF|LIG|1,No sub-structure match found between the reference and probe mol
6WQ5,U7G,diffdock_sdf,diffdock,rank3_confidence-1.73|idx_3,output/diffdock_workflow/poses/6WQ5/complex_0/rank3_confidence-1.73.sdf,ok_low_coverage,atom_name,2.3564646010217127,35.0,35.0,12.0,0.34285714285714286,U7G|A|303,SDF|LIG|1,No sub-structure match found between the reference and probe mol
6WQ5,U7G,diffdock_sdf,diffdock,rank4_confidence-2.03|idx_4,output/diffdock_workflow/poses/6WQ5/complex_0/rank4_confidence-2.03.sdf,ok_low_coverage,atom_name,2.9872469740919696,35.0,35.0,12.0,0.34285714285714286,U7G|A|303,SDF|LIG|1,No sub-structure match found between the reference and probe mol
6WQ5,U7G,diffdock_complex_pdb,diffdock,6WQ5_diffdock_complex,output/diffdock_workflow/complexes/6WQ5_diffdock_complex.pdb,ok,rdkit_best_rms,2.0906327081187777,35.0,35.0,35.0,1.0,U7G|A|303,UNL|L|1,
6WQ5,U7G,boltz_cif,crystal_pocket,6WQ5_crystal_pocket_model_0|idx_0,output/boltz_results_boltz_inputs/predictions/6WQ5_crystal_pocket/6WQ5_crystal_pocket_model_0.cif,ok,rdkit_best_rms,1.5524952220372787,35.0,35.0,35.0,1.0,U7G|A|303,LIG1|U7G|1,
6WQ5,U7G,boltz_cif,default,6WQ5_default_model_0|idx_0,output/boltz_results_boltz_inputs/predictions/6WQ5_default/6WQ5_default_model_0.cif,ok,rdkit_best_rms,1.5031276248180978,35.0,35.0,35.0,1.0,U7G|A|303,LIG1|U7G|1,
6WQ5,U7G,boltz_cif,diffdock_pocket,6WQ5_diffdock_pocket_model_0|idx_0,output/boltz_results_boltz_inputs/predictions/6WQ5_diffdock_pocket/6WQ5_diffdock_pocket_model_0.cif,ok,rdkit_best_rms,0.9097858080870983,35.0,35.0,35.0,1.0,U7G|A|303,LIG1|U7G|1,
6WQ7,U6V,diffdock_sdf,diffdock,rank1|idx_1,output/diffdock_workflow/poses/6WQ7/complex_0/rank1.sdf,ok_low_coverage,atom_name,6.780963798504065,37.0,37.0,14.0,0.3783783783783784,U6V|A|303,SDF|LIG|1,No sub-structure match found between the reference and probe mol
6WQ7,U6V,diffdock_sdf,diffdock,rank1_confidence-1.26|idx_1,output/diffdock_workflow/poses/6WQ7/complex_0/rank1_confidence-1.26.sdf,ok_low_coverage,atom_name,6.780963798504065,37.0,37.0,14.0,0.3783783783783784,U6V|A|303,SDF|LIG|1,No sub-structure match found between the reference and probe mol
6WQ7,U6V,diffdock_sdf,diffdock,rank2_confidence-1.32|idx_2,output/diffdock_workflow/poses/6WQ7/complex_0/rank2_confidence-1.32.sdf,ok_low_coverage,atom_name,6.896494557149883,37.0,37.0,14.0,0.3783783783783784,U6V|A|303,SDF|LIG|1,No sub-structure match found between the reference and probe mol
6WQ7,U6V,diffdock_sdf,diffdock,rank3_confidence-1.37|idx_3,output/diffdock_workflow/poses/6WQ7/complex_0/rank3_confidence-1.37.sdf,ok_low_coverage,atom_name,6.310076151626816,37.0,37.0,14.0,0.3783783783783784,U6V|A|303,SDF|LIG|1,No sub-structure match found between the reference and probe mol
6WQ7,U6V,diffdock_sdf,diffdock,rank4_confidence-1.37|idx_4,output/diffdock_workflow/poses/6WQ7/complex_0/rank4_confidence-1.37.sdf,ok_low_coverage,atom_name,6.6646581241673974,37.0,37.0,14.0,0.3783783783783784,U6V|A|303,SDF|LIG|1,No sub-structure match found between the reference and probe mol
6WQ7,U6V,diffdock_complex_pdb,diffdock,6WQ7_diffdock_complex,output/diffdock_workflow/complexes/6WQ7_diffdock_complex.pdb,ok,rdkit_best_rms,3.9290802692729825,37.0,37.0,37.0,1.0,U6V|A|303,UNL|L|1,
6WQ7,U6V,boltz_cif,crystal_pocket,6WQ7_crystal_pocket_model_0|idx_0,output/boltz_results_boltz_inputs/predictions/6WQ7_crystal_pocket/6WQ7_crystal_pocket_model_0.cif,ok,rdkit_best_rms,3.260474215649121,37.0,37.0,37.0,1.0,U6V|A|303,LIG1|U6V|1,
6WQ7,U6V,boltz_cif,default,6WQ7_default_model_0|idx_0,output/boltz_results_boltz_inputs/predictions/6WQ7_default/6WQ7_default_model_0.cif,ok,rdkit_best_rms,3.942154897164267,37.0,37.0,37.0,1.0,U6V|A|303,LIG1|U6V|1,
6WQ7,U6V,boltz_cif,diffdock_pocket,6WQ7_diffdock_pocket_model_0|idx_0,output/boltz_results_boltz_inputs/predictions/6WQ7_diffdock_pocket/6WQ7_diffdock_pocket_model_0.cif,ok,rdkit_best_rms,3.606152729866031,37.0,37.0,37.0,1.0,U6V|A|303,LIG1|U6V|1,
6WQ8,U77,diffdock_sdf,diffdock,rank1|idx_1,output/diffdock_workflow/poses/6WQ8/complex_0/rank1.sdf,ok_low_coverage,atom_name,5.332295037616531,36.0,36.0,14.0,0.3888888888888889,U77|A|303,SDF|LIG|1,No sub-structure match found between the reference and probe mol
6WQ8,U77,diffdock_sdf,diffdock,rank1_confidence-0.86|idx_1,output/diffdock_workflow/poses/6WQ8/complex_0/rank1_confidence-0.86.sdf,ok_low_coverage,atom_name,5.332295037616531,36.0,36.0,14.0,0.3888888888888889,U77|A|303,SDF|LIG|1,No sub-structure match found between the reference and probe mol
6WQ8,U77,diffdock_sdf,diffdock,rank2_confidence-1.20|idx_2,output/diffdock_workflow/poses/6WQ8/complex_0/rank2_confidence-1.20.sdf,ok_low_coverage,atom_name,5.7084919986522,36.0,36.0,14.0,0.3888888888888889,U77|A|303,SDF|LIG|1,No sub-structure match found between the reference and probe mol
6WQ8,U77,diffdock_sdf,diffdock,rank3_confidence-1.30|idx_3,output/diffdock_workflow/poses/6WQ8/complex_0/rank3_confidence-1.30.sdf,ok_low_coverage,atom_name,5.802316072875203,36.0,36.0,14.0,0.3888888888888889,U77|A|303,SDF|LIG|1,No sub-structure match found between the reference and probe mol
6WQ8,U77,diffdock_sdf,diffdock,rank4_confidence-1.31|idx_4,output/diffdock_workflow/poses/6WQ8/complex_0/rank4_confidence-1.31.sdf,ok_low_coverage,atom_name,5.872562729961367,36.0,36.0,14.0,0.3888888888888889,U77|A|303,SDF|LIG|1,No sub-structure match found between the reference and probe mol
6WQ8,U77,diffdock_complex_pdb,diffdock,6WQ8_diffdock_complex,output/diffdock_workflow/complexes/6WQ8_diffdock_complex.pdb,ok,rdkit_best_rms,3.5717386521289085,36.0,36.0,36.0,1.0,U77|A|303,UNL|L|1,
6WQ8,U77,boltz_cif,crystal_pocket,6WQ8_crystal_pocket_model_0|idx_0,output/boltz_results_boltz_inputs/predictions/6WQ8_crystal_pocket/6WQ8_crystal_pocket_model_0.cif,ok,rdkit_best_rms,1.2164023095228622,36.0,36.0,36.0,1.0,U77|A|303,LIG1|U77|1,
6WQ8,U77,boltz_cif,default,6WQ8_default_model_0|idx_0,output/boltz_results_boltz_inputs/predictions/6WQ8_default/6WQ8_default_model_0.cif,ok,rdkit_best_rms,1.0983693470766311,36.0,36.0,36.0,1.0,U77|A|303,LIG1|U77|1,
6WQ8,U77,boltz_cif,diffdock_pocket,6WQ8_diffdock_pocket_model_0|idx_0,output/boltz_results_boltz_inputs/predictions/6WQ8_diffdock_pocket/6WQ8_diffdock_pocket_model_0.cif,ok,rdkit_best_rms,1.0620748111052492,36.0,36.0,36.0,1.0,U77|A|303,LIG1|U77|1,
6WQ9,U7J,diffdock_sdf,diffdock,rank1|idx_1,output/diffdock_workflow/poses/6WQ9/complex_0/rank1.sdf,ok_low_coverage,atom_name,7.3255919581220885,41.0,41.0,16.0,0.3902439024390244,U7J|A|303,SDF|LIG|1,No sub-structure match found between the reference and probe mol
6WQ9,U7J,diffdock_sdf,diffdock,rank1_confidence-1.56|idx_1,output/diffdock_workflow/poses/6WQ9/complex_0/rank1_confidence-1.56.sdf,ok_low_coverage,atom_name,7.3255919581220885,41.0,41.0,16.0,0.3902439024390244,U7J|A|303,SDF|LIG|1,No sub-structure match found between the reference and probe mol
6WQ9,U7J,diffdock_sdf,diffdock,rank2_confidence-1.85|idx_2,output/diffdock_workflow/poses/6WQ9/complex_0/rank2_confidence-1.85.sdf,ok_low_coverage,atom_name,7.159555185023534,41.0,41.0,16.0,0.3902439024390244,U7J|A|303,SDF|LIG|1,No sub-structure match found between the reference and probe mol
6WQ9,U7J,diffdock_sdf,diffdock,rank3_confidence-2.10|idx_3,output/diffdock_workflow/poses/6WQ9/complex_0/rank3_confidence-2.10.sdf,ok_low_coverage,atom_name,6.039860853736447,41.0,41.0,16.0,0.3902439024390244,U7J|A|303,SDF|LIG|1,No sub-structure match found between the reference and probe mol
6WQ9,U7J,diffdock_sdf,diffdock,rank4_confidence-2.10|idx_4,output/diffdock_workflow/poses/6WQ9/complex_0/rank4_confidence-2.10.sdf,ok_low_coverage,atom_name,4.926770181768103,41.0,41.0,16.0,0.3902439024390244,U7J|A|303,SDF|LIG|1,No sub-structure match found between the reference and probe mol
6WQ9,U7J,diffdock_complex_pdb,diffdock,6WQ9_diffdock_complex,output/diffdock_workflow/complexes/6WQ9_diffdock_complex.pdb,ok,rdkit_best_rms,3.073031833643445,41.0,41.0,41.0,1.0,U7J|A|303,UNL|L|1,
6WQ9,U7J,boltz_cif,crystal_pocket,6WQ9_crystal_pocket_model_0|idx_0,output/boltz_results_boltz_inputs/predictions/6WQ9_crystal_pocket/6WQ9_crystal_pocket_model_0.cif,ok,rdkit_best_rms,1.2098116232427678,41.0,41.0,41.0,1.0,U7J|A|303,LIG1|U7J|1,
6WQ9,U7J,boltz_cif,default,6WQ9_default_model_0|idx_0,output/boltz_results_boltz_inputs/predictions/6WQ9_default/6WQ9_default_model_0.cif,ok,rdkit_best_rms,1.2801284917259887,41.0,41.0,41.0,1.0,U7J|A|303,LIG1|U7J|1,
6WQ9,U7J,boltz_cif,diffdock_pocket,6WQ9_diffdock_pocket_model_0|idx_0,output/boltz_results_boltz_inputs/predictions/6WQ9_diffdock_pocket/6WQ9_diffdock_pocket_model_0.cif,ok,rdkit_best_rms,1.2393626545125247,41.0,41.0,41.0,1.0,U7J|A|303,LIG1|U7J|1,
6XXT,O42,diffdock_sdf,diffdock,rank1|idx_1,output/diffdock_workflow/poses/6XXT/complex_0/rank1.sdf,failed,,,52.0,,,,O42|X|302,,No reliable mapping: atom names differ and atom count differs.
6XXT,O42,diffdock_sdf,diffdock,rank1_confidence0.21|idx_1,output/diffdock_workflow/poses/6XXT/complex_0/rank1_confidence0.21.sdf,failed,,,52.0,,,,O42|X|302,,No reliable mapping: atom names differ and atom count differs.
6XXT,O42,diffdock_sdf,diffdock,rank2_confidence0.19|idx_2,output/diffdock_workflow/poses/6XXT/complex_0/rank2_confidence0.19.sdf,failed,,,52.0,,,,O42|X|302,,No reliable mapping: atom names differ and atom count differs.
6XXT,O42,diffdock_sdf,diffdock,rank3_confidence0.12|idx_3,output/diffdock_workflow/poses/6XXT/complex_0/rank3_confidence0.12.sdf,failed,,,52.0,,,,O42|X|302,,No reliable mapping: atom names differ and atom count differs.
6XXT,O42,diffdock_sdf,diffdock,rank4_confidence0.09|idx_4,output/diffdock_workflow/poses/6XXT/complex_0/rank4_confidence0.09.sdf,failed,,,52.0,,,,O42|X|302,,No reliable mapping: atom names differ and atom count differs.
6XXT,O42,diffdock_complex_pdb,diffdock,6XXT_diffdock_complex,output/diffdock_workflow/complexes/6XXT_diffdock_complex.pdb,ok,rdkit_best_rms,1.6634059587816998,52.0,26.0,26.0,1.0,O42|X|302,UNL|L|1,
6XXT,O42,boltz_cif,default,6XXT_default_model_0|idx_0,output/boltz_results_boltz_inputs/predictions/6XXT_default/6XXT_default_model_0.cif,ok,rdkit_best_rms,1.5767530382497623,52.0,26.0,26.0,1.0,O42|X|302,LIG1|O42|1,
6YPW,P75,diffdock_sdf,diffdock,rank1|idx_1,output/diffdock_workflow/poses/6YPW/complex_0/rank1.sdf,ok_low_coverage,atom_name,6.490650939636589,33.0,33.0,13.0,0.3939393939393939,P75|A|302,SDF|LIG|1,No sub-structure match found between the reference and probe mol
6YPW,P75,diffdock_sdf,diffdock,rank1_confidence-0.47|idx_1,output/diffdock_workflow/poses/6YPW/complex_0/rank1_confidence-0.47.sdf,ok_low_coverage,atom_name,6.490650939636589,33.0,33.0,13.0,0.3939393939393939,P75|A|302,SDF|LIG|1,No sub-structure match found between the reference and probe mol
6YPW,P75,diffdock_sdf,diffdock,rank2_confidence-1.00|idx_2,output/diffdock_workflow/poses/6YPW/complex_0/rank2_confidence-1.00.sdf,ok_low_coverage,atom_name,6.539267648973643,33.0,33.0,13.0,0.3939393939393939,P75|A|302,SDF|LIG|1,No sub-structure match found between the reference and probe mol
6YPW,P75,diffdock_sdf,diffdock,rank3_confidence-1.10|idx_3,output/diffdock_workflow/poses/6YPW/complex_0/rank3_confidence-1.10.sdf,ok_low_coverage,atom_name,6.3769174703425495,33.0,33.0,13.0,0.3939393939393939,P75|A|302,SDF|LIG|1,No sub-structure match found between the reference and probe mol
6YPW,P75,diffdock_sdf,diffdock,rank4_confidence-1.16|idx_4,output/diffdock_workflow/poses/6YPW/complex_0/rank4_confidence-1.16.sdf,ok_low_coverage,atom_name,6.631712906293269,33.0,33.0,13.0,0.3939393939393939,P75|A|302,SDF|LIG|1,No sub-structure match found between the reference and probe mol
6YPW,P75,diffdock_complex_pdb,diffdock,6YPW_diffdock_complex,output/diffdock_workflow/complexes/6YPW_diffdock_complex.pdb,ok,rdkit_best_rms,2.035098741927546,33.0,33.0,33.0,1.0,P75|A|302,UNL|L|1,
6YPW,P75,boltz_cif,crystal_pocket,6YPW_crystal_pocket_model_0|idx_0,output/boltz_results_boltz_inputs/predictions/6YPW_crystal_pocket/6YPW_crystal_pocket_model_0.cif,ok,rdkit_best_rms,2.531338389181092,33.0,33.0,33.0,1.0,P75|A|302,LIG1|P75|1,
6YPW,P75,boltz_cif,default,6YPW_default_model_0|idx_0,output/boltz_results_boltz_inputs/predictions/6YPW_default/6YPW_default_model_0.cif,ok,rdkit_best_rms,2.6994599638870307,33.0,33.0,33.0,1.0,P75|A|302,LIG1|P75|1,
6YPW,P75,boltz_cif,diffdock_pocket,6YPW_diffdock_pocket_model_0|idx_0,output/boltz_results_boltz_inputs/predictions/6YPW_diffdock_pocket/6YPW_diffdock_pocket_model_0.cif,ok,rdkit_best_rms,2.4736260470956757,33.0,33.0,33.0,1.0,P75|A|302,LIG1|P75|1,
6YRI,DHC,diffdock_sdf,diffdock,rank1|idx_1,output/diffdock_workflow/poses/6YRI/complex_0/rank1.sdf,ok_low_coverage,atom_name,0.12235462652603885,13.0,13.0,3.0,0.23076923076923078,DHC|A|302,SDF|LIG|1,No sub-structure match found between the reference and probe mol
6YRI,DHC,diffdock_sdf,diffdock,rank1_confidence0.14|idx_1,output/diffdock_workflow/poses/6YRI/complex_0/rank1_confidence0.14.sdf,ok_low_coverage,atom_name,0.12235462652603885,13.0,13.0,3.0,0.23076923076923078,DHC|A|302,SDF|LIG|1,No sub-structure match found between the reference and probe mol
6YRI,DHC,diffdock_sdf,diffdock,rank2_confidence0.09|idx_2,output/diffdock_workflow/poses/6YRI/complex_0/rank2_confidence0.09.sdf,ok_low_coverage,atom_name,0.08075021582693923,13.0,13.0,3.0,0.23076923076923078,DHC|A|302,SDF|LIG|1,No sub-structure match found between the reference and probe mol
6YRI,DHC,diffdock_sdf,diffdock,rank3_confidence-0.07|idx_3,output/diffdock_workflow/poses/6YRI/complex_0/rank3_confidence-0.07.sdf,ok_low_coverage,atom_name,0.3401062831152824,13.0,13.0,3.0,0.23076923076923078,DHC|A|302,SDF|LIG|1,No sub-structure match found between the reference and probe mol
6YRI,DHC,diffdock_sdf,diffdock,rank4_confidence-0.14|idx_4,output/diffdock_workflow/poses/6YRI/complex_0/rank4_confidence-0.14.sdf,ok_low_coverage,atom_name,0.31492192376470085,13.0,13.0,3.0,0.23076923076923078,DHC|A|302,SDF|LIG|1,No sub-structure match found between the reference and probe mol
6YRI,DHC,diffdock_complex_pdb,diffdock,6YRI_diffdock_complex,output/diffdock_workflow/complexes/6YRI_diffdock_complex.pdb,ok,rdkit_best_rms,0.570728593106686,13.0,13.0,13.0,1.0,DHC|A|302,UNL|L|1,
6YRI,DHC,boltz_cif,crystal_pocket,6YRI_crystal_pocket_model_0|idx_0,output/boltz_results_boltz_inputs/predictions/6YRI_crystal_pocket/6YRI_crystal_pocket_model_0.cif,ok,rdkit_best_rms,0.11705520120229242,13.0,13.0,13.0,1.0,DHC|A|302,LIG1|DHC|1,
6YRI,DHC,boltz_cif,default,6YRI_default_model_0|idx_0,output/boltz_results_boltz_inputs/predictions/6YRI_default/6YRI_default_model_0.cif,ok,rdkit_best_rms,0.2562147394274011,13.0,13.0,13.0,1.0,DHC|A|302,LIG1|DHC|1,
6YRI,DHC,boltz_cif,diffdock_pocket,6YRI_diffdock_pocket_model_0|idx_0,output/boltz_results_boltz_inputs/predictions/6YRI_diffdock_pocket/6YRI_diffdock_pocket_model_0.cif,ok,rdkit_best_rms,0.1791171614432049,13.0,13.0,13.0,1.0,DHC|A|302,LIG1|DHC|1,
6ZR8,QOZ,diffdock_sdf,diffdock,rank1|idx_1,output/diffdock_workflow/poses/6ZR8/complex_0/rank1.sdf,ok,element_sorted_fallback,3.182701206197428,33.0,33.0,33.0,1.0,QOZ|A|302,SDF|LIG|1,No sub-structure match found between the reference and probe mol
6ZR8,QOZ,diffdock_sdf,diffdock,rank1_confidence-0.50|idx_1,output/diffdock_workflow/poses/6ZR8/complex_0/rank1_confidence-0.50.sdf,ok,element_sorted_fallback,3.182701206197428,33.0,33.0,33.0,1.0,QOZ|A|302,SDF|LIG|1,No sub-structure match found between the reference and probe mol
6ZR8,QOZ,diffdock_sdf,diffdock,rank2_confidence-0.51|idx_2,output/diffdock_workflow/poses/6ZR8/complex_0/rank2_confidence-0.51.sdf,ok,element_sorted_fallback,3.6061507428429453,33.0,33.0,33.0,1.0,QOZ|A|302,SDF|LIG|1,No sub-structure match found between the reference and probe mol
6ZR8,QOZ,diffdock_sdf,diffdock,rank3_confidence-0.66|idx_3,output/diffdock_workflow/poses/6ZR8/complex_0/rank3_confidence-0.66.sdf,ok,element_sorted_fallback,3.5919279902230117,33.0,33.0,33.0,1.0,QOZ|A|302,SDF|LIG|1,No sub-structure match found between the reference and probe mol
6ZR8,QOZ,diffdock_sdf,diffdock,rank4_confidence-0.68|idx_4,output/diffdock_workflow/poses/6ZR8/complex_0/rank4_confidence-0.68.sdf,ok,element_sorted_fallback,3.4159171732552585,33.0,33.0,33.0,1.0,QOZ|A|302,SDF|LIG|1,No sub-structure match found between the reference and probe mol
6ZR8,QOZ,diffdock_complex_pdb,diffdock,6ZR8_diffdock_complex,output/diffdock_workflow/complexes/6ZR8_diffdock_complex.pdb,ok,rdkit_best_rms,1.322022254651338,33.0,33.0,33.0,1.0,QOZ|A|302,UNL|L|1,
6ZR8,QOZ,boltz_cif,crystal_pocket,6ZR8_crystal_pocket_model_0|idx_0,output/boltz_results_boltz_inputs/predictions/6ZR8_crystal_pocket/6ZR8_crystal_pocket_model_0.cif,ok,rdkit_best_rms,1.1842958006876196,33.0,33.0,33.0,1.0,QOZ|A|302,LIG1|QOZ|1,
6ZR8,QOZ,boltz_cif,default,6ZR8_default_model_0|idx_0,output/boltz_results_boltz_inputs/predictions/6ZR8_default/6ZR8_default_model_0.cif,ok,rdkit_best_rms,1.189041269319462,33.0,33.0,33.0,1.0,QOZ|A|302,LIG1|QOZ|1,
6ZR8,QOZ,boltz_cif,diffdock_pocket,6ZR8_diffdock_pocket_model_0|idx_0,output/boltz_results_boltz_inputs/predictions/6ZR8_diffdock_pocket/6ZR8_diffdock_pocket_model_0.cif,ok,rdkit_best_rms,1.049225008418512,33.0,33.0,33.0,1.0,QOZ|A|302,LIG1|QOZ|1,
7ASJ,RWH,diffdock_sdf,diffdock,rank1|idx_1,output/diffdock_workflow/poses/7ASJ/complex_0/rank1.sdf,ok_low_coverage,atom_name,3.920777190304519,46.0,23.0,13.0,0.5652173913043478,RWH|A|304,SDF|LIG|1,No sub-structure match found between the reference and probe mol
7ASJ,RWH,diffdock_sdf,diffdock,rank1_confidence0.16|idx_1,output/diffdock_workflow/poses/7ASJ/complex_0/rank1_confidence0.16.sdf,ok_low_coverage,atom_name,3.920777190304519,46.0,23.0,13.0,0.5652173913043478,RWH|A|304,SDF|LIG|1,No sub-structure match found between the reference and probe mol
7ASJ,RWH,diffdock_sdf,diffdock,rank2_confidence0.02|idx_2,output/diffdock_workflow/poses/7ASJ/complex_0/rank2_confidence0.02.sdf,ok_low_coverage,atom_name,4.877056778247235,46.0,23.0,13.0,0.5652173913043478,RWH|A|304,SDF|LIG|1,No sub-structure match found between the reference and probe mol
7ASJ,RWH,diffdock_sdf,diffdock,rank3_confidence-0.01|idx_3,output/diffdock_workflow/poses/7ASJ/complex_0/rank3_confidence-0.01.sdf,ok_low_coverage,atom_name,4.125520659325414,46.0,23.0,13.0,0.5652173913043478,RWH|A|304,SDF|LIG|1,No sub-structure match found between the reference and probe mol
7ASJ,RWH,diffdock_sdf,diffdock,rank4_confidence-0.03|idx_4,output/diffdock_workflow/poses/7ASJ/complex_0/rank4_confidence-0.03.sdf,ok_low_coverage,atom_name,5.748869188346646,46.0,23.0,13.0,0.5652173913043478,RWH|A|304,SDF|LIG|1,No sub-structure match found between the reference and probe mol
7ASJ,RWH,diffdock_complex_pdb,diffdock,7ASJ_diffdock_complex,output/diffdock_workflow/complexes/7ASJ_diffdock_complex.pdb,ok,rdkit_best_rms,1.2060638342258319,46.0,23.0,23.0,1.0,RWH|A|304,UNL|L|1,
7ASJ,RWH,boltz_cif,crystal_pocket,7ASJ_crystal_pocket_model_0|idx_0,output/boltz_results_boltz_inputs/predictions/7ASJ_crystal_pocket/7ASJ_crystal_pocket_model_0.cif,ok,rdkit_best_rms,0.6166128704621074,46.0,23.0,23.0,1.0,RWH|A|304,LIG1|RWH|1,
7ASJ,RWH,boltz_cif,default,7ASJ_default_model_0|idx_0,output/boltz_results_boltz_inputs/predictions/7ASJ_default/7ASJ_default_model_0.cif,ok,rdkit_best_rms,0.7948143596828381,46.0,23.0,23.0,1.0,RWH|A|304,LIG1|RWH|1,
7ASJ,RWH,boltz_cif,diffdock_pocket,7ASJ_diffdock_pocket_model_0|idx_0,output/boltz_results_boltz_inputs/predictions/7ASJ_diffdock_pocket/7ASJ_diffdock_pocket_model_0.cif,ok,rdkit_best_rms,0.5692819927779119,46.0,23.0,23.0,1.0,RWH|A|304,LIG1|RWH|1,
7JNR,VFG,diffdock_sdf,diffdock,rank1|idx_1,output/diffdock_workflow/poses/7JNR/complex_0/rank1.sdf,ok,element_sorted_fallback,0.45895450164639734,14.0,14.0,14.0,1.0,VFG|A|302,SDF|LIG|1,No sub-structure match found between the reference and probe mol
7JNR,VFG,diffdock_sdf,diffdock,rank1_confidence0.49|idx_1,output/diffdock_workflow/poses/7JNR/complex_0/rank1_confidence0.49.sdf,ok,element_sorted_fallback,0.45895450164639734,14.0,14.0,14.0,1.0,VFG|A|302,SDF|LIG|1,No sub-structure match found between the reference and probe mol
7JNR,VFG,diffdock_sdf,diffdock,rank2_confidence0.46|idx_2,output/diffdock_workflow/poses/7JNR/complex_0/rank2_confidence0.46.sdf,ok,element_sorted_fallback,0.47232674027163946,14.0,14.0,14.0,1.0,VFG|A|302,SDF|LIG|1,No sub-structure match found between the reference and probe mol
7JNR,VFG,diffdock_sdf,diffdock,rank3_confidence0.46|idx_3,output/diffdock_workflow/poses/7JNR/complex_0/rank3_confidence0.46.sdf,ok,element_sorted_fallback,0.6551475229782647,14.0,14.0,14.0,1.0,VFG|A|302,SDF|LIG|1,No sub-structure match found between the reference and probe mol
7JNR,VFG,diffdock_sdf,diffdock,rank4_confidence0.44|idx_4,output/diffdock_workflow/poses/7JNR/complex_0/rank4_confidence0.44.sdf,ok,element_sorted_fallback,0.6056162302381634,14.0,14.0,14.0,1.0,VFG|A|302,SDF|LIG|1,No sub-structure match found between the reference and probe mol
7JNR,VFG,diffdock_complex_pdb,diffdock,7JNR_diffdock_complex,output/diffdock_workflow/complexes/7JNR_diffdock_complex.pdb,ok,rdkit_best_rms,0.2421208110704409,14.0,14.0,14.0,1.0,VFG|A|302,UNL|L|1,
7JNR,VFG,boltz_cif,crystal_pocket,7JNR_crystal_pocket_model_0|idx_0,output/boltz_results_boltz_inputs/predictions/7JNR_crystal_pocket/7JNR_crystal_pocket_model_0.cif,ok,rdkit_best_rms,0.11956094975038932,14.0,14.0,14.0,1.0,VFG|A|302,LIG1|VFG|1,
7JNR,VFG,boltz_cif,default,7JNR_default_model_0|idx_0,output/boltz_results_boltz_inputs/predictions/7JNR_default/7JNR_default_model_0.cif,ok,rdkit_best_rms,0.1273171455745676,14.0,14.0,14.0,1.0,VFG|A|302,LIG1|VFG|1,
7JNR,VFG,boltz_cif,diffdock_pocket,7JNR_diffdock_pocket_model_0|idx_0,output/boltz_results_boltz_inputs/predictions/7JNR_diffdock_pocket/7JNR_diffdock_pocket_model_0.cif,ok,rdkit_best_rms,0.12445640815687026,14.0,14.0,14.0,1.0,VFG|A|302,LIG1|VFG|1,
7JNV,VFJ,diffdock_sdf,diffdock,rank1|idx_1,output/diffdock_workflow/poses/7JNV/complex_0/rank1.sdf,ok,element_sorted_fallback,1.188243725142432,15.0,15.0,15.0,1.0,VFJ|A|304,SDF|LIG|1,No sub-structure match found between the reference and probe mol
7JNV,VFJ,diffdock_sdf,diffdock,rank1_confidence0.17|idx_1,output/diffdock_workflow/poses/7JNV/complex_0/rank1_confidence0.17.sdf,ok,element_sorted_fallback,1.188243725142432,15.0,15.0,15.0,1.0,VFJ|A|304,SDF|LIG|1,No sub-structure match found between the reference and probe mol
7JNV,VFJ,diffdock_sdf,diffdock,rank2_confidence0.13|idx_2,output/diffdock_workflow/poses/7JNV/complex_0/rank2_confidence0.13.sdf,ok,element_sorted_fallback,0.5236237260628384,15.0,15.0,15.0,1.0,VFJ|A|304,SDF|LIG|1,No sub-structure match found between the reference and probe mol
7JNV,VFJ,diffdock_sdf,diffdock,rank3_confidence0.12|idx_3,output/diffdock_workflow/poses/7JNV/complex_0/rank3_confidence0.12.sdf,ok,element_sorted_fallback,1.2803819599433999,15.0,15.0,15.0,1.0,VFJ|A|304,SDF|LIG|1,No sub-structure match found between the reference and probe mol
7JNV,VFJ,diffdock_sdf,diffdock,rank4_confidence0.11|idx_4,output/diffdock_workflow/poses/7JNV/complex_0/rank4_confidence0.11.sdf,ok,element_sorted_fallback,0.2975096297922234,15.0,15.0,15.0,1.0,VFJ|A|304,SDF|LIG|1,No sub-structure match found between the reference and probe mol
7JNV,VFJ,diffdock_complex_pdb,diffdock,7JNV_diffdock_complex,output/diffdock_workflow/complexes/7JNV_diffdock_complex.pdb,ok,rdkit_best_rms,0.2308614691381359,15.0,15.0,15.0,1.0,VFJ|A|304,UNL|L|1,
7JNV,VFJ,boltz_cif,crystal_pocket,7JNV_crystal_pocket_model_0|idx_0,output/boltz_results_boltz_inputs/predictions/7JNV_crystal_pocket/7JNV_crystal_pocket_model_0.cif,ok,rdkit_best_rms,0.8134642463837187,15.0,15.0,15.0,1.0,VFJ|A|304,LIG1|VFJ|1,
7JNV,VFJ,boltz_cif,default,7JNV_default_model_0|idx_0,output/boltz_results_boltz_inputs/predictions/7JNV_default/7JNV_default_model_0.cif,ok,rdkit_best_rms,0.22285018549129695,15.0,15.0,15.0,1.0,VFJ|A|304,LIG1|VFJ|1,
7JNV,VFJ,boltz_cif,diffdock_pocket,7JNV_diffdock_pocket_model_0|idx_0,output/boltz_results_boltz_inputs/predictions/7JNV_diffdock_pocket/7JNV_diffdock_pocket_model_0.cif,ok,rdkit_best_rms,0.2848208504381226,15.0,15.0,15.0,1.0,VFJ|A|304,LIG1|VFJ|1,
7JNW,VFM,diffdock_sdf,diffdock,rank1|idx_1,output/diffdock_workflow/poses/7JNW/complex_0/rank1.sdf,ok,element_sorted_fallback,0.4122421065379445,15.0,15.0,15.0,1.0,VFM|A|302,SDF|LIG|1,No sub-structure match found between the reference and probe mol
7JNW,VFM,diffdock_sdf,diffdock,rank1_confidence0.39|idx_1,output/diffdock_workflow/poses/7JNW/complex_0/rank1_confidence0.39.sdf,ok,element_sorted_fallback,0.4122421065379445,15.0,15.0,15.0,1.0,VFM|A|302,SDF|LIG|1,No sub-structure match found between the reference and probe mol
7JNW,VFM,diffdock_sdf,diffdock,rank2_confidence0.37|idx_2,output/diffdock_workflow/poses/7JNW/complex_0/rank2_confidence0.37.sdf,ok,element_sorted_fallback,2.442438925089701,15.0,15.0,15.0,1.0,VFM|A|302,SDF|LIG|1,No sub-structure match found between the reference and probe mol
7JNW,VFM,diffdock_sdf,diffdock,rank3_confidence0.37|idx_3,output/diffdock_workflow/poses/7JNW/complex_0/rank3_confidence0.37.sdf,ok,element_sorted_fallback,2.4319552483005116,15.0,15.0,15.0,1.0,VFM|A|302,SDF|LIG|1,No sub-structure match found between the reference and probe mol
7JNW,VFM,diffdock_sdf,diffdock,rank4_confidence0.35|idx_4,output/diffdock_workflow/poses/7JNW/complex_0/rank4_confidence0.35.sdf,ok,element_sorted_fallback,4.34274071702181,15.0,15.0,15.0,1.0,VFM|A|302,SDF|LIG|1,No sub-structure match found between the reference and probe mol
7JNW,VFM,diffdock_complex_pdb,diffdock,7JNW_diffdock_complex,output/diffdock_workflow/complexes/7JNW_diffdock_complex.pdb,ok,rdkit_best_rms,0.2019694939090336,15.0,15.0,15.0,1.0,VFM|A|302,UNL|L|1,
7JNW,VFM,boltz_cif,crystal_pocket,7JNW_crystal_pocket_model_0|idx_0,output/boltz_results_boltz_inputs/predictions/7JNW_crystal_pocket/7JNW_crystal_pocket_model_0.cif,ok,rdkit_best_rms,0.0797302356585402,15.0,15.0,15.0,1.0,VFM|A|302,LIG1|VFM|1,
7JNW,VFM,boltz_cif,default,7JNW_default_model_0|idx_0,output/boltz_results_boltz_inputs/predictions/7JNW_default/7JNW_default_model_0.cif,ok,rdkit_best_rms,0.07711689546746192,15.0,15.0,15.0,1.0,VFM|A|302,LIG1|VFM|1,
7JNW,VFM,boltz_cif,diffdock_pocket,7JNW_diffdock_pocket_model_0|idx_0,output/boltz_results_boltz_inputs/predictions/7JNW_diffdock_pocket/7JNW_diffdock_pocket_model_0.cif,ok,rdkit_best_rms,0.07456710409680309,15.0,15.0,15.0,1.0,VFM|A|302,LIG1|VFM|1,
7JNX,VGS,diffdock_sdf,diffdock,rank1|idx_1,output/diffdock_workflow/poses/7JNX/complex_0/rank1.sdf,ok_low_coverage,atom_name,1.9616859032020166,16.0,16.0,3.0,0.1875,VGS|A|303,SDF|LIG|1,No sub-structure match found between the reference and probe mol
7JNX,VGS,diffdock_sdf,diffdock,rank1_confidence0.16|idx_1,output/diffdock_workflow/poses/7JNX/complex_0/rank1_confidence0.16.sdf,ok_low_coverage,atom_name,1.9616859032020166,16.0,16.0,3.0,0.1875,VGS|A|303,SDF|LIG|1,No sub-structure match found between the reference and probe mol
7JNX,VGS,diffdock_sdf,diffdock,rank2_confidence0.14|idx_2,output/diffdock_workflow/poses/7JNX/complex_0/rank2_confidence0.14.sdf,ok_low_coverage,atom_name,2.0255056661500337,16.0,16.0,3.0,0.1875,VGS|A|303,SDF|LIG|1,No sub-structure match found between the reference and probe mol
7JNX,VGS,diffdock_sdf,diffdock,rank3_confidence0.10|idx_3,output/diffdock_workflow/poses/7JNX/complex_0/rank3_confidence0.10.sdf,ok_low_coverage,atom_name,1.998759019066232,16.0,16.0,3.0,0.1875,VGS|A|303,SDF|LIG|1,No sub-structure match found between the reference and probe mol
7JNX,VGS,diffdock_sdf,diffdock,rank4_confidence0.08|idx_4,output/diffdock_workflow/poses/7JNX/complex_0/rank4_confidence0.08.sdf,ok_low_coverage,atom_name,2.0062720803229066,16.0,16.0,3.0,0.1875,VGS|A|303,SDF|LIG|1,No sub-structure match found between the reference and probe mol
7JNX,VGS,diffdock_complex_pdb,diffdock,7JNX_diffdock_complex,output/diffdock_workflow/complexes/7JNX_diffdock_complex.pdb,ok,rdkit_best_rms,0.4003460635514729,16.0,16.0,16.0,1.0,VGS|A|303,UNL|L|1,
7JNX,VGS,boltz_cif,crystal_pocket,7JNX_crystal_pocket_model_0|idx_0,output/boltz_results_boltz_inputs/predictions/7JNX_crystal_pocket/7JNX_crystal_pocket_model_0.cif,ok,rdkit_best_rms,0.4305571219867328,16.0,16.0,16.0,1.0,VGS|A|303,LIG1|VGS|1,
7JNX,VGS,boltz_cif,default,7JNX_default_model_0|idx_0,output/boltz_results_boltz_inputs/predictions/7JNX_default/7JNX_default_model_0.cif,ok,rdkit_best_rms,0.4771664897702276,16.0,16.0,16.0,1.0,VGS|A|303,LIG1|VGS|1,
7JNX,VGS,boltz_cif,diffdock_pocket,7JNX_diffdock_pocket_model_0|idx_0,output/boltz_results_boltz_inputs/predictions/7JNX_diffdock_pocket/7JNX_diffdock_pocket_model_0.cif,ok,rdkit_best_rms,0.5181661777052544,16.0,16.0,16.0,1.0,VGS|A|303,LIG1|VGS|1,
7JNZ,VGV,diffdock_sdf,diffdock,rank1|idx_1,output/diffdock_workflow/poses/7JNZ/complex_0/rank1.sdf,ok,element_sorted_fallback,4.304105216667572,18.0,18.0,18.0,1.0,VGV|A|303,SDF|LIG|1,No sub-structure match found between the reference and probe mol
7JNZ,VGV,diffdock_sdf,diffdock,rank1_confidence0.48|idx_1,output/diffdock_workflow/poses/7JNZ/complex_0/rank1_confidence0.48.sdf,ok,element_sorted_fallback,4.304105216667572,18.0,18.0,18.0,1.0,VGV|A|303,SDF|LIG|1,No sub-structure match found between the reference and probe mol
7JNZ,VGV,diffdock_sdf,diffdock,rank2_confidence0.13|idx_2,output/diffdock_workflow/poses/7JNZ/complex_0/rank2_confidence0.13.sdf,ok,element_sorted_fallback,2.363019995649446,18.0,18.0,18.0,1.0,VGV|A|303,SDF|LIG|1,No sub-structure match found between the reference and probe mol
7JNZ,VGV,diffdock_sdf,diffdock,rank3_confidence0.11|idx_3,output/diffdock_workflow/poses/7JNZ/complex_0/rank3_confidence0.11.sdf,ok,element_sorted_fallback,0.7051312923154246,18.0,18.0,18.0,1.0,VGV|A|303,SDF|LIG|1,No sub-structure match found between the reference and probe mol
7JNZ,VGV,diffdock_sdf,diffdock,rank4_confidence0.10|idx_4,output/diffdock_workflow/poses/7JNZ/complex_0/rank4_confidence0.10.sdf,ok,element_sorted_fallback,2.688539493255396,18.0,18.0,18.0,1.0,VGV|A|303,SDF|LIG|1,No sub-structure match found between the reference and probe mol
7JNZ,VGV,diffdock_complex_pdb,diffdock,7JNZ_diffdock_complex,output/diffdock_workflow/complexes/7JNZ_diffdock_complex.pdb,ok,rdkit_best_rms,0.8545675178244905,18.0,18.0,18.0,1.0,VGV|A|303,UNL|L|1,
7JNZ,VGV,boltz_cif,crystal_pocket,7JNZ_crystal_pocket_model_0|idx_0,output/boltz_results_boltz_inputs/predictions/7JNZ_crystal_pocket/7JNZ_crystal_pocket_model_0.cif,ok,rdkit_best_rms,0.253238410388072,18.0,18.0,18.0,1.0,VGV|A|303,LIG1|VGV|1,
7JNZ,VGV,boltz_cif,default,7JNZ_default_model_0|idx_0,output/boltz_results_boltz_inputs/predictions/7JNZ_default/7JNZ_default_model_0.cif,ok,rdkit_best_rms,0.2831514428535005,18.0,18.0,18.0,1.0,VGV|A|303,LIG1|VGV|1,
7JNZ,VGV,boltz_cif,diffdock_pocket,7JNZ_diffdock_pocket_model_0|idx_0,output/boltz_results_boltz_inputs/predictions/7JNZ_diffdock_pocket/7JNZ_diffdock_pocket_model_0.cif,ok,rdkit_best_rms,0.31125549115677464,18.0,18.0,18.0,1.0,VGV|A|303,LIG1|VGV|1,
7K6I,VYV,diffdock_sdf,diffdock,rank1|idx_1,output/diffdock_workflow/poses/7K6I/complex_0/rank1.sdf,ok_low_coverage,atom_name,5.288223752443509,26.0,26.0,6.0,0.23076923076923078,VYV|A|302,SDF|LIG|1,No sub-structure match found between the reference and probe mol
7K6I,VYV,diffdock_sdf,diffdock,rank1_confidence0.02|idx_1,output/diffdock_workflow/poses/7K6I/complex_0/rank1_confidence0.02.sdf,ok_low_coverage,atom_name,5.288223752443509,26.0,26.0,6.0,0.23076923076923078,VYV|A|302,SDF|LIG|1,No sub-structure match found between the reference and probe mol
7K6I,VYV,diffdock_sdf,diffdock,rank2_confidence-0.02|idx_2,output/diffdock_workflow/poses/7K6I/complex_0/rank2_confidence-0.02.sdf,ok_low_coverage,atom_name,5.223106359706807,26.0,26.0,6.0,0.23076923076923078,VYV|A|302,SDF|LIG|1,No sub-structure match found between the reference and probe mol
7K6I,VYV,diffdock_sdf,diffdock,rank3_confidence-0.29|idx_3,output/diffdock_workflow/poses/7K6I/complex_0/rank3_confidence-0.29.sdf,ok_low_coverage,atom_name,5.377032510431548,26.0,26.0,6.0,0.23076923076923078,VYV|A|302,SDF|LIG|1,No sub-structure match found between the reference and probe mol
7K6I,VYV,diffdock_sdf,diffdock,rank4_confidence-0.32|idx_4,output/diffdock_workflow/poses/7K6I/complex_0/rank4_confidence-0.32.sdf,ok_low_coverage,atom_name,5.074430799960478,26.0,26.0,6.0,0.23076923076923078,VYV|A|302,SDF|LIG|1,No sub-structure match found between the reference and probe mol
7K6I,VYV,diffdock_complex_pdb,diffdock,7K6I_diffdock_complex,output/diffdock_workflow/complexes/7K6I_diffdock_complex.pdb,ok,rdkit_best_rms,2.099667970871751,26.0,26.0,26.0,1.0,VYV|A|302,UNL|L|1,
7K6I,VYV,boltz_cif,crystal_pocket,7K6I_crystal_pocket_model_0|idx_0,output/boltz_results_boltz_inputs/predictions/7K6I_crystal_pocket/7K6I_crystal_pocket_model_0.cif,ok,rdkit_best_rms,1.8415365253226383,26.0,26.0,26.0,1.0,VYV|A|302,LIG1|VYV|1,
7K6I,VYV,boltz_cif,default,7K6I_default_model_0|idx_0,output/boltz_results_boltz_inputs/predictions/7K6I_default/7K6I_default_model_0.cif,ok,rdkit_best_rms,1.757681345963013,26.0,26.0,26.0,1.0,VYV|A|302,LIG1|VYV|1,
7K6I,VYV,boltz_cif,diffdock_pocket,7K6I_diffdock_pocket_model_0|idx_0,output/boltz_results_boltz_inputs/predictions/7K6I_diffdock_pocket/7K6I_diffdock_pocket_model_0.cif,ok,rdkit_best_rms,2.3777329498142237,26.0,26.0,26.0,1.0,VYV|A|302,LIG1|VYV|1,
7K6J,VYY,diffdock_sdf,diffdock,rank1|idx_1,output/diffdock_workflow/poses/7K6J/complex_0/rank1.sdf,ok_low_coverage,atom_name,4.457808173574774,27.0,27.0,4.0,0.14814814814814814,VYY|A|302,SDF|LIG|1,No sub-structure match found between the reference and probe mol
7K6J,VYY,diffdock_sdf,diffdock,rank1_confidence-0.06|idx_1,output/diffdock_workflow/poses/7K6J/complex_0/rank1_confidence-0.06.sdf,ok_low_coverage,atom_name,4.457808173574774,27.0,27.0,4.0,0.14814814814814814,VYY|A|302,SDF|LIG|1,No sub-structure match found between the reference and probe mol
7K6J,VYY,diffdock_sdf,diffdock,rank2_confidence-0.13|idx_2,output/diffdock_workflow/poses/7K6J/complex_0/rank2_confidence-0.13.sdf,ok_low_coverage,atom_name,4.704240618859416,27.0,27.0,4.0,0.14814814814814814,VYY|A|302,SDF|LIG|1,No sub-structure match found between the reference and probe mol
7K6J,VYY,diffdock_sdf,diffdock,rank3_confidence-0.23|idx_3,output/diffdock_workflow/poses/7K6J/complex_0/rank3_confidence-0.23.sdf,ok_low_coverage,atom_name,3.579725002270283,27.0,27.0,4.0,0.14814814814814814,VYY|A|302,SDF|LIG|1,No sub-structure match found between the reference and probe mol
7K6J,VYY,diffdock_sdf,diffdock,rank4_confidence-0.28|idx_4,output/diffdock_workflow/poses/7K6J/complex_0/rank4_confidence-0.28.sdf,ok_low_coverage,atom_name,3.6843519280224832,27.0,27.0,4.0,0.14814814814814814,VYY|A|302,SDF|LIG|1,No sub-structure match found between the reference and probe mol
7K6J,VYY,diffdock_complex_pdb,diffdock,7K6J_diffdock_complex,output/diffdock_workflow/complexes/7K6J_diffdock_complex.pdb,ok,rdkit_best_rms,1.3528235272249696,27.0,27.0,27.0,1.0,VYY|A|302,UNL|L|1,
7K6J,VYY,boltz_cif,crystal_pocket,7K6J_crystal_pocket_model_0|idx_0,output/boltz_results_boltz_inputs/predictions/7K6J_crystal_pocket/7K6J_crystal_pocket_model_0.cif,ok,rdkit_best_rms,1.2708702828374416,27.0,27.0,27.0,1.0,VYY|A|302,LIG1|VYY|1,
7K6J,VYY,boltz_cif,default,7K6J_default_model_0|idx_0,output/boltz_results_boltz_inputs/predictions/7K6J_default/7K6J_default_model_0.cif,ok,rdkit_best_rms,1.5679175752061063,27.0,27.0,27.0,1.0,VYY|A|302,LIG1|VYY|1,
7K6J,VYY,boltz_cif,diffdock_pocket,7K6J_diffdock_pocket_model_0|idx_0,output/boltz_results_boltz_inputs/predictions/7K6J_diffdock_pocket/7K6J_diffdock_pocket_model_0.cif,ok,rdkit_best_rms,1.3770511924569542,27.0,27.0,27.0,1.0,VYY|A|302,LIG1|VYY|1,
7K6K,VZ1,diffdock_sdf,diffdock,rank1|idx_1,output/diffdock_workflow/poses/7K6K/complex_0/rank1.sdf,ok_low_coverage,atom_name,5.389574674036548,28.0,28.0,5.0,0.17857142857142858,VZ1|A|303,SDF|LIG|1,No sub-structure match found between the reference and probe mol
7K6K,VZ1,diffdock_sdf,diffdock,rank1_confidence-0.40|idx_1,output/diffdock_workflow/poses/7K6K/complex_0/rank1_confidence-0.40.sdf,ok_low_coverage,atom_name,5.389574674036548,28.0,28.0,5.0,0.17857142857142858,VZ1|A|303,SDF|LIG|1,No sub-structure match found between the reference and probe mol
7K6K,VZ1,diffdock_sdf,diffdock,rank2_confidence-0.43|idx_2,output/diffdock_workflow/poses/7K6K/complex_0/rank2_confidence-0.43.sdf,ok_low_coverage,atom_name,4.955945899865474,28.0,28.0,5.0,0.17857142857142858,VZ1|A|303,SDF|LIG|1,No sub-structure match found between the reference and probe mol
7K6K,VZ1,diffdock_sdf,diffdock,rank3_confidence-0.46|idx_3,output/diffdock_workflow/poses/7K6K/complex_0/rank3_confidence-0.46.sdf,ok_low_coverage,atom_name,5.492500005551957,28.0,28.0,5.0,0.17857142857142858,VZ1|A|303,SDF|LIG|1,No sub-structure match found between the reference and probe mol
7K6K,VZ1,diffdock_sdf,diffdock,rank4_confidence-0.49|idx_4,output/diffdock_workflow/poses/7K6K/complex_0/rank4_confidence-0.49.sdf,ok_low_coverage,atom_name,5.60523069209466,28.0,28.0,5.0,0.17857142857142858,VZ1|A|303,SDF|LIG|1,No sub-structure match found between the reference and probe mol
7K6K,VZ1,diffdock_complex_pdb,diffdock,7K6K_diffdock_complex,output/diffdock_workflow/complexes/7K6K_diffdock_complex.pdb,ok,rdkit_best_rms,2.073030050601142,28.0,28.0,28.0,1.0,VZ1|A|303,UNL|L|1,
7K6K,VZ1,boltz_cif,crystal_pocket,7K6K_crystal_pocket_model_0|idx_0,output/boltz_results_boltz_inputs/predictions/7K6K_crystal_pocket/7K6K_crystal_pocket_model_0.cif,ok,rdkit_best_rms,1.4892949642198052,28.0,28.0,28.0,1.0,VZ1|A|303,LIG1|VZ1|1,
7K6K,VZ1,boltz_cif,default,7K6K_default_model_0|idx_0,output/boltz_results_boltz_inputs/predictions/7K6K_default/7K6K_default_model_0.cif,ok,rdkit_best_rms,1.5939814902794405,28.0,28.0,28.0,1.0,VZ1|A|303,LIG1|VZ1|1,
7K6K,VZ1,boltz_cif,diffdock_pocket,7K6K_diffdock_pocket_model_0|idx_0,output/boltz_results_boltz_inputs/predictions/7K6K_diffdock_pocket/7K6K_diffdock_pocket_model_0.cif,ok,rdkit_best_rms,1.5062895514876955,28.0,28.0,28.0,1.0,VZ1|A|303,LIG1|VZ1|1,
7K6L,VZD,diffdock_sdf,diffdock,rank1|idx_1,output/diffdock_workflow/poses/7K6L/complex_0/rank1.sdf,ok_low_coverage,atom_name,3.7492011989580973,27.0,27.0,5.0,0.18518518518518517,VZD|A|302,SDF|LIG|1,No sub-structure match found between the reference and probe mol
7K6L,VZD,diffdock_sdf,diffdock,rank1_confidence-0.38|idx_1,output/diffdock_workflow/poses/7K6L/complex_0/rank1_confidence-0.38.sdf,ok_low_coverage,atom_name,3.7492011989580973,27.0,27.0,5.0,0.18518518518518517,VZD|A|302,SDF|LIG|1,No sub-structure match found between the reference and probe mol
7K6L,VZD,diffdock_sdf,diffdock,rank2_confidence-0.56|idx_2,output/diffdock_workflow/poses/7K6L/complex_0/rank2_confidence-0.56.sdf,ok_low_coverage,atom_name,5.185445315394709,27.0,27.0,5.0,0.18518518518518517,VZD|A|302,SDF|LIG|1,No sub-structure match found between the reference and probe mol
7K6L,VZD,diffdock_sdf,diffdock,rank3_confidence-0.63|idx_3,output/diffdock_workflow/poses/7K6L/complex_0/rank3_confidence-0.63.sdf,ok_low_coverage,atom_name,3.14849992307515,27.0,27.0,5.0,0.18518518518518517,VZD|A|302,SDF|LIG|1,No sub-structure match found between the reference and probe mol
7K6L,VZD,diffdock_sdf,diffdock,rank4_confidence-0.66|idx_4,output/diffdock_workflow/poses/7K6L/complex_0/rank4_confidence-0.66.sdf,ok_low_coverage,atom_name,3.1561043083432954,27.0,27.0,5.0,0.18518518518518517,VZD|A|302,SDF|LIG|1,No sub-structure match found between the reference and probe mol
7K6L,VZD,diffdock_complex_pdb,diffdock,7K6L_diffdock_complex,output/diffdock_workflow/complexes/7K6L_diffdock_complex.pdb,ok,rdkit_best_rms,1.4261938286691502,27.0,27.0,27.0,1.0,VZD|A|302,UNL|L|1,
7K6L,VZD,boltz_cif,crystal_pocket,7K6L_crystal_pocket_model_0|idx_0,output/boltz_results_boltz_inputs/predictions/7K6L_crystal_pocket/7K6L_crystal_pocket_model_0.cif,ok,rdkit_best_rms,1.5042805579988041,27.0,27.0,27.0,1.0,VZD|A|302,LIG1|VZD|1,
7K6L,VZD,boltz_cif,default,7K6L_default_model_0|idx_0,output/boltz_results_boltz_inputs/predictions/7K6L_default/7K6L_default_model_0.cif,ok,rdkit_best_rms,1.5228907233369444,27.0,27.0,27.0,1.0,VZD|A|302,LIG1|VZD|1,
7K6L,VZD,boltz_cif,diffdock_pocket,7K6L_diffdock_pocket_model_0|idx_0,output/boltz_results_boltz_inputs/predictions/7K6L_diffdock_pocket/7K6L_diffdock_pocket_model_0.cif,ok,rdkit_best_rms,1.3577183890843083,27.0,27.0,27.0,1.0,VZD|A|302,LIG1|VZD|1,
7OYP,4J8,diffdock_sdf,diffdock,rank1|idx_1,output/diffdock_workflow/poses/7OYP/complex_0/rank1.sdf,ok_low_coverage,atom_name,1.7605573508357328,11.0,11.0,6.0,0.5454545454545454,4J8|A|303,SDF|LIG|1,No sub-structure match found between the reference and probe mol
7OYP,4J8,diffdock_sdf,diffdock,rank1_confidence0.72|idx_1,output/diffdock_workflow/poses/7OYP/complex_0/rank1_confidence0.72.sdf,ok_low_coverage,atom_name,1.7605573508357328,11.0,11.0,6.0,0.5454545454545454,4J8|A|303,SDF|LIG|1,No sub-structure match found between the reference and probe mol
7OYP,4J8,diffdock_sdf,diffdock,rank2_confidence0.67|idx_2,output/diffdock_workflow/poses/7OYP/complex_0/rank2_confidence0.67.sdf,ok_low_coverage,atom_name,1.699950923903907,11.0,11.0,6.0,0.5454545454545454,4J8|A|303,SDF|LIG|1,No sub-structure match found between the reference and probe mol
7OYP,4J8,diffdock_sdf,diffdock,rank3_confidence0.65|idx_3,output/diffdock_workflow/poses/7OYP/complex_0/rank3_confidence0.65.sdf,ok_low_coverage,atom_name,1.3822935703491854,11.0,11.0,6.0,0.5454545454545454,4J8|A|303,SDF|LIG|1,No sub-structure match found between the reference and probe mol
7OYP,4J8,diffdock_sdf,diffdock,rank4_confidence0.64|idx_4,output/diffdock_workflow/poses/7OYP/complex_0/rank4_confidence0.64.sdf,ok_low_coverage,atom_name,1.3903458226074685,11.0,11.0,6.0,0.5454545454545454,4J8|A|303,SDF|LIG|1,No sub-structure match found between the reference and probe mol
7OYP,4J8,diffdock_complex_pdb,diffdock,7OYP_diffdock_complex,output/diffdock_workflow/complexes/7OYP_diffdock_complex.pdb,ok,rdkit_best_rms,0.4044446762331336,11.0,11.0,11.0,1.0,4J8|A|303,UNL|L|1,
7OYP,4J8,boltz_cif,crystal_pocket,7OYP_crystal_pocket_model_0|idx_0,output/boltz_results_boltz_inputs/predictions/7OYP_crystal_pocket/7OYP_crystal_pocket_model_0.cif,ok,rdkit_best_rms,0.042147730978561386,11.0,11.0,11.0,1.0,4J8|A|303,LIG1|4J8|1,
7OYP,4J8,boltz_cif,default,7OYP_default_model_0|idx_0,output/boltz_results_boltz_inputs/predictions/7OYP_default/7OYP_default_model_0.cif,ok,rdkit_best_rms,0.4000329002265975,11.0,11.0,11.0,1.0,4J8|A|303,LIG1|4J8|1,
7OYP,4J8,boltz_cif,diffdock_pocket,7OYP_diffdock_pocket_model_0|idx_0,output/boltz_results_boltz_inputs/predictions/7OYP_diffdock_pocket/7OYP_diffdock_pocket_model_0.cif,ok,rdkit_best_rms,0.4047475534278256,11.0,11.0,11.0,1.0,4J8|A|303,LIG1|4J8|1,
7QGX,MLI,diffdock_sdf,diffdock,rank1|idx_1,output/diffdock_workflow/poses/7QGX/complex_0/rank1.sdf,ok,rdkit_best_rms,0.6120386112213898,7.0,7.0,7.0,1.0,MLI|A|303,SDF|LIG|1,
7QGX,MLI,diffdock_sdf,diffdock,rank1_confidence0.71|idx_1,output/diffdock_workflow/poses/7QGX/complex_0/rank1_confidence0.71.sdf,ok,rdkit_best_rms,0.6120386112213898,7.0,7.0,7.0,1.0,MLI|A|303,SDF|LIG|1,
7QGX,MLI,diffdock_sdf,diffdock,rank2_confidence0.66|idx_2,output/diffdock_workflow/poses/7QGX/complex_0/rank2_confidence0.66.sdf,ok,rdkit_best_rms,0.43798863751819156,7.0,7.0,7.0,1.0,MLI|A|303,SDF|LIG|1,
7QGX,MLI,diffdock_sdf,diffdock,rank3_confidence0.62|idx_3,output/diffdock_workflow/poses/7QGX/complex_0/rank3_confidence0.62.sdf,ok,rdkit_best_rms,0.6013460561060827,7.0,7.0,7.0,1.0,MLI|A|303,SDF|LIG|1,
7QGX,MLI,diffdock_sdf,diffdock,rank4_confidence0.60|idx_4,output/diffdock_workflow/poses/7QGX/complex_0/rank4_confidence0.60.sdf,ok,rdkit_best_rms,0.39936230577545995,7.0,7.0,7.0,1.0,MLI|A|303,SDF|LIG|1,
7QGX,MLI,diffdock_complex_pdb,diffdock,7QGX_diffdock_complex,output/diffdock_workflow/complexes/7QGX_diffdock_complex.pdb,ok_low_coverage,atom_name,1.3821903426532698,7.0,7.0,3.0,0.42857142857142855,MLI|A|303,UNL|L|1,No sub-structure match found between the reference and probe mol
7QGX,MLI,boltz_cif,crystal_pocket,7QGX_crystal_pocket_model_0|idx_0,output/boltz_results_boltz_inputs/predictions/7QGX_crystal_pocket/7QGX_crystal_pocket_model_0.cif,ok,rdkit_best_rms,0.19578955118002916,7.0,7.0,7.0,1.0,MLI|A|303,LIG1|MLI|1,
7QGX,MLI,boltz_cif,default,7QGX_default_model_0|idx_0,output/boltz_results_boltz_inputs/predictions/7QGX_default/7QGX_default_model_0.cif,ok,rdkit_best_rms,0.20188473710512125,7.0,7.0,7.0,1.0,MLI|A|303,LIG1|MLI|1,
7QGX,MLI,boltz_cif,diffdock_pocket,7QGX_diffdock_pocket_model_0|idx_0,output/boltz_results_boltz_inputs/predictions/7QGX_diffdock_pocket/7QGX_diffdock_pocket_model_0.cif,ok,rdkit_best_rms,0.25014808685370626,7.0,7.0,7.0,1.0,MLI|A|303,LIG1|MLI|1,
7RNY,65M,diffdock_sdf,diffdock,rank1|idx_1,output/diffdock_workflow/poses/7RNY/complex_0/rank1.sdf,ok,element_sorted_fallback,3.112259799141111,22.0,22.0,22.0,1.0,65M|A|302,SDF|LIG|1,No sub-structure match found between the reference and probe mol
7RNY,65M,diffdock_sdf,diffdock,rank1_confidence-0.48|idx_1,output/diffdock_workflow/poses/7RNY/complex_0/rank1_confidence-0.48.sdf,ok,element_sorted_fallback,3.112259799141111,22.0,22.0,22.0,1.0,65M|A|302,SDF|LIG|1,No sub-structure match found between the reference and probe mol
7RNY,65M,diffdock_sdf,diffdock,rank2_confidence-0.49|idx_2,output/diffdock_workflow/poses/7RNY/complex_0/rank2_confidence-0.49.sdf,ok,element_sorted_fallback,1.8631001938264151,22.0,22.0,22.0,1.0,65M|A|302,SDF|LIG|1,No sub-structure match found between the reference and probe mol
7RNY,65M,diffdock_sdf,diffdock,rank3_confidence-0.56|idx_3,output/diffdock_workflow/poses/7RNY/complex_0/rank3_confidence-0.56.sdf,ok,element_sorted_fallback,3.4768826955761347,22.0,22.0,22.0,1.0,65M|A|302,SDF|LIG|1,No sub-structure match found between the reference and probe mol
7RNY,65M,diffdock_sdf,diffdock,rank4_confidence-0.57|idx_4,output/diffdock_workflow/poses/7RNY/complex_0/rank4_confidence-0.57.sdf,ok,element_sorted_fallback,3.824226576137419,22.0,22.0,22.0,1.0,65M|A|302,SDF|LIG|1,No sub-structure match found between the reference and probe mol
7RNY,65M,diffdock_complex_pdb,diffdock,7RNY_diffdock_complex,output/diffdock_workflow/complexes/7RNY_diffdock_complex.pdb,ok,rdkit_best_rms,1.8657494598742832,22.0,22.0,22.0,1.0,65M|A|302,UNL|L|1,
7RNY,65M,boltz_cif,crystal_pocket,7RNY_crystal_pocket_model_0|idx_0,output/boltz_results_boltz_inputs/predictions/7RNY_crystal_pocket/7RNY_crystal_pocket_model_0.cif,ok,rdkit_best_rms,0.8085492726491159,22.0,22.0,22.0,1.0,65M|A|302,LIG1|65M|1,
7RNY,65M,boltz_cif,default,7RNY_default_model_0|idx_0,output/boltz_results_boltz_inputs/predictions/7RNY_default/7RNY_default_model_0.cif,ok,rdkit_best_rms,1.744589159009129,22.0,22.0,22.0,1.0,65M|A|302,LIG1|65M|1,
7RNY,65M,boltz_cif,diffdock_pocket,7RNY_diffdock_pocket_model_0|idx_0,output/boltz_results_boltz_inputs/predictions/7RNY_diffdock_pocket/7RNY_diffdock_pocket_model_0.cif,ok,rdkit_best_rms,0.8094312210145571,22.0,22.0,22.0,1.0,65M|A|302,LIG1|65M|1,
7RNZ,AZI,diffdock_sdf,diffdock,rank1|idx_1,output/diffdock_workflow/poses/7RNZ/complex_0/rank1.sdf,ok,atom_name,1.0386143553299738,3.0,3.0,3.0,1.0,AZI|A|304,SDF|LIG|1,No sub-structure match found between the reference and probe mol
7RNZ,AZI,diffdock_sdf,diffdock,rank1_confidence0.53|idx_1,output/diffdock_workflow/poses/7RNZ/complex_0/rank1_confidence0.53.sdf,ok,atom_name,1.0386143553299738,3.0,3.0,3.0,1.0,AZI|A|304,SDF|LIG|1,No sub-structure match found between the reference and probe mol
7RNZ,AZI,diffdock_sdf,diffdock,rank2_confidence0.16|idx_2,output/diffdock_workflow/poses/7RNZ/complex_0/rank2_confidence0.16.sdf,ok,atom_name,1.0449714873570621,3.0,3.0,3.0,1.0,AZI|A|304,SDF|LIG|1,No sub-structure match found between the reference and probe mol
7RNZ,AZI,diffdock_sdf,diffdock,rank3_confidence-0.48|idx_3,output/diffdock_workflow/poses/7RNZ/complex_0/rank3_confidence-0.48.sdf,ok,atom_name,0.5677216862300927,3.0,3.0,3.0,1.0,AZI|A|304,SDF|LIG|1,No sub-structure match found between the reference and probe mol
7RNZ,AZI,diffdock_sdf,diffdock,rank4_confidence-0.50|idx_4,output/diffdock_workflow/poses/7RNZ/complex_0/rank4_confidence-0.50.sdf,ok,atom_name,0.7721338006273409,3.0,3.0,3.0,1.0,AZI|A|304,SDF|LIG|1,No sub-structure match found between the reference and probe mol
7RNZ,AZI,diffdock_complex_pdb,diffdock,7RNZ_diffdock_complex,output/diffdock_workflow/complexes/7RNZ_diffdock_complex.pdb,ok,atom_name,1.0419516870160657,3.0,3.0,3.0,1.0,AZI|A|304,UNL|L|1,No sub-structure match found between the reference and probe mol
7RNZ,AZI,boltz_cif,crystal_pocket,7RNZ_crystal_pocket_model_0|idx_0,output/boltz_results_boltz_inputs/predictions/7RNZ_crystal_pocket/7RNZ_crystal_pocket_model_0.cif,ok,rdkit_best_rms,0.2749084032187195,3.0,3.0,3.0,1.0,AZI|A|304,LIG1|AZI|1,
7RNZ,AZI,boltz_cif,default,7RNZ_default_model_0|idx_0,output/boltz_results_boltz_inputs/predictions/7RNZ_default/7RNZ_default_model_0.cif,ok,rdkit_best_rms,0.272013326954329,3.0,3.0,3.0,1.0,AZI|A|304,LIG1|AZI|1,
7RNZ,AZI,boltz_cif,diffdock_pocket,7RNZ_diffdock_pocket_model_0|idx_0,output/boltz_results_boltz_inputs/predictions/7RNZ_diffdock_pocket/7RNZ_diffdock_pocket_model_0.cif,ok,rdkit_best_rms,0.2778656712915686,3.0,3.0,3.0,1.0,AZI|A|304,LIG1|AZI|1,
7Y2G,BCT,diffdock_sdf,diffdock,rank1|idx_1,output/diffdock_workflow/poses/7Y2G/complex_0/rank1.sdf,ok,rdkit_best_rms,0.0680080172266698,4.0,4.0,4.0,1.0,BCT|A|303,SDF|LIG|1,
7Y2G,BCT,diffdock_sdf,diffdock,rank1_confidence0.80|idx_1,output/diffdock_workflow/poses/7Y2G/complex_0/rank1_confidence0.80.sdf,ok,rdkit_best_rms,0.0680080172266698,4.0,4.0,4.0,1.0,BCT|A|303,SDF|LIG|1,
7Y2G,BCT,diffdock_sdf,diffdock,rank2_confidence0.80|idx_2,output/diffdock_workflow/poses/7Y2G/complex_0/rank2_confidence0.80.sdf,ok,rdkit_best_rms,0.06799111056219144,4.0,4.0,4.0,1.0,BCT|A|303,SDF|LIG|1,
7Y2G,BCT,diffdock_sdf,diffdock,rank3_confidence0.79|idx_3,output/diffdock_workflow/poses/7Y2G/complex_0/rank3_confidence0.79.sdf,ok,rdkit_best_rms,0.06799737023074363,4.0,4.0,4.0,1.0,BCT|A|303,SDF|LIG|1,
7Y2G,BCT,diffdock_sdf,diffdock,rank4_confidence0.78|idx_4,output/diffdock_workflow/poses/7Y2G/complex_0/rank4_confidence0.78.sdf,ok,rdkit_best_rms,0.06798691163436078,4.0,4.0,4.0,1.0,BCT|A|303,SDF|LIG|1,
7Y2G,BCT,diffdock_complex_pdb,diffdock,7Y2G_diffdock_complex,output/diffdock_workflow/complexes/7Y2G_diffdock_complex.pdb,ok,atom_name,1.1427506291266856,4.0,4.0,3.0,0.75,BCT|A|303,UNL|L|1,No sub-structure match found between the reference and probe mol
7Y2G,BCT,boltz_cif,crystal_pocket,7Y2G_crystal_pocket_model_0|idx_0,output/boltz_results_boltz_inputs/predictions/7Y2G_crystal_pocket/7Y2G_crystal_pocket_model_0.cif,ok,rdkit_best_rms,0.058902863944762664,4.0,4.0,4.0,1.0,BCT|A|303,LIG1|BCT|1,
7Y2G,BCT,boltz_cif,default,7Y2G_default_model_0|idx_0,output/boltz_results_boltz_inputs/predictions/7Y2G_default/7Y2G_default_model_0.cif,ok,rdkit_best_rms,0.058202463872492255,4.0,4.0,4.0,1.0,BCT|A|303,LIG1|BCT|1,
7Y2G,BCT,boltz_cif,diffdock_pocket,7Y2G_diffdock_pocket_model_0|idx_0,output/boltz_results_boltz_inputs/predictions/7Y2G_diffdock_pocket/7Y2G_diffdock_pocket_model_0.cif,ok,rdkit_best_rms,0.05945615382549145,4.0,4.0,4.0,1.0,BCT|A|303,LIG1|BCT|1,
7Y2H,BCT,diffdock_sdf,diffdock,rank1|idx_1,output/diffdock_workflow/poses/7Y2H/complex_0/rank1.sdf,ok,rdkit_best_rms,0.055480003382547965,4.0,4.0,4.0,1.0,BCT|A|303,SDF|LIG|1,
7Y2H,BCT,diffdock_sdf,diffdock,rank1_confidence0.87|idx_1,output/diffdock_workflow/poses/7Y2H/complex_0/rank1_confidence0.87.sdf,ok,rdkit_best_rms,0.055480003382547965,4.0,4.0,4.0,1.0,BCT|A|303,SDF|LIG|1,
7Y2H,BCT,diffdock_sdf,diffdock,rank2_confidence0.86|idx_2,output/diffdock_workflow/poses/7Y2H/complex_0/rank2_confidence0.86.sdf,ok,rdkit_best_rms,0.05543033879442758,4.0,4.0,4.0,1.0,BCT|A|303,SDF|LIG|1,
7Y2H,BCT,diffdock_sdf,diffdock,rank3_confidence0.82|idx_3,output/diffdock_workflow/poses/7Y2H/complex_0/rank3_confidence0.82.sdf,ok,rdkit_best_rms,0.05542726132581392,4.0,4.0,4.0,1.0,BCT|A|303,SDF|LIG|1,
7Y2H,BCT,diffdock_sdf,diffdock,rank4_confidence0.82|idx_4,output/diffdock_workflow/poses/7Y2H/complex_0/rank4_confidence0.82.sdf,ok,rdkit_best_rms,0.05542294746457529,4.0,4.0,4.0,1.0,BCT|A|303,SDF|LIG|1,
7Y2H,BCT,diffdock_complex_pdb,diffdock,7Y2H_diffdock_complex,output/diffdock_workflow/complexes/7Y2H_diffdock_complex.pdb,ok,atom_name,1.400569883804819,4.0,4.0,3.0,0.75,BCT|A|303,UNL|L|1,No sub-structure match found between the reference and probe mol
7Y2H,BCT,boltz_cif,crystal_pocket,7Y2H_crystal_pocket_model_0|idx_0,output/boltz_results_boltz_inputs/predictions/7Y2H_crystal_pocket/7Y2H_crystal_pocket_model_0.cif,ok,rdkit_best_rms,0.0627649770675508,4.0,4.0,4.0,1.0,BCT|A|303,LIG1|BCT|1,
7Y2H,BCT,boltz_cif,default,7Y2H_default_model_0|idx_0,output/boltz_results_boltz_inputs/predictions/7Y2H_default/7Y2H_default_model_0.cif,ok,rdkit_best_rms,0.05987088919316142,4.0,4.0,4.0,1.0,BCT|A|303,LIG1|BCT|1,
7Y2H,BCT,boltz_cif,diffdock_pocket,7Y2H_diffdock_pocket_model_0|idx_0,output/boltz_results_boltz_inputs/predictions/7Y2H_diffdock_pocket/7Y2H_diffdock_pocket_model_0.cif,ok,rdkit_best_rms,0.0599899652981142,4.0,4.0,4.0,1.0,BCT|A|303,LIG1|BCT|1,
8C0Q,SWU,diffdock_sdf,diffdock,rank1|idx_1,output/diffdock_workflow/poses/8C0Q/complex_0/rank1.sdf,ok_low_coverage,atom_name,1.7787831578230324,17.0,17.0,9.0,0.5294117647058824,SWU|A|302,SDF|LIG|1,No sub-structure match found between the reference and probe mol
8C0Q,SWU,diffdock_sdf,diffdock,rank1_confidence0.39|idx_1,output/diffdock_workflow/poses/8C0Q/complex_0/rank1_confidence0.39.sdf,ok_low_coverage,atom_name,1.7787831578230324,17.0,17.0,9.0,0.5294117647058824,SWU|A|302,SDF|LIG|1,No sub-structure match found between the reference and probe mol
8C0Q,SWU,diffdock_sdf,diffdock,rank2_confidence0.39|idx_2,output/diffdock_workflow/poses/8C0Q/complex_0/rank2_confidence0.39.sdf,ok_low_coverage,atom_name,1.7929265214828594,17.0,17.0,9.0,0.5294117647058824,SWU|A|302,SDF|LIG|1,No sub-structure match found between the reference and probe mol
8C0Q,SWU,diffdock_sdf,diffdock,rank3_confidence0.37|idx_3,output/diffdock_workflow/poses/8C0Q/complex_0/rank3_confidence0.37.sdf,ok_low_coverage,atom_name,1.791317958560338,17.0,17.0,9.0,0.5294117647058824,SWU|A|302,SDF|LIG|1,No sub-structure match found between the reference and probe mol
8C0Q,SWU,diffdock_sdf,diffdock,rank4_confidence0.30|idx_4,output/diffdock_workflow/poses/8C0Q/complex_0/rank4_confidence0.30.sdf,ok_low_coverage,atom_name,1.7867642759106863,17.0,17.0,9.0,0.5294117647058824,SWU|A|302,SDF|LIG|1,No sub-structure match found between the reference and probe mol
8C0Q,SWU,diffdock_complex_pdb,diffdock,8C0Q_diffdock_complex,output/diffdock_workflow/complexes/8C0Q_diffdock_complex.pdb,ok,rdkit_best_rms,1.145538527571402,17.0,17.0,17.0,1.0,SWU|A|302,UNL|L|1,
8C0Q,SWU,boltz_cif,crystal_pocket,8C0Q_crystal_pocket_model_0|idx_0,output/boltz_results_boltz_inputs/predictions/8C0Q_crystal_pocket/8C0Q_crystal_pocket_model_0.cif,ok,rdkit_best_rms,0.30530483738999525,17.0,17.0,17.0,1.0,SWU|A|302,LIG1|SWU|1,
8C0Q,SWU,boltz_cif,default,8C0Q_default_model_0|idx_0,output/boltz_results_boltz_inputs/predictions/8C0Q_default/8C0Q_default_model_0.cif,ok,rdkit_best_rms,0.34632836973306313,17.0,17.0,17.0,1.0,SWU|A|302,LIG1|SWU|1,
8C0Q,SWU,boltz_cif,diffdock_pocket,8C0Q_diffdock_pocket_model_0|idx_0,output/boltz_results_boltz_inputs/predictions/8C0Q_diffdock_pocket/8C0Q_diffdock_pocket_model_0.cif,ok,rdkit_best_rms,0.33735719816623716,17.0,17.0,17.0,1.0,SWU|A|302,LIG1|SWU|1,
8C0R,SXL,diffdock_sdf,diffdock,rank1|idx_1,output/diffdock_workflow/poses/8C0R/complex_0/rank1.sdf,ok_low_coverage,atom_name,3.147334693645257,19.0,19.0,9.0,0.47368421052631576,SXL|A|302,SDF|LIG|1,No sub-structure match found between the reference and probe mol
8C0R,SXL,diffdock_sdf,diffdock,rank1_confidence0.06|idx_1,output/diffdock_workflow/poses/8C0R/complex_0/rank1_confidence0.06.sdf,ok_low_coverage,atom_name,3.147334693645257,19.0,19.0,9.0,0.47368421052631576,SXL|A|302,SDF|LIG|1,No sub-structure match found between the reference and probe mol
8C0R,SXL,diffdock_sdf,diffdock,rank2_confidence0.05|idx_2,output/diffdock_workflow/poses/8C0R/complex_0/rank2_confidence0.05.sdf,ok_low_coverage,atom_name,3.035631129093826,19.0,19.0,9.0,0.47368421052631576,SXL|A|302,SDF|LIG|1,No sub-structure match found between the reference and probe mol
8C0R,SXL,diffdock_sdf,diffdock,rank3_confidence0.04|idx_3,output/diffdock_workflow/poses/8C0R/complex_0/rank3_confidence0.04.sdf,ok_low_coverage,atom_name,3.537949178157164,19.0,19.0,9.0,0.47368421052631576,SXL|A|302,SDF|LIG|1,No sub-structure match found between the reference and probe mol
8C0R,SXL,diffdock_sdf,diffdock,rank4_confidence0.03|idx_4,output/diffdock_workflow/poses/8C0R/complex_0/rank4_confidence0.03.sdf,ok_low_coverage,atom_name,2.7804551097676837,19.0,19.0,9.0,0.47368421052631576,SXL|A|302,SDF|LIG|1,No sub-structure match found between the reference and probe mol
8C0R,SXL,diffdock_complex_pdb,diffdock,8C0R_diffdock_complex,output/diffdock_workflow/complexes/8C0R_diffdock_complex.pdb,ok,rdkit_best_rms,1.5236486161317804,19.0,19.0,19.0,1.0,SXL|A|302,UNL|L|1,
8C0R,SXL,boltz_cif,crystal_pocket,8C0R_crystal_pocket_model_0|idx_0,output/boltz_results_boltz_inputs/predictions/8C0R_crystal_pocket/8C0R_crystal_pocket_model_0.cif,ok,rdkit_best_rms,0.41469556075790875,19.0,19.0,19.0,1.0,SXL|A|302,LIG1|SXL|1,
8C0R,SXL,boltz_cif,default,8C0R_default_model_0|idx_0,output/boltz_results_boltz_inputs/predictions/8C0R_default/8C0R_default_model_0.cif,ok,rdkit_best_rms,0.837660828203053,19.0,19.0,19.0,1.0,SXL|A|302,LIG1|SXL|1,
8C0R,SXL,boltz_cif,diffdock_pocket,8C0R_diffdock_pocket_model_0|idx_0,output/boltz_results_boltz_inputs/predictions/8C0R_diffdock_pocket/8C0R_diffdock_pocket_model_0.cif,ok,rdkit_best_rms,0.41959962598514344,19.0,19.0,19.0,1.0,SXL|A|302,LIG1|SXL|1,
8FAU,SO4,reference,reference,,output/clean_pdb/8FAU_clean.pdb,reference_parse_failed,,,,,,,,,No ligand-like residues found.
8J2O,SO4,reference,reference,,output/clean_pdb/8J2O_clean.pdb,reference_parse_failed,,,,,,,,,No ligand-like residues found.
8OMB,VRN,diffdock_sdf,diffdock,rank1|idx_1,output/diffdock_workflow/poses/8OMB/complex_0/rank1.sdf,ok,atom_name,4.101562577850827,24.0,24.0,19.0,0.7916666666666666,VRN|A|302,SDF|LIG|1,No sub-structure match found between the reference and probe mol
8OMB,VRN,diffdock_sdf,diffdock,rank1_confidence0.19|idx_1,output/diffdock_workflow/poses/8OMB/complex_0/rank1_confidence0.19.sdf,ok,atom_name,4.101562577850827,24.0,24.0,19.0,0.7916666666666666,VRN|A|302,SDF|LIG|1,No sub-structure match found between the reference and probe mol
8OMB,VRN,diffdock_sdf,diffdock,rank2_confidence0.14|idx_2,output/diffdock_workflow/poses/8OMB/complex_0/rank2_confidence0.14.sdf,ok,atom_name,4.189145427675827,24.0,24.0,19.0,0.7916666666666666,VRN|A|302,SDF|LIG|1,No sub-structure match found between the reference and probe mol
8OMB,VRN,diffdock_sdf,diffdock,rank3_confidence0.03|idx_3,output/diffdock_workflow/poses/8OMB/complex_0/rank3_confidence0.03.sdf,ok,atom_name,4.25691264668442,24.0,24.0,19.0,0.7916666666666666,VRN|A|302,SDF|LIG|1,No sub-structure match found between the reference and probe mol
8OMB,VRN,diffdock_sdf,diffdock,rank4_confidence-0.00|idx_4,output/diffdock_workflow/poses/8OMB/complex_0/rank4_confidence-0.00.sdf,ok,atom_name,4.2598495138448715,24.0,24.0,19.0,0.7916666666666666,VRN|A|302,SDF|LIG|1,No sub-structure match found between the reference and probe mol
8OMB,VRN,diffdock_complex_pdb,diffdock,8OMB_diffdock_complex,output/diffdock_workflow/complexes/8OMB_diffdock_complex.pdb,ok,rdkit_best_rms,1.5792903617108949,24.0,24.0,24.0,1.0,VRN|A|302,UNL|L|1,
8OMB,VRN,boltz_cif,crystal_pocket,8OMB_crystal_pocket_model_0|idx_0,output/boltz_results_boltz_inputs/predictions/8OMB_crystal_pocket/8OMB_crystal_pocket_model_0.cif,ok,rdkit_best_rms,1.2794618307230727,24.0,24.0,24.0,1.0,VRN|A|302,LIG1|VRN|1,
8OMB,VRN,boltz_cif,default,8OMB_default_model_0|idx_0,output/boltz_results_boltz_inputs/predictions/8OMB_default/8OMB_default_model_0.cif,ok,rdkit_best_rms,0.8254103460468856,24.0,24.0,24.0,1.0,VRN|A|302,LIG1|VRN|1,
8OMB,VRN,boltz_cif,diffdock_pocket,8OMB_diffdock_pocket_model_0|idx_0,output/boltz_results_boltz_inputs/predictions/8OMB_diffdock_pocket/8OMB_diffdock_pocket_model_0.cif,ok,rdkit_best_rms,1.3184020037451223,24.0,24.0,24.0,1.0,VRN|A|302,LIG1|VRN|1,
8ZWV,V7Z,diffdock_sdf,diffdock,rank1|idx_1,output/diffdock_workflow/poses/8ZWV/complex_0/rank1.sdf,ok,rdkit_best_rms,0.12374277991308424,5.0,5.0,5.0,1.0,V7Z|A|301,SDF|LIG|1,
8ZWV,V7Z,diffdock_sdf,diffdock,rank1_confidence0.71|idx_1,output/diffdock_workflow/poses/8ZWV/complex_0/rank1_confidence0.71.sdf,ok,rdkit_best_rms,0.12374277991308424,5.0,5.0,5.0,1.0,V7Z|A|301,SDF|LIG|1,
8ZWV,V7Z,diffdock_sdf,diffdock,rank2_confidence0.70|idx_2,output/diffdock_workflow/poses/8ZWV/complex_0/rank2_confidence0.70.sdf,ok,rdkit_best_rms,0.12377671097997747,5.0,5.0,5.0,1.0,V7Z|A|301,SDF|LIG|1,
8ZWV,V7Z,diffdock_sdf,diffdock,rank3_confidence0.70|idx_3,output/diffdock_workflow/poses/8ZWV/complex_0/rank3_confidence0.70.sdf,ok,rdkit_best_rms,0.12378269033208386,5.0,5.0,5.0,1.0,V7Z|A|301,SDF|LIG|1,
8ZWV,V7Z,diffdock_sdf,diffdock,rank4_confidence0.69|idx_4,output/diffdock_workflow/poses/8ZWV/complex_0/rank4_confidence0.69.sdf,ok,rdkit_best_rms,0.12377480316017007,5.0,5.0,5.0,1.0,V7Z|A|301,SDF|LIG|1,
8ZWV,V7Z,diffdock_complex_pdb,diffdock,8ZWV_diffdock_complex,output/diffdock_workflow/complexes/8ZWV_diffdock_complex.pdb,ok,rdkit_best_rms,0.12384894740744945,5.0,5.0,5.0,1.0,V7Z|A|301,UNL|L|1,
8ZWV,V7Z,boltz_cif,crystal_pocket,8ZWV_crystal_pocket_model_0|idx_0,output/boltz_results_boltz_inputs/predictions/8ZWV_crystal_pocket/8ZWV_crystal_pocket_model_0.cif,ok,rdkit_best_rms,0.09841470995424005,5.0,5.0,5.0,1.0,V7Z|A|301,LIG1|V7Z|1,
8ZWV,V7Z,boltz_cif,default,8ZWV_default_model_0|idx_0,output/boltz_results_boltz_inputs/predictions/8ZWV_default/8ZWV_default_model_0.cif,ok,rdkit_best_rms,0.097649674692499,5.0,5.0,5.0,1.0,V7Z|A|301,LIG1|V7Z|1,
8ZWV,V7Z,boltz_cif,diffdock_pocket,8ZWV_diffdock_pocket_model_0|idx_0,output/boltz_results_boltz_inputs/predictions/8ZWV_diffdock_pocket/8ZWV_diffdock_pocket_model_0.cif,ok,rdkit_best_rms,0.09347836727630046,5.0,5.0,5.0,1.0,V7Z|A|301,LIG1|V7Z|1,
