pdb_id,ligand,scenario,exp_Ki_nM,exp_type,exp_unit,boltz_prob_mean,boltz_pred_value_mean,exp_log10_um,exp_pic50_kcal,pred_log10_um,pred_pic50_kcal,delta_log10_um,delta_pic50_kcal
3DC3,AZM,default,25.0,Ki,nM,0.997369388739268,-1.7120757102966309,-1.6020599913279623,10.369209828171341,-1.7120757102966309,10.519271268844605,-0.11001571896866857,0.1500614406732641
3DC3,AZM,crystal_pocket,25.0,Ki,nM,0.9973962108294168,-1.7360634803771973,-1.6020599913279623,10.369209828171341,-1.7360634803771973,10.551990587234497,-0.13400348904923498,0.1827807590631565
3DC3,AZM,diffdock_pocket,25.0,Ki,nM,0.9975402355194092,-1.7521371841430664,-1.6020599913279623,10.369209828171341,-1.7521371841430664,10.573915119171144,-0.15007719281510412,0.2047052909998026
3K7K,KCS,default,8800.0,Ki,nM,0.8145431280136108,0.6355435152848562,0.9444826721501687,6.89572563518717,0.6355435152848562,7.317118645151457,-0.3089391568653125,0.4213930099642873
3KWA,SPM,default,84000.0,Ki,nM,0.4605461011330287,1.8783800601959229,1.9242792860618816,5.559283053811593,1.8783800601959229,5.621889597892761,-0.04589922586595874,0.06260654408116828
3KWA,SPM,crystal_pocket,84000.0,Ki,nM,0.3331975837548573,1.8067460457483928,1.9242792860618816,5.559283053811593,1.8067460457483928,5.719598393599193,-0.11753324031348877,0.1603153397875996
3KWA,SPM,diffdock_pocket,84000.0,Ki,nM,0.4821665982405345,1.4113285144170125,1.9242792860618816,5.559283053811593,1.4113285144170125,6.258947906335195,-0.5129507716448691,0.6996648525236022
3L14,I7B,default,75.0,Ki,nM,0.9500166773796082,-0.663221538066864,-1.1249387366083,9.718416436733722,-0.663221538066864,9.088634177923204,0.4617171985414359,-0.6297822588105184
3L14,I7B,crystal_pocket,75.0,Ki,nM,0.9613247513771056,-0.7530969182650248,-1.1249387366083,9.718416436733722,-0.7530969182650248,9.211224196513495,0.3718418183432751,-0.5071922402202276
3L14,I7B,diffdock_pocket,75.0,Ki,nM,0.9660136500994364,-0.7734110951423645,-1.1249387366083,9.718416436733722,-0.7734110951423645,9.238932733774186,0.3515276414659354,-0.479483702959536
3M2Y,BE0,default,148.0,Ki,nM,0.9763066172599792,0.0599800646305084,-0.8297382846050426,9.31576302020128,0.0599800646305084,8.102187191843987,0.889718349235551,-1.2135758283572926
3M2Y,BE0,crystal_pocket,148.0,Ki,nM,0.6942619283994039,0.5985198467969894,-0.8297382846050426,9.31576302020128,0.5985198467969894,7.367618928968907,1.428258131402032,-1.948144091232372
3M2Y,BE0,diffdock_pocket,148.0,Ki,nM,0.9607914487520852,0.0555302860836188,-0.8297382846050426,9.31576302020128,0.0555302860836188,8.108256689781944,0.8852685706886614,-1.207506330419335
3M3X,JS7,default,70.0,Kd,nM,0.9901082714398702,-1.6150107383728027,-1.154901959985743,9.759286273420555,-1.6150107383728027,10.386874647140504,-0.46010877838705966,0.6275883737199486
3M3X,JS7,crystal_pocket,70.0,Kd,nM,0.9935246109962464,-1.7778103748957317,-1.154901959985743,9.759286273420555,-1.7778103748957317,10.608933351357779,-0.6229084149099886,0.8496470779372238
3M3X,JS7,diffdock_pocket,70.0,Kd,nM,0.9943524599075316,-1.835841457049052,-1.154901959985743,9.759286273420555,-1.835841457049052,10.688087747414908,-0.6809394970633089,0.9288014739943531
3M40,J45,default,90.0,Kd,nM,0.9894792040189108,-1.4857730865478516,-1.0457574905606752,9.61041321712476,-1.4857730865478516,10.210594490051271,-0.4400155959871763,0.6001812729265108
3M40,J45,crystal_pocket,90.0,Kd,nM,0.9903358221054076,-1.580393115679423,-1.0457574905606752,9.61041321712476,-1.580393115679423,10.339656209786733,-0.5346356251187478,0.7292429926619732
3M40,J45,diffdock_pocket,90.0,Kd,nM,0.9925925930341084,-1.6895406643549602,-1.0457574905606752,9.61041321712476,-1.6895406643549602,10.488533466180167,-0.643783173794285,0.8781202490554065
3M5E,JDR,default,24.0,Kd,nM,0.9936967889467876,-2.346876621246338,-1.619788758288394,10.39339186630537,-2.346876621246338,11.385139711380006,-0.7270878629579438,0.9917478450746362
3M5E,JDR,crystal_pocket,24.0,Kd,nM,0.9966307679812112,-2.5622949600219727,-1.619788758288394,10.39339186630537,-2.5622949600219727,11.678970325469972,-0.9425062017335786,1.2855784591646024
3M5E,JDR,diffdock_pocket,24.0,Kd,nM,0.9969562292099,-2.5188684463500977,-1.619788758288394,10.39339186630537,-2.5188684463500977,11.619736560821535,-0.8990796880617036,1.2263446945161647
3M67,E36,default,1800.0,Kd,nM,0.9886911908785502,-1.6125568946202595,0.25527250510330607,7.835808303039091,-1.6125568946202595,10.383527604262035,-1.8678293997235655,2.547719301222944
3M67,E36,crystal_pocket,1800.0,Kd,nM,0.9889066020647684,-1.6910980145136516,0.25527250510330607,7.835808303039091,-1.6910980145136516,10.490657691796622,-1.9463705196169576,2.6548493887575315
3M67,E36,diffdock_pocket,1800.0,Kd,nM,0.9942200779914856,-2.174580812454224,0.25527250510330607,7.835808303039091,-2.174580812454224,11.150128228187562,-2.42985331755753,3.314319925148471
3M98,E02,default,4.900000095367432,Kd,nM,0.9737945199012756,-0.3431955675284068,-2.3098039115189253,11.334572535311814,-0.3431955675284068,8.652118754108749,1.9666083439905184,-2.6824537812030655
3M98,E02,crystal_pocket,4.900000095367432,Kd,nM,0.983628749847412,-0.7648285826047262,-2.3098039115189253,11.334572535311814,-0.7648285826047262,9.227226186672846,1.544975328914199,-2.107346348638968
3M98,E02,diffdock_pocket,4.900000095367432,Kd,nM,0.9832312067349752,-0.7335323294003805,-2.3098039115189253,11.334572535311814,-0.7335323294003805,9.18453809730212,1.5762715821185447,-2.150034438009694
3MHI,J90,default,200.0,Kd,nM,0.9929080009460448,-1.5998966296513877,-0.6989700043360187,9.13739508591433,-1.5998966296513877,10.366259002844494,-0.9009266253153689,1.2288639169301643
3MHI,J90,crystal_pocket,200.0,Kd,nM,0.974366287390391,-0.9427701234817504,-0.6989700043360187,9.13739508591433,-0.9427701234817504,9.469938448429108,-0.24380011914573163,0.33254336251477845
3MHI,J90,diffdock_pocket,200.0,Kd,nM,0.9952884713808696,-1.6724484364191692,-0.6989700043360187,9.13739508591433,-1.6724484364191692,10.465219667275749,-0.9734784320831504,1.3278245813614191
3MHL,J71,default,50.0,Kd,nM,0.9905375440915426,-1.4383720954259236,-1.3010299956639813,9.95860491408567,-1.4383720954259236,10.14593953816096,-0.13734209976194234,0.1873346240752891
3MHL,J71,crystal_pocket,50.0,Kd,nM,0.992807149887085,-1.567865014076233,-1.3010299956639813,9.95860491408567,-1.567865014076233,10.322567879199983,-0.26683501841225166,0.3639629651143128
3MHL,J71,diffdock_pocket,50.0,Kd,nM,0.991834263006846,-1.5009099245071411,-1.3010299956639813,9.95860491408567,-1.5009099245071411,10.231241137027741,-0.19987992884315986,0.27263622294207046
3MHM,J75,default,100.0,Kd,nM,0.984444499015808,-0.8828868865966797,-1.0,9.548,-0.8828868865966797,9.388257713317872,0.11711311340332031,-0.1597422866821283
3MHM,J75,crystal_pocket,100.0,Kd,nM,0.9884368777275084,-1.063046932220459,-1.0,9.548,-1.063046932220459,9.633996015548707,-0.06304693222045898,0.08599601554870695
3MHM,J75,diffdock_pocket,100.0,Kd,nM,0.9825504819552104,-0.959597945213318,-1.0,9.548,-0.959597945213318,9.492891597270967,0.04040205478668202,-0.055108402729032946
3MHO,J43,default,170.0,Kd,nM,0.981811265150706,-1.149850885073344,-0.7695510786217261,9.233667671240035,-1.149850885073344,9.752396607240042,-0.38029980645161787,0.5187289360000076
3MHO,J43,crystal_pocket,170.0,Kd,nM,0.9870312213897704,-1.3214654922485352,-0.7695510786217261,9.233667671240035,-1.3214654922485352,9.986478931427003,-0.551914413626809,0.7528112601869683
3MHO,J43,diffdock_pocket,170.0,Kd,nM,0.9859320918718972,-1.2524747451146443,-0.7695510786217261,9.233667671240035,-1.2524747451146443,9.892375552336375,-0.4829236664929182,0.6587078810963405
3ML2,SU0,default,9.0,Ki,nM,0.996997594833374,-1.787017822265625,-2.0457574905606752,10.974413217124761,-1.787017822265625,10.621492309570312,0.25873966829505024,-0.3529209075544486
3ML2,SU0,crystal_pocket,9.0,Ki,nM,0.9984475572903952,-1.986720363299052,-2.0457574905606752,10.974413217124761,-1.986720363299052,10.893886575539907,0.059037127261623246,-0.08052664158485356
3ML2,SU0,diffdock_pocket,9.0,Ki,nM,0.9981034994125366,-1.953535795211792,-2.0457574905606752,10.974413217124761,-1.953535795211792,10.848622824668885,0.09222169534888325,-0.1257903924558761
3MMF,D9H,default,37.0,Ki,nM,0.9877668817838032,-1.5740220546722412,-1.431798275933005,10.13697284837262,-1.5740220546722412,10.330966082572937,-0.1422237787392362,0.19399323420031678
3MMF,D9H,crystal_pocket,37.0,Ki,nM,0.9901490807533264,-1.7232528924942017,-1.431798275933005,10.13697284837262,-1.7232528924942017,10.534516945362093,-0.29145461656119664,0.39754409698947235
3MMF,D9H,diffdock_pocket,37.0,Ki,nM,0.9888749718666076,-1.7539848883946736,-1.431798275933005,10.13697284837262,-1.7539848883946736,10.576435387770335,-0.3221866124616686,0.43946253939771474
3MNA,DWH,default,41.0,Ki,nM,0.988834043343862,-1.5799589157104492,-1.3872161432802645,10.076162819434282,-1.5799589157104492,10.339063961029053,-0.19274277243018467,0.26290114159477085
3MNA,DWH,crystal_pocket,41.0,Ki,nM,0.99175896247228,-1.5885490973790486,-1.3872161432802645,10.076162819434282,-1.5885490973790486,10.350780968825022,-0.20133295409878404,0.27461814939074003
3MNA,DWH,diffdock_pocket,41.0,Ki,nM,0.9920687874158224,-1.7144065300623577,-1.3872161432802645,10.076162819434282,-1.7144065300623577,10.522450507005058,-0.3271903867820931,0.4462876875707753
3MZC,S6I,default,226.0,Ki,nM,0.9968609809875488,-0.9627721110979716,-0.645891560852599,9.064996089002946,-0.9627721110979716,9.497221159537634,-0.31688055024537254,0.43222507053468817
3MZC,S6I,crystal_pocket,226.0,Ki,nM,0.9973737597465516,-1.0603396892547607,-0.645891560852599,9.064996089002946,-1.0603396892547607,9.630303336143495,-0.4144481284021617,0.5653072471405487
3MZC,S6I,diffdock_pocket,226.0,Ki,nM,0.9973805944124856,-0.917257567246755,-0.645891560852599,9.064996089002946,-0.917257567246755,9.435139321724574,-0.271366006394156,0.3701432327216274
3N0N,P9B,default,50.0,Ki,nM,0.9836384057998656,-1.3513717254002888,-1.3010299956639813,9.95860491408567,-1.3513717254002888,10.027271033445995,-0.05034172973630757,0.06866611936032463
3N0N,P9B,crystal_pocket,50.0,Ki,nM,0.9828515648841858,-1.0643835067749023,-1.3010299956639813,9.95860491408567,-1.0643835067749023,9.635819103240967,0.2366464888890789,-0.32278581084470304
3N0N,P9B,diffdock_pocket,50.0,Ki,nM,0.9849488536516824,-1.4897609949111938,-1.3010299956639813,9.95860491408567,-1.4897609949111938,10.216033997058869,-0.1887309992472126,0.2574290829731982
3N3J,WWV,default,3.299999952316284,Ki,nM,0.9967119892438252,-2.0701594750086465,-2.481486066397499,11.56874699456619,-2.0701594750086465,11.007697523911794,0.4113265913888524,-0.561049470654396
3N3J,WWV,crystal_pocket,3.299999952316284,Ki,nM,0.9975927472114564,-2.038212498029073,-2.481486066397499,11.56874699456619,-2.038212498029073,10.964121847311654,0.44327356836842613,-0.6046251472545361
3N3J,WWV,diffdock_pocket,3.299999952316284,Ki,nM,0.9973647395769756,-2.0706629753112797,-2.481486066397499,11.56874699456619,-2.0706629753112797,11.008384298324586,0.41082309108621917,-0.5603626962416044
3N4B,WWZ,default,96.0,Ki,nM,0.9841964840888976,-0.1151765286922454,-1.0177287669604316,9.572182038134029,-0.1151765286922454,8.341100785136224,0.9025522382681862,-1.2310812529978055
3N4B,WWZ,crystal_pocket,96.0,Ki,nM,0.9895224372545878,-0.148643672466278,-1.0177287669604316,9.572182038134029,-0.148643672466278,8.386749969244004,0.8690850944941536,-1.1854320688900248
3N4B,WWZ,diffdock_pocket,96.0,Ki,nM,0.9883920947710672,-0.1489729583263397,-1.0177287669604316,9.572182038134029,-0.1489729583263397,8.387199115157127,0.8687558086340919,-1.1849829229769018
3NB5,R21,default,18.0,Ki,nM,0.994130233923594,-1.955894470214844,-1.744727494896694,10.56380830303909,-1.955894470214844,10.851840057373048,-0.21116697531814999,0.2880317543339572
3NB5,R21,crystal_pocket,18.0,Ki,nM,0.9936505754788716,-2.1999653975168862,-1.744727494896694,10.56380830303909,-2.1999653975168862,11.184752802213033,-0.45523790262019226,0.6209444991739428
3NB5,R21,diffdock_pocket,18.0,Ki,nM,0.9945329229036968,-2.0146413246790567,-1.744727494896694,10.56380830303909,-2.0146413246790567,10.931970766862234,-0.26991382978236267,0.3681624638231433
3NI5,C1H,default,28.0,Ki,nM,0.9940016071001688,-2.010661999384562,-1.5528419686577808,10.302076445249213,-2.010661999384562,10.926542967160543,-0.45782003072678124,0.6244665219113301
3NI5,C1H,crystal_pocket,28.0,Ki,nM,0.9959221084912618,-2.179162740707397,-1.5528419686577808,10.302076445249213,-2.179162740707397,11.15637797832489,-0.6263207720496162,0.8543015330756774
3NI5,C1H,diffdock_pocket,28.0,Ki,nM,0.9953305125236512,-2.236933946609497,-1.5528419686577808,10.302076445249213,-2.236933946609497,11.235177903175355,-0.6840919779517163,0.9331014579261421
3OY0,OY0,default,10.100000381469728,Ki,nM,0.9966906309127808,-1.3795499801635742,-1.9956786098143677,10.906105623786798,-1.3795499801635742,10.065706172943116,0.6161286296507935,-0.8403994508436821
3OY0,OY0,crystal_pocket,10.100000381469728,Ki,nM,0.9965460300445556,-1.3493502140045166,-1.9956786098143677,10.906105623786798,-1.3493502140045166,10.024513691902161,0.6463283958098511,-0.8815919318846372
3OY0,OY0,diffdock_pocket,10.100000381469728,Ki,nM,0.9968444108963012,-1.3669952154159546,-1.9956786098143677,10.906105623786798,-1.3669952154159546,10.048581473827364,0.6286833943984131,-0.8575241499594348
3OYS,OYS,default,107.0,Ki,nM,0.9972543517748514,-1.6092507441838582,-0.9706162223147904,9.507920527237374,-1.6092507441838582,10.379018015066784,-0.6386345218690678,0.8710974878294095
3OYS,OYS,crystal_pocket,107.0,Ki,nM,0.99804292122523,-1.6919419368108113,-0.9706162223147904,9.507920527237374,-1.6919419368108113,10.491808801809947,-0.7213257144960209,0.983888274572573
3OYS,OYS,diffdock_pocket,107.0,Ki,nM,0.9982377886772156,-1.694162090619405,-0.9706162223147904,9.507920527237374,-1.694162090619405,10.494837091604868,-0.7235458683046146,0.986916564367494
3P4V,PMX,default,8000.0,Ki,nM,0.6222739120324453,1.0246463119983673,0.9030899869919435,6.952185257742989,1.0246463119983673,6.7863824304342275,0.12155632500642377,-0.16580282730876128
3P4V,PMX,crystal_pocket,8000.0,Ki,nM,0.6800713439782461,0.8261791964372,0.9030899869919435,6.952185257742989,0.8261791964372,7.05709157605966,-0.07691079055474359,0.10490631831667141
3P4V,PMX,diffdock_pocket,8000.0,Ki,nM,0.6535279055436453,0.914087414741516,0.9030899869919435,6.952185257742989,0.914087414741516,6.937184766292573,0.010997427749572464,-0.015000491450416042
3QYK,IE2,default,49.0,Ki,nM,0.9861322045326232,-1.6735686858495076,-1.3098039199714864,9.970572546841108,-1.6735686858495076,10.466747687498728,-0.3637647658780212,0.4961751406576198
3QYK,IE2,crystal_pocket,49.0,Ki,nM,0.9922868212064108,-2.0022263129552207,-1.3098039199714864,9.970572546841108,-2.0022263129552207,10.915036690870922,-0.6924223929837343,0.9444641440298138
3QYK,IE2,diffdock_pocket,49.0,Ki,nM,0.992456078529358,-2.0533652702967324,-1.3098039199714864,9.970572546841108,-2.0533652702967324,10.984790228684743,-0.7435613503252461,1.0142176818436344
3S8X,E59,default,67.0,Kd,nM,0.9927360812822976,-1.4419948657353718,-1.1739251972991736,9.785233969116073,-1.4419948657353718,10.150880996863048,-0.2680696684361983,0.36564702774697544
3S8X,E59,crystal_pocket,67.0,Kd,nM,0.9949542085329692,-1.715805252393087,-1.1739251972991736,9.785233969116073,-1.715805252393087,10.524358364264172,-0.5418800550939133,0.7391243951480995
3S8X,E59,diffdock_pocket,67.0,Kd,nM,0.994255781173706,-1.5867801904678345,-1.1739251972991736,9.785233969116073,-1.5867801904678345,10.348368179798127,-0.4128549931686609,0.5631342106820547
3S9T,E49,default,220.0,Kd,nM,0.9815207123756408,-1.153907259305318,-0.6575773191777937,9.08093546335851,-1.153907259305318,9.757929501692454,-0.4963299401275242,0.6769940383339428
3S9T,E49,crystal_pocket,220.0,Kd,nM,0.9829990863800048,-1.4761009613672893,-0.6575773191777937,9.08093546335851,-1.4761009613672893,10.197401711304984,-0.8185236421894956,1.116466247946473
3S9T,E49,diffdock_pocket,220.0,Kd,nM,0.9831356008847556,-1.5868300994237263,-0.6575773191777937,9.08093546335851,-1.5868300994237263,10.348436255613963,-0.9292527802459326,1.2675007922554524
3SAP,E2I,default,26.0,Kd,nM,0.9963412086168923,-2.076390027999878,-1.585026652029182,10.345976353367805,-2.076390027999878,11.016195998191835,-0.4913633759706959,0.6702196448240301
3SAP,E2I,crystal_pocket,26.0,Kd,nM,0.9977794289588928,-2.3353333473205566,-1.585026652029182,10.345976353367805,-2.3353333473205566,11.36939468574524,-0.7503066952913746,1.0234183323774353
3SAP,E2I,diffdock_pocket,26.0,Kd,nM,0.99702920516332,-2.247493346532186,-1.585026652029182,10.345976353367805,-2.247493346532186,11.249580924669903,-0.662466694503004,0.9036045713020986
3SAX,E50,default,140.0,Kd,nM,0.9874136249224345,-1.4500510692596436,-0.8538719643217619,9.348681359334885,-1.4500510692596436,10.161869658470154,-0.5961791049378816,0.8131882991352697
3SAX,E50,crystal_pocket,140.0,Kd,nM,0.9882049759229024,-1.4539037148157756,-0.8538719643217619,9.348681359334885,-1.4539037148157756,10.16712466700872,-0.6000317504940137,0.8184433076738351
3SAX,E50,diffdock_pocket,140.0,Kd,nM,0.9910100698471068,-1.5086767276128132,-0.8538719643217619,9.348681359334885,-1.5086767276128132,10.241835056463877,-0.6548047632910513,0.8931536971289926
3SBH,E65,default,33.0,Kd,nM,0.9948203563690186,-1.745840072631836,-1.4814860601221125,10.204746986006562,-1.745840072631836,10.565325859069825,-0.26435401250972346,0.36057887306326286
3SBH,E65,crystal_pocket,33.0,Kd,nM,0.9956457614898682,-1.8114938338597613,-1.4814860601221125,10.204746986006562,-1.8114938338597613,10.654877589384714,-0.3300077737376488,0.45013060337815247
3SBH,E65,diffdock_pocket,33.0,Kd,nM,0.996197521686554,-1.876131574312846,-1.4814860601221125,10.204746986006562,-1.876131574312846,10.743043467362723,-0.39464551419073346,0.538296481356161
3SBI,E90,default,17.0,Kd,nM,0.9962600668271384,-1.9227022727330525,-1.7695510786217261,10.597667671240036,-1.9227022727330525,10.806565900007884,-0.15315119411132638,0.2088982287678487
3SBI,E90,crystal_pocket,17.0,Kd,nM,0.9970763325691224,-2.0019284089406333,-1.7695510786217261,10.597667671240036,-2.0019284089406333,10.914630349795026,-0.23237733031890717,0.31696267855499016
3SBI,E90,diffdock_pocket,17.0,Kd,nM,0.9974822799364724,-2.0823516845703125,-1.7695510786217261,10.597667671240036,-2.0823516845703125,11.024327697753908,-0.3128006059485864,0.426660026513872
3V5G,0F3,default,123.0,Ki,nM,0.9406640728314718,-0.6979348460833231,-0.9100948885606021,9.425369427996662,-0.6979348460833231,9.135983130057653,0.21216004247727893,-0.28938629793900894
3V5G,0F3,crystal_pocket,123.0,Ki,nM,0.9087285002072653,-0.0753769278526306,-0.9100948885606021,9.425369427996662,-0.0753769278526306,8.286814129590988,0.8347179607079714,-1.1385552984056737
3V5G,0F3,diffdock_pocket,123.0,Ki,nM,0.9467782378196716,-0.7260446747144064,-0.9100948885606021,9.425369427996662,-0.7260446747144064,9.17432493631045,0.1840502138461957,-0.251044491686212
4CQ0,SXS,default,50000.0,Ki,nM,0.7887219190597534,0.705735445022583,1.6989700043360187,5.866604914085671,0.705735445022583,7.221376852989198,-0.9932345593134357,1.3547719389035269
4CQ0,SXS,crystal_pocket,50000.0,Ki,nM,0.8041842182477316,0.7221213777860006,1.6989700043360187,5.866604914085671,0.7221213777860006,7.199026440699896,-0.9768486265500181,1.3324215266142252
4CQ0,SXS,diffdock_pocket,50000.0,Ki,nM,0.8168122967084249,0.591701606909434,1.6989700043360187,5.866604914085671,0.591701606909434,7.376919008175532,-1.107268397426585,1.5103140940898614
4DZ7,D02,default,450.0,Ki,nM,0.9972417950630188,-1.9201140801111856,-0.3467874862246563,8.657018131210432,-1.9201140801111856,10.803035605271658,-1.5733265938865293,2.1460174740612263
4DZ7,D02,crystal_pocket,450.0,Ki,nM,0.9982023040453591,-1.9471330642700195,-0.3467874862246563,8.657018131210432,-1.9471330642700195,10.839889499664308,-1.6003455780453633,2.182871368453876
4DZ7,D02,diffdock_pocket,450.0,Ki,nM,0.9985970854759216,-1.9820387760798135,-0.3467874862246563,8.657018131210432,-1.9820387760798135,10.887500890572866,-1.6352512898551572,2.2304827593624346
4E3D,GTQ,default,5000000.0,IC50,nM,0.5285727282365164,1.4753687381744385,3.6989700043360187,3.1386049140856707,1.4753687381744385,6.171597041130067,-2.2236012661615803,3.032992127044396
4E3D,GTQ,crystal_pocket,5000000.0,IC50,nM,0.3439685404300689,1.8964011669158936,3.6989700043360187,3.1386049140856707,1.8964011669158936,5.597308808326722,-1.8025688374201252,2.4587038942410513
4E3D,GTQ,diffdock_pocket,5000000.0,IC50,nM,0.6328351696332296,1.556358774503072,3.6989700043360187,3.1386049140856707,1.556358774503072,6.06112663157781,-2.142611229832947,2.9225217174921396
4E3F,GRE,default,5200.0,Ki,nM,0.6268023252487183,1.4107721249262493,0.7160033436347992,7.207371439282134,1.4107721249262493,6.259706821600596,0.69476878129145,-0.9476646176815384
4E3F,GRE,crystal_pocket,5200.0,Ki,nM,0.5255705614884695,1.9121067126592,0.7160033436347992,7.207371439282134,1.9121067126592,5.575886443932852,1.1961033690244007,-1.6314849953492825
4E3F,GRE,diffdock_pocket,5200.0,Ki,nM,0.6965088645617167,1.168057203292847,0.7160033436347992,7.207371439282134,1.168057203292847,6.590769974708557,0.4520538596580477,-0.6166014645735771
4E3G,SO4,default,183000000.0,Ki,nM,0.6480913360913595,0.4502575993537903,5.26245108973043,1.0060167136076938,0.4502575993537903,7.56984863448143,-4.8121934903766395,6.563831920873737
4E3G,SO4,crystal_pocket,183000000.0,Ki,nM,0.1654501808807253,1.0699658244848251,5.26245108973043,1.0060167136076938,1.0699658244848251,6.724566615402699,-4.192485265245605,5.718549901795005
4E3G,SO4,diffdock_pocket,183000000.0,Ki,nM,0.7964103023211161,0.3355908493200938,5.26245108973043,1.0060167136076938,0.3355908493200938,7.726254081527392,-4.926860240410336,6.720237367919698
4E3H,HQE,default,90.0,Ki,nM,0.7156141002972921,1.0769461393356323,-1.0457574905606752,9.61041321712476,1.0769461393356323,6.715045465946198,2.1227036298963076,-2.8953677511785623
4E3H,HQE,crystal_pocket,90.0,Ki,nM,0.7503131628036499,1.3614418506622314,-1.0457574905606752,9.61041321712476,1.3614418506622314,6.326993315696717,2.4071993412229067,-3.2834199014280436
4E3H,HQE,diffdock_pocket,90.0,Ki,nM,0.7532050013542175,1.259733239809672,-1.0457574905606752,9.61041321712476,1.259733239809672,6.465723860899609,2.305490730370347,-3.1446893562251512
4E49,SO4,default,300000000.0,Ki,nM,0.6816422939300537,0.4412896037101745,5.477121254719663,0.7132066085623803,0.4412896037101745,7.582080980539322,-5.035831651009488,6.868874371976942
4E49,SO4,crystal_pocket,300000000.0,Ki,nM,0.8275767763455709,0.2045603096485138,5.477121254719663,0.7132066085623803,0.2045603096485138,7.904979737639428,-5.272560945071149,7.191773129077047
4E49,SO4,diffdock_pocket,300000000.0,Ki,nM,0.8028479814529419,0.3461003204186757,5.477121254719663,0.7132066085623803,0.3461003204186757,7.711919162948927,-5.131020934300987,6.998712554386547
4E4A,SO4,default,200000000.0,Ki,nM,0.6432417631149292,0.511324092745781,5.301029995663981,0.9533950859143296,0.511324092745781,7.486553937494755,-4.7897059029182,6.533158851580426
4E4A,SO4,crystal_pocket,200000000.0,Ki,nM,0.2870504260063171,0.8920636375745138,5.301029995663981,0.9533950859143296,0.8920636375745138,6.967225198348364,-4.408966358089468,6.013830112434035
4E4A,SO4,diffdock_pocket,200000000.0,Ki,nM,0.8151597380638123,0.1985976149638494,5.301029995663981,0.9533950859143296,0.1985976149638494,7.91311285318931,-5.102432380700132,6.959717767274981
4E5Q,0NM,default,30000.0,Ki,nM,0.5277087688446045,0.7873925964037577,1.4771212547196624,6.169206608562381,0.7873925964037577,7.109996498505274,-0.6897286583159047,0.9407898899428933
4E5Q,0NM,crystal_pocket,30000.0,Ki,nM,0.5801016688346863,0.969205379486084,1.4771212547196624,6.169206608562381,0.969205379486084,6.862003862380982,-0.5079158752335784,0.6927972538186014
4E5Q,0NM,diffdock_pocket,30000.0,Ki,nM,0.6208814978599548,0.98137629032135,1.4771212547196624,6.169206608562381,0.98137629032135,6.845402740001679,-0.4957449643983124,0.6761961314392977
4HT0,V50,default,10.0,Kd,nM,0.9985458652178446,-2.524860143661499,-2.0,10.912,-2.524860143661499,11.627909235954286,-0.524860143661499,0.7159092359542854
4HT0,V50,crystal_pocket,10.0,Kd,nM,0.9986252586046854,-2.522791306177775,-2.0,10.912,-2.522791306177775,11.625087341626486,-0.5227913061777749,0.7130873416264851
4HT0,V50,diffdock_pocket,10.0,Kd,nM,0.9990263183911642,-2.597714980443319,-2.0,10.912,-2.597714980443319,11.72728323332469,-0.5977149804433188,0.8152832333246884
4K0S,AZM,default,25.0,Ki,nM,0.9973313808441162,-1.726794997851054,-1.6020599913279623,10.369209828171341,-1.726794997851054,10.539348377068839,-0.12473500652309166,0.1701385488974978
4K0S,AZM,crystal_pocket,25.0,Ki,nM,0.9976557691891988,-1.766297459602356,-1.6020599913279623,10.369209828171341,-1.766297459602356,10.593229734897614,-0.16423746827439367,0.22401990672627292
4K0S,AZM,diffdock_pocket,25.0,Ki,nM,0.9975051879882812,-1.721297303835551,-1.6020599913279623,10.369209828171341,-1.721297303835551,10.531849522431692,-0.11923731250758873,0.16263969426035096
4KNI,E1E,default,11.0,Ki,nM,0.9944266279538472,-2.2628366947174072,-1.958607314841775,10.855540377444182,-2.2628366947174072,11.270509251594545,-0.30422937987563214,0.41496887415036277
4KNI,E1E,crystal_pocket,11.0,Ki,nM,0.9961673617362976,-2.4632158279418945,-1.958607314841775,10.855540377444182,-2.4632158279418945,11.543826389312745,-0.5046085131001194,0.6882860118685628
4KNI,E1E,diffdock_pocket,11.0,Ki,nM,0.9944313764572144,-2.3314878940582275,-1.958607314841775,10.855540377444182,-2.3314878940582275,11.364149487495423,-0.37288057921645246,0.5086091100512409
4KNJ,E1F,default,0.1099999994039535,Kd,nM,0.993595023949941,-2.1844645341237388,-3.958607317195045,13.583540380654044,-2.1844645341237388,11.163609624544781,1.7741427830713064,-2.419930756109263
4KNJ,E1F,crystal_pocket,0.1099999994039535,Kd,nM,0.9957098960876464,-2.322457790374756,-3.958607317195045,13.583540380654044,-2.322457790374756,11.351832426071168,1.6361495268202892,-2.231707954582877
4KNJ,E1F,diffdock_pocket,0.1099999994039535,Kd,nM,0.9952470064163208,-2.4164435863494877,-3.958607317195045,13.583540380654044,-2.4164435863494877,11.4800290517807,1.5421637308455574,-2.103511328873344
4MO8,2VQ,default,10.0,Ki,nM,0.963417947292328,-1.2337679862976074,-2.0,10.912,-1.2337679862976074,9.866859533309936,0.7662320137023926,-1.0451404666900643
4MO8,2VQ,crystal_pocket,10.0,Ki,nM,0.9739588499069214,-1.2113730907440186,-2.0,10.912,-1.2113730907440186,9.836312895774842,0.7886269092559814,-1.0756871042251586
4MO8,2VQ,diffdock_pocket,10.0,Ki,nM,0.972368816534678,-1.3048667907714844,-2.0,10.912,-1.3048667907714844,9.963838302612306,0.6951332092285156,-0.948161697387695
4PYX,V90,default,1300.0,Kd,nM,0.9272616505622864,-1.523830314477285,0.11394335230683679,8.028581267453475,-1.523830314477285,10.262504548947017,-1.6377736667841216,2.233923281493542
4PYX,V90,crystal_pocket,1300.0,Kd,nM,0.9394192496935526,-1.6031852165857952,0.11394335230683679,8.028581267453475,-1.6031852165857952,10.370744635423026,-1.7171285688926319,2.342163367969551
4PYX,V90,diffdock_pocket,1300.0,Kd,nM,0.9490711887677512,-1.6304471492767334,0.11394335230683679,8.028581267453475,-1.6304471492767334,10.407929911613465,-1.7443905015835701,2.3793486441599896
4PYY,V14,default,4.800000190734863,Kd,nM,0.9680500626564026,-0.8754013975461324,-2.318758745367101,11.346786928680725,-0.8754013975461324,9.378047506252924,1.4433573478209683,-1.9687394224278005
4PYY,V14,crystal_pocket,4.800000190734863,Kd,nM,0.9749380151430764,-1.2026488383611045,-2.318758745367101,11.346786928680725,-1.2026488383611045,9.824413015524549,1.1161099070059963,-1.5223739131561764
4PYY,V14,diffdock_pocket,4.800000190734863,Kd,nM,0.9753109018007914,-1.1755380233128865,-2.318758745367101,11.346786928680725,-1.1755380233128865,9.787433863798778,1.1432207220542143,-1.5593530648819467
4PZH,V13,default,17.0,Kd,nM,0.9961639841397604,-2.067812919616699,-1.7695510786217261,10.597667671240036,-2.067812919616699,11.00449682235718,-0.2982618409949731,0.4068291511171438
4PZH,V13,crystal_pocket,17.0,Kd,nM,0.9970263441403708,-2.102440595626831,-1.7695510786217261,10.597667671240036,-2.102440595626831,11.051728972434999,-0.33288951700510494,0.45406130119496346
4PZH,V13,diffdock_pocket,17.0,Kd,nM,0.9970109264055887,-2.046295086542765,-1.7695510786217261,10.597667671240036,-2.046295086542765,10.975146498044332,-0.27674400792103904,0.3774788268042961
4Q7P,3MH,default,48000.0,Ki,nM,0.7983967661857605,0.9530739188194276,1.6812412373755872,5.890786952219699,0.9530739188194276,6.884007174730302,-0.7281673185561596,0.9932202225106028
4Q7P,3MH,crystal_pocket,48000.0,Ki,nM,0.7756761511166891,1.394062081972758,1.6812412373755872,5.890786952219699,1.394062081972758,6.282499320189158,-0.2871791554028291,0.3917123679694594
4Q7P,3MH,diffdock_pocket,48000.0,Ki,nM,0.7305957674980164,1.6455495357513428,1.6812412373755872,5.890786952219699,1.6455495357513428,5.939470433235169,-0.0356917016242444,0.04868348101546971
4Q7S,2YU,default,38000.0,Ki,nM,0.7644558946291605,0.7896666725476583,1.5797835966168101,6.0291751742146715,0.7896666725476583,7.106894658644995,-0.7901169240691518,1.0777194844303235
4Q7S,2YU,crystal_pocket,38000.0,Ki,nM,0.8249054551124573,0.4762634932994842,1.5797835966168101,6.0291751742146715,0.4762634932994842,7.534376595139504,-1.1035201033173259,1.5052014209248323
4Q7S,2YU,diffdock_pocket,38000.0,Ki,nM,0.8255900144577026,0.3870538771152496,1.5797835966168101,6.0291751742146715,0.3870538771152496,7.6560585116148,-1.1927297195015605,1.6268833374001286
4Q7V,5MH,default,260000.0,Ki,nM,0.7025825381278992,1.0966755946477251,2.414973347970818,4.889976353367804,1.0966755946477251,6.688134488900503,-1.318297753323093,1.7981581355326988
4Q7V,5MH,crystal_pocket,260000.0,Ki,nM,0.7311880787213644,0.9981913566589355,2.414973347970818,4.889976353367804,0.9981913566589355,6.8224669895172125,-1.4167819913118826,1.9324906361494083
4Q7V,5MH,diffdock_pocket,260000.0,Ki,nM,0.7324674725532532,0.9278542399406432,2.414973347970818,4.889976353367804,0.9278542399406432,6.918406816720963,-1.4871191080301749,2.0284304633531587
4Q7W,6MH,default,2300000.0,Ki,nM,0.7581051389376322,1.3875584602355957,3.361727836017593,3.598603231672003,1.3875584602355957,6.291370260238648,-1.9741693757819974,2.692767028566645
4Q7W,6MH,crystal_pocket,2300000.0,Ki,nM,0.7457577586174011,1.4242804447809856,3.361727836017593,3.598603231672003,1.4242804447809856,6.241281473318736,-1.9374473912366075,2.642678241646733
4Q7W,6MH,diffdock_pocket,2300000.0,Ki,nM,0.7552561561266581,1.3128045797348022,3.361727836017593,3.598603231672003,1.3128045797348022,6.39333455324173,-2.048923256282791,2.794731321569727
4Q81,7MH,default,950000.0,Ki,nM,0.6429630716641744,1.9336443344751997,2.9777236052888476,4.122385002386012,1.9336443344751997,5.546509127775828,-1.044079270813648,1.4241241253898158
4Q81,7MH,crystal_pocket,950000.0,Ki,nM,0.7645729581514994,1.295358677705129,2.9777236052888476,4.122385002386012,1.295358677705129,6.417130763610205,-1.6823649275837187,2.294745761224193
4Q81,7MH,diffdock_pocket,950000.0,Ki,nM,0.7508500615755717,1.094395786523819,2.9777236052888476,4.122385002386012,1.094395786523819,6.691244147181512,-1.8833278187650286,2.5688591447955
4Q83,3FH,default,64000.0,Ki,nM,0.8002594510714213,0.6871250222126642,1.806179973983887,5.720370515485977,0.6871250222126642,7.2467614697019265,-1.119054951771223,1.526390954215949
4Q83,3FH,crystal_pocket,64000.0,Ki,nM,0.8093315958976746,0.656926266849041,1.806179973983887,5.720370515485977,0.656926266849041,7.287952572017908,-1.149253707134846,1.567582056531931
4Q83,3FH,diffdock_pocket,64000.0,Ki,nM,0.8153228163719177,0.6139828066031138,1.806179973983887,5.720370515485977,0.6139828066031138,7.346527451793353,-1.1921971673807734,1.6261569363073756
4Q87,4FH,default,14000.0,Ki,nM,0.7118684649467468,0.57605941593647,1.146128035678238,6.620681359334884,0.57605941593647,7.398254956662655,-0.5700686197417679,0.7775735973277715
4Q87,4FH,crystal_pocket,14000.0,Ki,nM,0.7571070790290833,0.2043447792530059,1.146128035678238,6.620681359334884,0.2043447792530059,7.905273721098901,-0.9417832564252321,1.284592361764017
4Q87,4FH,diffdock_pocket,14000.0,Ki,nM,0.7197887897491455,0.3040274381637573,1.146128035678238,6.620681359334884,0.3040274381637573,7.769306574344635,-0.8421005975144806,1.1486252150097513
4Q8X,7FH,default,270000.0,Ki,nM,0.5788112282752991,1.2294623851776123,2.4313637641589874,4.867619825687141,1.2294623851776123,6.507013306617737,-1.201901378981375,1.639393480930596
4Q8X,7FH,crystal_pocket,270000.0,Ki,nM,0.561355729897817,0.9817618131637572,2.4313637641589874,4.867619825687141,0.9817618131637572,6.844876886844635,-1.44960195099523,1.977257061157494
4Q8X,7FH,diffdock_pocket,270000.0,Ki,nM,0.6052772005399069,0.9135515093803406,2.4313637641589874,4.867619825687141,0.9135515093803406,6.937915741205216,-1.5178122547786468,2.0702959155180745
4Q8Y,HQT,default,2300000.0,Ki,nM,0.682607114315033,1.4232837756474812,3.361727836017593,3.598603231672003,1.4232837756474812,6.242640930016837,-1.9384440603701119,2.6440376983448335
4Q8Y,HQT,crystal_pocket,2300000.0,Ki,nM,0.8275319139162699,0.5626786748568217,3.361727836017593,3.598603231672003,0.5626786748568217,7.416506287495295,-2.7990491611607715,3.817903055823292
4Q8Y,HQT,diffdock_pocket,2300000.0,Ki,nM,0.8135511676470438,0.6112115979194641,3.361727836017593,3.598603231672003,0.6112115979194641,7.350307380437852,-2.750516238098129,3.7517041487658487
4QSA,EWW,default,21.0,Kd,nM,0.992965042591095,-2.051518519719442,-1.6777807052660807,10.472492881982934,-2.051518519719442,10.98227126089732,-0.3737378144533612,0.5097783789143868
4QSA,EWW,crystal_pocket,21.0,Kd,nM,0.994698405265808,-2.118035395940145,-1.6777807052660807,10.472492881982934,-2.118035395940145,11.07300028006236,-0.4402546906740643,0.6005073980794258
4QSA,EWW,diffdock_pocket,21.0,Kd,nM,0.9944753845532736,-2.1115760803222656,-1.6777807052660807,10.472492881982934,-2.1115760803222656,11.064189773559571,-0.43379537505618493,0.5916968915766372
4QSB,EWY,default,1250.0,Kd,nM,0.9732006788253784,-0.7333492636680603,0.09691001300805642,8.051814742257012,-0.7333492636680603,9.184288395643234,-0.8302592766761168,1.1324736533862225
4QSB,EWY,crystal_pocket,1250.0,Kd,nM,0.974981645743052,-0.7841046849886576,0.09691001300805642,8.051814742257012,-0.7841046849886576,9.25351879032453,-0.8810146979967141,1.2017040480675192
4QSB,EWY,diffdock_pocket,1250.0,Kd,nM,0.974545975526174,-0.7527053554852804,0.09691001300805642,8.051814742257012,-0.7527053554852804,9.210690104881923,-0.8496153684933369,1.1588753626249115
4QSI,EWZ,default,50.0,Kd,nM,0.976735770702362,-1.756648103396098,-1.3010299956639813,9.95860491408567,-1.756648103396098,10.580068013032278,-0.45561810773211664,0.6214630989466077
4QSI,EWZ,crystal_pocket,50.0,Kd,nM,0.986478348573049,-2.083152095476786,-1.3010299956639813,9.95860491408567,-2.083152095476786,11.025419458230337,-0.7821220998128049,1.0668145441446661
4QSI,EWZ,diffdock_pocket,50.0,Kd,nM,0.985627790292104,-1.9770145813624065,-1.3010299956639813,9.95860491408567,-1.9770145813624065,10.880647888978324,-0.6759845856984252,0.9220429748926531
4QTL,WWO,default,2.0,Kd,nM,0.9684586723645529,-1.1951899925867715,-2.6989700043360187,11.865395085914331,-1.1951899925867715,9.814239149888357,1.5037800117492472,-2.0511559360259746
4QTL,WWO,crystal_pocket,2.0,Kd,nM,0.9756413102149964,-1.2656542857487996,-2.6989700043360187,11.865395085914331,-1.2656542857487996,9.910352445761363,1.4333157185872192,-1.9550426401529677
4QTL,WWO,diffdock_pocket,2.0,Kd,nM,0.977677325407664,-1.4496824343999226,-2.6989700043360187,11.865395085914331,-1.4496824343999226,10.161366840521495,1.2492875699360961,-1.704028245392836
4RFC,3O1,default,5.699999809265137,Ki,nM,0.9900407791137696,-1.3046770493189497,-2.2441251588599824,11.244986716685018,-1.3046770493189497,9.963579495271048,0.9394481095410327,-1.2814072214139696
4RFC,3O1,crystal_pocket,5.699999809265137,Ki,nM,0.990807274977366,-1.3526817560195925,-2.2441251588599824,11.244986716685018,-1.3526817560195925,10.029057915210725,0.8914434028403899,-1.215928801474293
4RFC,3O1,diffdock_pocket,5.699999809265137,Ki,nM,0.990857720375061,-1.4046404759089153,-2.2441251588599824,11.244986716685018,-1.4046404759089153,10.099929609139762,0.8394846829510672,-1.1450571075452558
4RFD,BCT,default,85000000.0,Ki,nM,0.5266760389010111,0.4186700483163197,4.929418925714293,1.4602725853257046,0.4186700483163197,7.612934054096541,-4.510748877397973,6.152661468770836
4RFD,BCT,crystal_pocket,85000000.0,Ki,nM,0.2376379628355304,1.245346050709486,4.929418925714293,1.4602725853257046,1.245346050709486,6.485347986832261,-3.684072875004807,5.025075401506557
4RFD,BCT,diffdock_pocket,85000000.0,Ki,nM,0.5316767791906992,0.6987134963274002,4.929418925714293,1.4602725853257046,0.6987134963274002,7.2309547910094265,-4.230705429386893,5.7706822056837215
4RH2,FC9,default,36.0,Ki,nM,0.953238825003306,-1.2252733906110127,-1.4436974992327127,10.15320338895342,-1.2252733906110127,9.855272904793422,0.21842410862170003,-0.29793048415999834
4RH2,FC9,crystal_pocket,36.0,Ki,nM,0.960221310456594,-1.4827632506688435,-1.4436974992327127,10.15320338895342,-1.4827632506688435,10.206489073912303,-0.03906575143613078,0.053285684958883195
4RH2,FC9,diffdock_pocket,36.0,Ki,nM,0.9636972943941752,-1.4495082298914592,-1.4436974992327127,10.15320338895342,-1.4495082298914592,10.161129225571951,-0.005810730658746488,0.007925836618531079
4RUX,3W3,default,12.0,Ki,nM,0.9960921009381613,-1.364314595858256,-1.9208187539523751,10.80399678039104,-1.364314595858256,10.044925108750663,0.556504158094119,-0.7590716716403776
4RUX,3W3,crystal_pocket,12.0,Ki,nM,0.9695312778155007,-0.9029825727144876,-1.9208187539523751,10.80399678039104,-0.9029825727144876,9.415668229182561,1.0178361812378875,-1.3883285512084793
4RUX,3W3,diffdock_pocket,12.0,Ki,nM,0.9964302579561868,-1.392561395963033,-1.9208187539523751,10.80399678039104,-1.392561395963033,10.083453744093577,0.5282573579893421,-0.7205430362974639
4RUY,3W6,default,13.0,Ki,nM,0.9962622920672098,-1.4921989838282268,-1.8860566476931633,10.756581267453475,-1.4921989838282268,10.219359413941703,0.3938576638649365,-0.5372218535117721
4RUY,3W6,crystal_pocket,13.0,Ki,nM,0.9914126992225648,-1.4229182799657183,-1.8860566476931633,10.756581267453475,-1.4229182799657183,10.12486053387324,0.463138367727445,-0.6317207335802344
4RUY,3W6,diffdock_pocket,13.0,Ki,nM,0.9959898193677268,-1.5287281274795532,-1.8860566476931633,10.756581267453475,-1.5287281274795532,10.269185165882112,0.35732852021361006,-0.48739610157136326
4RUZ,3W8,default,23.0,Ki,nM,0.9957175056139628,-1.0177388389905293,-1.6382721639824072,10.418603231672003,-1.0177388389905293,9.572195776383083,0.6205333249918779,-0.8464074552889205
4RUZ,3W8,crystal_pocket,23.0,Ki,nM,0.9940248926480612,-0.8831745187441508,-1.6382721639824072,10.418603231672003,-0.8831745187441508,9.388650043567022,0.7550976452382564,-1.0299531881049813
4RUZ,3W8,diffdock_pocket,23.0,Ki,nM,0.996109664440155,-1.0780352552731831,-1.6382721639824072,10.418603231672003,-1.0780352552731831,9.654440088192622,0.560236908709224,-0.7641631434793812
4WL4,FC5,default,285000.0,Ki,nM,0.7881226738293966,1.036419153213501,2.45484486000851,4.835591610948392,1.036419153213501,6.770324275016785,-1.4184257067950092,1.9347326640683926
4WL4,FC5,crystal_pocket,285000.0,Ki,nM,0.8565508127212524,0.8669251799583435,2.45484486000851,4.835591610948392,0.8669251799583435,7.00151405453682,-1.5879196800501667,2.1659224435884274
4WL4,FC5,diffdock_pocket,285000.0,Ki,nM,0.848470667997996,1.0785506169001262,2.45484486000851,4.835591610948392,1.0785506169001262,6.712856958548228,-1.376294243108384,1.8772653475998355
4WW6,3TV,default,2.0,Kd,nM,0.9995918075243632,-3.118990977605184,-2.6989700043360187,11.865395085914331,-3.118990977605184,12.438303693453472,-0.4200209732691653,0.5729086075391407
4WW6,3TV,crystal_pocket,2.0,Kd,nM,0.9494936267534893,-1.475798726081848,-2.6989700043360187,11.865395085914331,-1.475798726081848,10.196989462375642,1.2231712782541708,-1.668405623538689
4WW6,3TV,diffdock_pocket,2.0,Kd,nM,0.9997878273328146,-3.299165964126587,-2.6989700043360187,11.865395085914331,-3.299165964126587,12.684062375068665,-0.6001959597905682,0.8186672891543338
4XE1,IL5,default,77.0,Ki,nM,0.9963092605272929,-1.5309043327967329,-1.1135092748275182,9.702826650864735,-1.5309043327967329,10.272153509934745,-0.4173950579692147,0.56932685907001
4XE1,IL5,crystal_pocket,77.0,Ki,nM,0.9966540932655334,-1.5479321082433064,-1.1135092748275182,9.702826650864735,-1.5479321082433064,10.29537939564387,-0.43442283341578825,0.5925527447791357
4XE1,IL5,diffdock_pocket,77.0,Ki,nM,0.9965318242708842,-1.5399596691131592,-1.1135092748275182,9.702826650864735,-1.5399596691131592,10.28450498867035,-0.426450394285641,0.5816783378056147
4YX4,FB2,default,430.0,Ki,nM,0.9818642139434814,-0.0731203282872835,-0.36653154442041347,8.683949026589445,-0.0731203282872835,8.283736127783856,0.29341121613313,-0.40021289880558975
4YX4,FB2,crystal_pocket,430.0,Ki,nM,0.9774792194366456,0.0310614183545112,-0.36653154442041347,8.683949026589445,0.0310614183545112,8.141632225364447,0.3975929627749247,-0.5423168012249988
4YX4,FB2,diffdock_pocket,430.0,Ki,nM,0.9828961491584778,-0.0919283702969551,-0.36653154442041347,8.683949026589445,-0.0919283702969551,8.309390297085047,0.27460317412345836,-0.3745587295043986
4YXI,4J8,default,580.0,IC50,nM,0.9923312664031982,-0.2343846435348192,-0.23657200643706275,8.506684216780155,-0.2343846435348192,8.503700653781495,0.002187362902243556,-0.00298356299865965
4YXI,4J8,crystal_pocket,580.0,IC50,nM,0.971656084060669,-0.0416115820407867,-0.23657200643706275,8.506684216780155,-0.0416115820407867,8.240758197903634,0.19496042439627603,-0.26592601887652023
4YXI,4J8,diffdock_pocket,580.0,IC50,nM,0.9919347961743672,-0.1732090109338363,-0.23657200643706275,8.506684216780155,-0.1732090109338363,8.420257090913752,0.06336299550322644,-0.08642712586640222
4YXO,4JC,default,0.050000000745058,Ki,nM,0.9977586468060812,-0.8323538502057394,-4.3010299891924895,14.050604905258556,-0.8323538502057394,9.319330651680628,3.46867613898675,-4.7312742535779275
4YXO,4JC,crystal_pocket,0.050000000745058,Ki,nM,0.994893491268158,-0.5338915487130483,-4.3010299891924895,14.050604905258556,-0.5338915487130483,8.912228072444599,3.767138440479441,-5.138376832813957
4YXO,4JC,diffdock_pocket,0.050000000745058,Ki,nM,0.9974703788757324,-0.7745015422503153,-4.3010299891924895,14.050604905258556,-0.7745015422503153,9.24042010362943,3.5265284469421743,-4.810184801629125
4YXU,4JE,default,0.0299999993294477,Ki,nM,0.9960525631904602,-0.9975786209106444,-4.522878754987577,14.353206621803055,-0.9975786209106444,9.54469723892212,3.5253001340769323,-4.808509382880935
4YXU,4JE,crystal_pocket,0.0299999993294477,Ki,nM,0.9846450686454772,-0.5060855746269226,-4.522878754987577,14.353206621803055,-0.5060855746269226,8.874300723791123,4.016793180360654,-5.4789058980119325
4YXU,4JE,diffdock_pocket,0.0299999993294477,Ki,nM,0.8984091877937317,0.1734217703342437,-4.522878754987577,14.353206621803055,0.1734217703342437,7.947452705264092,4.696300525321821,-6.405753916538964
4YYT,S2O,default,110.0,Ki,nM,0.9887409210205078,-0.502273678779602,-0.958607314841775,9.491540377444181,-0.502273678779602,8.869101297855378,0.4563336360621729,-0.6224390795888031
4YYT,S2O,crystal_pocket,110.0,Ki,nM,0.9263067444165548,0.9643667340278624,-0.958607314841775,9.491540377444181,0.9643667340278624,6.868603774785996,1.9229740488696374,-2.6229366026581857
4YYT,S2O,diffdock_pocket,110.0,Ki,nM,0.9861047267913818,-0.412554254134496,-0.958607314841775,9.491540377444181,-0.412554254134496,8.746724002639453,0.546053060707279,-0.7448163748047278
5A6H,OE2,default,88.0,Ki,nM,0.9804990092913308,-1.778953750928243,-1.0555173278498313,9.62372563518717,-1.778953750928243,10.610492916266123,-0.7234364230784116,0.9867672810789525
5A6H,OE2,crystal_pocket,88.0,Ki,nM,0.987102746963501,-1.7874271869659424,-1.0555173278498313,9.62372563518717,-1.7874271869659424,10.622050683021547,-0.7319098591161111,0.9983250478343759
5A6H,OE2,diffdock_pocket,88.0,Ki,nM,0.9932907621065776,-2.081978996594747,-1.0555173278498313,9.62372563518717,-2.081978996594747,11.023819351355236,-1.0264616687449157,1.4000937161680653
5BYI,4WA,default,106.0,Ki,nM,0.9933773080507914,-0.8475397825241089,-0.9746941347352298,9.513482799778854,-0.8475397825241089,9.340044263362886,0.12715435221112092,-0.17343853641596851
5BYI,4WA,crystal_pocket,106.0,Ki,nM,0.9952654639879862,-1.0197853048642476,-0.9746941347352298,9.513482799778854,-1.0197853048642476,9.574987155834835,-0.045091170129017755,0.06150435605598048
5BYI,4WA,diffdock_pocket,106.0,Ki,nM,0.995372752348582,-1.0133241415023804,-0.9746941347352298,9.513482799778854,-1.0133241415023804,9.566174129009248,-0.03863000676715056,0.052691329230393436
5C8I,MZM,default,14.0,Ki,nM,0.9984491467475892,-1.8950060606002808,-1.853871964321762,10.712681359334884,-1.8950060606002808,10.768788266658785,-0.04113409627851872,0.05610690732390111
5C8I,MZM,crystal_pocket,14.0,Ki,nM,0.9986991286277772,-1.8785672187805176,-1.853871964321762,10.712681359334884,-1.8785672187805176,10.746365686416627,-0.024695254458755533,0.03368432708174396
5C8I,MZM,diffdock_pocket,14.0,Ki,nM,0.9985784888267516,-1.9101203680038448,-1.853871964321762,10.712681359334884,-1.9101203680038448,10.789404181957245,-0.056248403682082726,0.07672282262236152
5E2R,520,default,86.0,Ki,nM,0.993148148059845,-1.172606905301412,-1.0655015487564323,9.637344112503774,-1.172606905301412,9.783435818831128,-0.10710535654497977,0.14609170632735413
5E2R,520,crystal_pocket,86.0,Ki,nM,0.9970702131589254,-1.502814491589864,-1.0655015487564323,9.637344112503774,-1.502814491589864,10.233838966528575,-0.4373129428334317,0.596494854024801
5E2R,520,diffdock_pocket,86.0,Ki,nM,0.9971041480700176,-1.495517611503601,-1.0655015487564323,9.637344112503774,-1.495517611503601,10.223886022090912,-0.43001606274716875,0.5865419095871385
5EHE,WWO,default,61.0,Kd,nM,0.9696775476137796,-1.206846753756205,-1.214670164989233,9.840810105045314,-1.206846753756205,9.830138972123464,0.007823411233027988,-0.010671132921849846
5EHE,WWO,crystal_pocket,61.0,Kd,nM,0.9743657112121582,-1.3447327216466267,-1.214670164989233,9.840810105045314,-1.3447327216466267,10.018215432325999,-0.13006255665739364,0.1774053272806846
5EHE,WWO,diffdock_pocket,61.0,Kd,nM,0.9743716716766356,-1.3346561988194785,-1.214670164989233,9.840810105045314,-1.3346561988194785,10.00447105518977,-0.11998603383024542,0.1636609501444557
5FDC,5WN,default,110000.0,IC50,nM,0.979462504386902,-0.8700413107872009,2.041392685158225,5.399540377444182,-0.8700413107872009,9.370736347913743,-2.911433995945426,3.9711959704695614
5FDC,5WN,crystal_pocket,110000.0,IC50,nM,0.9830270806948344,-0.7620486617088318,2.041392685158225,5.399540377444182,-0.7620486617088318,9.223434374570846,-2.8034413468670567,3.823893997126665
5FDC,5WN,diffdock_pocket,110000.0,IC50,nM,0.983078122138977,-0.8364405830701193,2.041392685158225,5.399540377444182,-0.8364405830701193,9.324904955307643,-2.8778332682283443,3.925364577863461
5FNJ,CL,default,200000000.0,Ki,nM,0.3462224354346593,0.6070772409439087,5.301029995663981,0.9533950859143296,0.6070772409439087,7.355946643352509,-4.693952754720073,6.40255155743818
5J8Z,6KE,default,5.0,Ki,nM,0.9263379375139872,-1.0071891744931538,-2.3010299956639813,11.322604914085671,-1.0071891744931538,9.557806034008662,1.2938408211708274,-1.7647988800770094
5J8Z,6KE,diffdock_pocket,5.0,Ki,nM,0.9428950548171996,-1.1681963404019673,-2.3010299956639813,11.322604914085671,-1.1681963404019673,9.777419808308284,1.132833655262014,-1.5451851057773869
5JQT,6M9,default,8180.0,Ki,nM,0.5394980311393738,0.666275550921758,0.912753303671323,6.939004493792316,0.666275550921758,7.275200148542723,-0.24647775274956496,0.3361956547504068
5JQT,6M9,crystal_pocket,8180.0,Ki,nM,0.1485226182267069,0.1366216540336609,0.912753303671323,6.939004493792316,0.1366216540336609,7.997648063898088,-0.7761316496376621,1.0586435701057715
5JQT,6M9,diffdock_pocket,8180.0,Ki,nM,0.7532072067260742,-0.0279194004833698,0.912753303671323,6.939004493792316,-0.0279194004833698,8.222082062259316,-0.9406727041546928,1.2830775684670002
5LL4,6YH,default,4.0,Kd,nM,0.997908135255178,-2.2678279876708984,-2.3979400086720375,11.45479017182866,-2.2678279876708984,11.277317375183106,0.13011202100113906,-0.1774727966455547
5LL4,6YH,diffdock_pocket,4.0,Kd,nM,0.9982988834381104,-2.292277733484904,-2.3979400086720375,11.45479017182866,-2.292277733484904,11.310666828473408,0.10566227518713367,-0.14412334335525223
5LL8,6YP,default,0.0049999998882412,Ki,nM,0.9974740942319236,-1.1705918312072754,-5.301030005371228,15.414604927326355,-1.1705918312072754,9.780687257766724,4.130438174163952,-5.633917669559631
5LL8,6YP,crystal_pocket,0.0049999998882412,Ki,nM,0.9976043701171876,-1.1901118755340576,-5.301030005371228,15.414604927326355,-1.1901118755340576,9.807312598228455,4.11091812983717,-5.6072923290979
5LL8,6YP,diffdock_pocket,0.0049999998882412,Ki,nM,0.9970804452896118,-1.1684163014094036,-5.301030005371228,15.414604927326355,-1.1684163014094036,9.777719835122427,4.132613703961824,-5.6368850922039275
5LLC,V26,default,2.400000095367432,Kd,nM,0.9953947067260742,-2.265302578608195,-2.619788741031082,11.757391842766395,-2.265302578608195,11.273872717221577,0.3544861624228872,-0.48351912554481835
5LLC,V26,crystal_pocket,2.400000095367432,Kd,nM,0.995854119459788,-2.371885299682617,-2.619788741031082,11.757391842766395,-2.371885299682617,11.419251548767091,0.24790344134846487,-0.3381402939993041
5LLC,V26,diffdock_pocket,2.400000095367432,Kd,nM,0.9977861841519674,-2.4961729844411216,-2.619788741031082,11.757391842766395,-2.4961729844411216,11.588779950777692,0.12361575658996049,-0.16861189198870363
5LLE,V51,default,5.0,Kd,nM,0.9985921382904052,-2.6414384841918945,-2.3010299956639813,11.322604914085671,-2.6414384841918945,11.786922092437745,-0.3404084885279133,0.46431717835207387
5LLE,V51,crystal_pocket,5.0,Kd,nM,0.9992804527282716,-2.758263349533081,-2.3010299956639813,11.322604914085671,-2.758263349533081,11.946271208763124,-0.4572333538690998,0.6236662946774523
5LLE,V51,diffdock_pocket,5.0,Kd,nM,0.999465803305308,-2.910543441772461,-2.3010299956639813,11.322604914085671,-2.910543441772461,12.153981254577637,-0.6095134461084797,0.8313763404919658
5LLG,VD9,default,13.0,Kd,nM,0.9970958431561788,-2.05684757232666,-1.8860566476931633,10.756581267453475,-2.05684757232666,10.989540088653566,-0.17079092463349688,0.23295882120009104
5LLG,VD9,crystal_pocket,13.0,Kd,nM,0.9921825528144836,-1.45880122979482,-1.8860566476931633,10.756581267453475,-1.45880122979482,10.173804877440135,0.4272554178983432,-0.5827763900133398
5LLG,VD9,diffdock_pocket,13.0,Kd,nM,0.9972508549690248,-1.96050226688385,-1.8860566476931633,10.756581267453475,-1.96050226688385,10.858125092029573,-0.07444561919068682,0.10154382457609756
5LLH,V49,default,1.100000023841858,Kd,nM,0.9960229396820068,-2.810715119043986,-2.958607305428696,12.219540364604743,-2.810715119043986,12.017815422375998,0.14789218638471002,-0.20172494222874526
5LLH,V49,crystal_pocket,1.100000023841858,Kd,nM,0.99675581852595,-2.7223148345947266,-2.958607305428696,12.219540364604743,-2.7223148345947266,11.897237434387208,0.23629247083396931,-0.32230293021753553
5LLH,V49,diffdock_pocket,1.100000023841858,Kd,nM,0.9954558809598288,-2.646238088607788,-2.958607305428696,12.219540364604743,-2.646238088607788,11.793468752861024,0.3123692168209078,-0.4260716117437191
5M78,SAL,default,7100.0,Ki,nM,0.5932712654272715,1.5056555271148682,0.8512583487190752,7.022883612347181,1.5056555271148682,6.13028586101532,0.6543971783957929,-0.892597751331861
5M78,SAL,crystal_pocket,7100.0,Ki,nM,0.6119544009367625,1.6872348388036091,0.8512583487190752,7.022883612347181,1.6872348388036091,5.882611679871878,0.8359764900845339,-1.1402719324753035
5M78,SAL,diffdock_pocket,7100.0,Ki,nM,0.6185413400332133,1.6173077821731567,0.8512583487190752,7.022883612347181,1.6173077821731567,5.977992185115815,0.7660494334540815,-1.0448914272313665
5N0D,8F2,default,3.5,Ki,nM,0.9945053060849508,-2.398455858230591,-2.4559319556497243,11.533891187506224,-2.398455858230591,11.455493790626527,0.05747609741913351,-0.07839739687969782
5N0D,8F2,crystal_pocket,3.5,Ki,nM,0.9969686071077982,-2.5905165672302246,-2.4559319556497243,11.533891187506224,-2.5905165672302246,11.717464597702028,-0.13458461158050028,0.18357341019580353
5N0D,8F2,diffdock_pocket,3.5,Ki,nM,0.9965790510177612,-2.550753355026245,-2.4559319556497243,11.533891187506224,-2.550753355026245,11.6632275762558,-0.09482139937652079,0.1293363887495751
5N0E,8F3,default,3.5999999046325684,Ki,nM,0.9944740335146586,-2.412827491760254,-2.4436975107375876,11.51720340464607,-2.412827491760254,11.475096698760987,0.030870018977333658,-0.04210670588508236
5N0E,8F3,crystal_pocket,3.5999999046325684,Ki,nM,0.9958750009536744,-2.5928151607513428,-2.4436975107375876,11.51720340464607,-2.5928151607513428,11.720599879264832,-0.1491176500137552,0.20339647461876176
5N0E,8F3,diffdock_pocket,3.5999999046325684,Ki,nM,0.9959147969881692,-2.551413456598917,-2.4436975107375876,11.51720340464607,-2.551413456598917,11.664127954800923,-0.10771594586132949,0.1469245501548535
5N1R,8GH,default,11.0,Ki,nM,0.9968350927035012,-1.1789976060390472,-1.958607314841775,10.855540377444182,-1.1789976060390472,9.792152734637261,0.7796097088027278,-1.063387642806921
5N1R,8GH,crystal_pocket,11.0,Ki,nM,0.9977123737335204,-1.288080890973409,-1.958607314841775,10.855540377444182,-1.288080890973409,9.94094233528773,0.6705264238683661,-0.9145980421564524
5N1R,8GH,diffdock_pocket,11.0,Ki,nM,0.9981288313865662,-1.316583414872487,-1.958607314841775,10.855540377444182,-1.316583414872487,9.979819777886073,0.642023899969288,-0.8757205995581092
5N1S,8GE,default,10.0,Ki,nM,0.9945419033368428,-1.136183261871338,-2.0,10.912,-1.136183261871338,9.733753969192506,0.8638167381286621,-1.178246030807495
5N1S,8GE,crystal_pocket,10.0,Ki,nM,0.996691644191742,-1.3844010829925537,-2.0,10.912,-1.3844010829925537,10.072323077201844,0.6155989170074463,-0.8396769227981569
5N1S,8GE,diffdock_pocket,10.0,Ki,nM,0.9967339634895324,-1.4347365299860635,-2.0,10.912,-1.4347365299860635,10.14098062690099,0.5652634700139365,-0.7710193730990103
5N24,8HE,default,1.2000000476837158,Ki,nM,0.9903340538342794,-1.1510453621546428,-2.9208187366950633,12.167996756852066,-1.1510453621546428,9.754025873978934,1.7697733745404205,-2.413970882873132
5N24,8HE,crystal_pocket,1.2000000476837158,Ki,nM,0.9593908190727234,-0.0979721546173095,-2.9208187366950633,12.167996756852066,-0.0979721546173095,8.31763401889801,2.8228465820777537,-3.8503627379540557
5N24,8HE,diffdock_pocket,1.2000000476837158,Ki,nM,0.992971162001292,-1.197157621383667,-2.9208187366950633,12.167996756852066,-1.197157621383667,9.816922995567323,1.7236611153113963,-2.351073761284743
5N25,8HK,default,17.0,Ki,nM,0.9943188627560934,-1.294193704922994,-1.7695510786217261,10.597667671240036,-1.294193704922994,9.949280213514964,0.4753573736987322,-0.6483874577250717
5N25,8HK,crystal_pocket,17.0,Ki,nM,0.9944998621940612,-1.0979710618654888,-1.7695510786217261,10.597667671240036,-1.0979710618654888,9.681632528384528,0.6715800167562374,-0.9160351428555078
5N25,8HK,diffdock_pocket,17.0,Ki,nM,0.9951296051343282,-1.3536160389582317,-1.7695510786217261,10.597667671240036,-1.3536160389582317,10.03033227713903,0.41593503966349443,-0.567335394101006
5NEA,8V8,default,0.050000000745058,Ki,nM,0.9963979919751486,-1.2380961378415425,-4.3010299891924895,14.050604905258556,-1.2380961378415425,9.872763132015864,3.062933851350947,-4.177841773242692
5NEA,8V8,crystal_pocket,0.050000000745058,Ki,nM,0.974508305390676,-0.3169746100902557,-4.3010299891924895,14.050604905258556,-0.3169746100902557,8.616353368163109,3.9840553791022337,-5.434251537095447
5NEA,8V8,diffdock_pocket,0.050000000745058,Ki,nM,0.997115155061086,-1.3049112558364868,-4.3010299891924895,14.050604905258556,-1.3049112558364868,9.96389895296097,2.9961187333560027,-4.086705952297587
5NEE,8V5,default,0.0199999995529651,Ki,nM,0.9944541652997336,-1.6214382648468018,-4.698970014043258,14.593395099155005,-1.6214382648468018,10.395641793251038,3.0775317491964564,-4.197753305903968
5NEE,8V5,crystal_pocket,0.0199999995529651,Ki,nM,0.9943919777870178,-1.600898543993632,-4.698970014043258,14.593395099155005,-1.600898543993632,10.367625614007315,3.098071470049626,-4.225769485147691
5NEE,8V5,diffdock_pocket,0.0199999995529651,Ki,nM,0.9938867290814718,-1.712200363477071,-4.698970014043258,14.593395099155005,-1.712200363477071,10.519441295782725,2.9867696505661874,-4.07395380337228
5O07,1VQ,default,34.0,Ki,nM,0.985562026500702,-1.346914529800415,-1.4685210829577449,10.187062757154365,-1.346914529800415,10.021191418647767,0.12160655315732982,-0.16587133850659797
5O07,1VQ,crystal_pocket,34.0,Ki,nM,0.9898030956586202,-1.4567222595214844,-1.4685210829577449,10.187062757154365,-1.4567222595214844,10.170969161987305,0.011798823436260486,-0.016093595167060215
5O07,1VQ,diffdock_pocket,34.0,Ki,nM,0.9892679452896118,-1.4431369304656982,-1.4685210829577449,10.187062757154365,-1.4431369304656982,10.152438773155213,0.02538415249204662,-0.03462398399915223
5SZ4,72D,default,0.2000000029802322,Ki,nM,0.9952527483304342,-1.5160069863001506,-3.698969997864527,13.229395077087215,-1.5160069863001506,10.251833529313407,2.182963011564376,-2.977561547773808
5SZ4,72D,crystal_pocket,0.2000000029802322,Ki,nM,0.9959259231885276,-1.5659284194310503,-3.698969997864527,13.229395077087215,-1.5659284194310503,10.319926364103953,2.1330415784334766,-2.909468712983262
5SZ4,72D,diffdock_pocket,0.2000000029802322,Ki,nM,0.9951253135999044,-1.5639036099116008,-3.698969997864527,13.229395077087215,-1.5639036099116008,10.317164523919425,2.135066387952926,-2.91223055316779
5SZ5,72E,default,20.0,Ki,nM,0.9942522048950196,-1.6601821184158323,-1.6989700043360187,10.50139508591433,-1.6601821184158323,10.448488409519197,0.03878788592018645,-0.0529066763951338
5SZ5,72E,crystal_pocket,20.0,Ki,nM,0.996567726135254,-1.7014339367548623,-1.6989700043360187,10.50139508591433,-1.7014339367548623,10.504755889733632,-0.002463932418843573,0.0033608038193015943
5SZ5,72E,diffdock_pocket,20.0,Ki,nM,0.995713452498118,-1.7670366366704304,-1.6989700043360187,10.50139508591433,-1.7670366366704304,10.594237972418467,-0.06806663233441168,0.09284288650413686
5SZ6,72G,default,99.0,Ki,nM,0.991354008515676,-1.51310662428538,-1.00436480540245,9.553953594568943,-1.51310662428538,10.247877435525258,-0.5087418188829298,0.6939238409563142
5SZ6,72G,crystal_pocket,99.0,Ki,nM,0.9932048320770264,-1.5305206378300984,-1.00436480540245,9.553953594568943,-1.5305206378300984,10.271630150000254,-0.5261558324276483,0.7176765554313107
5SZ6,72G,diffdock_pocket,99.0,Ki,nM,0.9919796586036682,-1.5662240584691365,-1.00436480540245,9.553953594568943,-1.5662240584691365,10.320329615751902,-0.5618592530666864,0.7663760211829587
5SZ7,72H,default,0.2000000029802322,Ki,nM,0.9964084029197692,-2.0959765513738,-3.698969997864527,13.229395077087215,-2.0959765513738,11.042912016073865,1.6029934464907272,-2.18648306101335
5SZ7,72H,crystal_pocket,0.2000000029802322,Ki,nM,0.9974654912948608,-2.0175211826960244,-3.698969997864527,13.229395077087215,-2.0175211826960244,10.935898893197377,1.6814488151685025,-2.293496183889838
5SZ7,72H,diffdock_pocket,0.2000000029802322,Ki,nM,0.99752805630366,-2.029414931933085,-3.698969997864527,13.229395077087215,-2.029414931933085,10.952121967156728,1.669555065931442,-2.277273109930487
5TXY,7Q1,default,2600.0,Kd,nM,0.6575157642364502,0.1419486403465271,0.414973347970818,7.617976353367805,0.1419486403465271,7.990382054567338,-0.2730247076242909,0.37240570119953276
5TXY,7Q1,crystal_pocket,2600.0,Kd,nM,0.7449815471967062,-0.083131343126297,0.414973347970818,7.617976353367805,-0.083131343126297,8.29739115202427,-0.49810469109711497,0.6794147986564649
5TXY,7Q1,diffdock_pocket,2600.0,Kd,nM,0.7490478952725729,-0.1503304839134216,0.414973347970818,7.617976353367805,-0.1503304839134216,8.389050780057907,-0.5653038318842396,0.7710744266901024
5TY1,7QV,default,3500.0,Kd,nM,0.4825353523095448,0.7737934477627277,0.5440680443502757,7.441891187506225,0.7737934477627277,7.12854573725164,0.22972540341245207,-0.3133454502545847
5TY1,7QV,crystal_pocket,3500.0,Kd,nM,0.48900106549263,0.8662068098783493,0.5440680443502757,7.441891187506225,0.8662068098783493,7.002493911325932,0.32213876552807363,-0.43939727618029245
5TY1,7QV,diffdock_pocket,3500.0,Kd,nM,0.4850904842217763,0.8256017963091532,0.5440680443502757,7.441891187506225,0.8256017963091532,7.057879149834315,0.28153375195887753,-0.3840120376719094
5TY8,7Q1,default,3500.0,Kd,nM,0.6364421645800272,0.1935069561004638,0.5440680443502757,7.441891187506225,0.1935069561004638,7.920056511878968,-0.35056108824981186,0.4781653243727435
5TY8,7Q1,crystal_pocket,3500.0,Kd,nM,0.6429012417793274,0.2932151208321253,0.5440680443502757,7.441891187506225,0.2932151208321253,7.784054575184981,-0.25085292351815036,0.342163387678756
5TY8,7Q1,diffdock_pocket,3500.0,Kd,nM,0.6520062883694967,0.2665864725907643,0.5440680443502757,7.441891187506225,0.2665864725907643,7.820376051386198,-0.2774815717595114,0.37848486387997315
5TY9,7QV,default,3500.0,Kd,nM,0.508400579293569,0.5475527743498484,0.5440680443502757,7.441891187506225,0.5475527743498484,7.4371380157868066,0.003484729999572722,-0.004753171719418248
5TY9,7QV,crystal_pocket,3500.0,Kd,nM,0.5722870230674744,0.4930666387081146,0.5440680443502757,7.441891187506225,0.4930666387081146,7.511457104802132,-0.051001405642161046,0.06956591729590755
5TY9,7QV,diffdock_pocket,3500.0,Kd,nM,0.53074183066686,0.6932557225227356,0.5440680443502757,7.441891187506225,0.6932557225227356,7.23839919447899,0.14918767817245993,-0.2034919930272352
5TYA,7QS,default,17400.0,Kd,nM,0.7156988581021627,-0.1880124360322952,1.2405492482825997,6.4918908253425345,-0.1880124360322952,8.440448962748052,-1.428561684314895,1.9485581374055174
5TYA,7QS,crystal_pocket,17400.0,Kd,nM,0.7363361318906149,-0.2162547260522842,1.2405492482825997,6.4918908253425345,-0.2162547260522842,8.478971446335317,-1.456803974334884,1.9870806209927823
5TYA,7QS,diffdock_pocket,17400.0,Kd,nM,0.7671146988868713,-0.2112244417270024,1.2405492482825997,6.4918908253425345,-0.2112244417270024,8.472110138515632,-1.451773690009602,1.9802193131730972
5U0D,7R7,default,28600.0,Kd,nM,0.7041463653246561,0.386126051346461,1.4563660331290431,6.197516730811985,0.386126051346461,7.657324065963428,-1.070239981782582,1.4598073351514422
5U0D,7R7,crystal_pocket,28600.0,Kd,nM,0.7249149084091187,0.3108044862747192,1.4563660331290431,6.197516730811985,0.3108044862747192,7.760062680721283,-1.1455615468543239,1.562545949909298
5U0D,7R7,diffdock_pocket,28600.0,Kd,nM,0.7658728361129761,0.1820690035820007,1.4563660331290431,6.197516730811985,0.1820690035820007,7.935657879114151,-1.2742970295470424,1.7381411483021658
5U0E,7R4,default,7700.0,Kd,nM,0.8371046185493469,-0.0879854261875152,0.8864907251724818,6.974826650864735,-0.0879854261875152,8.304012121319772,-0.9744761513599971,1.3291854704550374
5U0E,7R4,crystal_pocket,7700.0,Kd,nM,0.849539577960968,-0.3678603159884612,0.8864907251724818,6.974826650864735,-0.3678603159884612,8.685761471008263,-1.254351041160943,1.7109348201435282
5U0E,7R4,diffdock_pocket,7700.0,Kd,nM,0.8495028614997864,-0.2351267039775848,0.8864907251724818,6.974826650864735,-0.2351267039775848,8.504712824225427,-1.1216174291500667,1.5298861733606923
5U0F,7R1,default,2300.0,Kd,nM,0.7522001266479492,-0.2692841986815135,0.36172783601759284,7.690603231672004,-0.2692841986815135,8.551303647001586,-0.6310120346991064,0.8607004153295819
5U0F,7R1,crystal_pocket,2300.0,Kd,nM,0.8285956184069315,-0.5426230629285177,0.36172783601759284,7.690603231672004,-0.5426230629285177,8.924137857834499,-0.9043508989461105,1.2335346261624949
5U0F,7R1,diffdock_pocket,2300.0,Kd,nM,0.7891014615694681,-0.3892233880857627,0.36172783601759284,7.690603231672004,-0.3892233880857627,8.71490070134898,-0.7509512241033556,1.024297469676977
5U0G,7QY,default,26200.0,Kd,nM,0.6874450941880544,-0.0157421678304672,1.4183012913197455,6.249437038639868,-0.0157421678304672,8.205472316920758,-1.4340434591502127,1.9560352782808907
5U0G,7QY,crystal_pocket,26200.0,Kd,nM,0.7755212187767029,-0.1040810644626617,1.4183012913197455,6.249437038639868,-0.1040810644626617,8.32596657192707,-1.5223823557824072,2.0765295332872027
5U0G,7QY,diffdock_pocket,26200.0,Kd,nM,0.7774950265884399,-0.1555118908484777,1.4183012913197455,6.249437038639868,-0.1555118908484777,8.396118219117323,-1.573813182168223,2.1466811804774553
5ULN,8JS,default,14.0,Ki,nM,0.9939124782880148,-1.3948076168696086,-1.853871964321762,10.712681359334884,-1.3948076168696086,10.086517589410148,0.4590643474521534,-0.6261637699247355
5ULN,8JS,crystal_pocket,14.0,Ki,nM,0.9956985116004944,-1.5290600856145222,-1.853871964321762,10.712681359334884,-1.5290600856145222,10.269637956778208,0.3248118787072398,-0.4430434025566754
5ULN,8JS,diffdock_pocket,14.0,Ki,nM,0.9953999320665996,-1.5686659812927246,-1.853871964321762,10.712681359334884,-1.5686659812927246,10.323660398483277,0.28520598302903744,-0.38902096085160665
5VGY,9AA,default,43600.0,Kd,nM,0.6144642730553945,0.5028450340032578,1.639486489268586,5.9477404286376485,0.5028450340032578,7.498119373619557,-1.1366414552653283,1.550378944981908
5VGY,9AA,crystal_pocket,43600.0,Kd,nM,0.6487401028474172,0.9792507290840148,1.639486489268586,5.9477404286376485,0.9792507290840148,6.848302005529404,-0.6602357601845713,0.9005615768917554
5VGY,9AA,diffdock_pocket,43600.0,Kd,nM,0.596724679072698,0.6481542587280273,1.639486489268586,5.9477404286376485,0.6481542587280273,7.299917591094971,-0.9913322305405587,1.3521771624573224
5WEX,8JS,default,14.0,Ki,nM,0.9952350854873656,-1.3946232398351033,-1.853871964321762,10.712681359334884,-1.3946232398351033,10.08626609913508,0.45924872448665877,-0.6264152601998028
5WEX,8JS,crystal_pocket,14.0,Ki,nM,0.9953579306602478,-1.557791233062744,-1.853871964321762,10.712681359334884,-1.557791233062744,10.308827241897584,0.2960807312590181,-0.4038541174372998
5WEX,8JS,diffdock_pocket,14.0,Ki,nM,0.9949344396591188,-1.5108499924341838,-1.853871964321762,10.712681359334884,-1.5108499924341838,10.244799389680228,0.3430219718875782,-0.46788196965465545
6BBS,BZ1,default,0.0890000015497207,Kd,nM,0.998420476913452,-2.432958602905273,-4.050609985792895,13.70903202062151,-2.432958602905273,11.502555534362793,1.617651382887622,-2.206476486258717
6BBS,BZ1,crystal_pocket,0.0890000015497207,Kd,nM,0.9983856876691184,-2.4113123416900635,-4.050609985792895,13.70903202062151,-2.4113123416900635,11.473030034065248,1.6392976441028315,-2.2360019865562624
6BBS,BZ1,diffdock_pocket,0.0890000015497207,Kd,nM,0.9988008936246237,-2.492499748865763,-4.050609985792895,13.70903202062151,-2.492499748865763,11.583769657452901,1.5581102369271318,-2.125262363168609
6BC9,ETS,default,2.0,Ki,nM,0.9976935187975564,-2.0473833084106445,-2.6989700043360187,11.865395085914331,-2.0473833084106445,10.97663083267212,0.6515866959253742,-0.8887642532422113
6BC9,ETS,crystal_pocket,2.0,Ki,nM,0.998129665851593,-2.0553837219874063,-2.6989700043360187,11.865395085914331,-2.0553837219874063,10.987543396790823,0.6435862823486125,-0.8778516891235082
6BC9,ETS,diffdock_pocket,2.0,Ki,nM,0.997527241706848,-2.0320146481196084,-2.6989700043360187,11.865395085914331,-2.0320146481196084,10.955667980035146,0.6669553562164103,-0.9097271058791847
6BCC,EZL,default,0.4900000095367431,Ki,nM,0.9984528024991354,-2.259608825047811,-3.3098039115189253,12.698572535311815,-2.259608825047811,11.266106437365215,1.0501950864711143,-1.4324660979466
6BCC,EZL,crystal_pocket,0.4900000095367431,Ki,nM,0.9989476203918456,-2.3465046882629395,-3.3098039115189253,12.698572535311815,-2.3465046882629395,11.38463239479065,0.9632992232559858,-1.313940140521165
6BCC,EZL,diffdock_pocket,0.4900000095367431,Ki,nM,0.998658041159312,-2.3189642429351807,-3.3098039115189253,12.698572535311815,-2.3189642429351807,11.347067227363587,0.9908396685837446,-1.3515053079482282
6C7W,LMS,default,3410.0,Ki,nM,0.9178142348925272,-0.9594489137331644,0.5327543789924978,7.457323027054234,-0.9594489137331644,9.492688318332037,-1.4922032927256623,2.0353652912778033
6C7W,LMS,crystal_pocket,3410.0,Ki,nM,0.9486050605773926,-1.1570379734039309,0.5327543789924978,7.457323027054234,-1.1570379734039309,9.762199795722962,-1.6897923523964287,2.304876768668728
6C7W,LMS,diffdock_pocket,3410.0,Ki,nM,0.9391611218452454,-1.060873011747996,0.5327543789924978,7.457323027054234,-1.060873011747996,9.631030788024267,-1.5936273907404939,2.173707760970033
6C7X,EO7,default,65.0,Ki,nM,0.9193341930707296,-0.9766764044761658,-1.1870866433571443,9.803186181539145,-0.9766764044761658,9.516186615705491,0.21041023888097854,-0.2869995658336535
6C7X,EO7,crystal_pocket,65.0,Ki,nM,0.959300696849823,-1.4303789536158245,-1.1870866433571443,9.803186181539145,-1.4303789536158245,10.135036892731986,-0.24329231025868014,0.3318507111928408
6C7X,EO7,diffdock_pocket,65.0,Ki,nM,0.9413585662841796,-1.24800040324529,-1.1870866433571443,9.803186181539145,-1.24800040324529,9.886272550026575,-0.060913759888145735,0.08308636848743056
6D1L,FQV,default,7.599999904632568,Ki,nM,0.9966346621513368,-1.8279154300689695,-2.1191864131688862,11.074570267562363,-1.8279154300689695,10.677276646614075,0.2912709830999167,-0.3972936209482878
6D1L,FQV,crystal_pocket,7.599999904632568,Ki,nM,0.9786474704742432,-1.169743537902832,-2.1191864131688862,11.074570267562363,-1.169743537902832,9.779530185699464,0.9494428752660542,-1.2950400818628989
6D1L,FQV,diffdock_pocket,7.599999904632568,Ki,nM,0.9981673359870912,-2.03318460782369,-2.1191864131688862,11.074570267562363,-2.03318460782369,10.957263805071515,0.0860018053451963,-0.11730646249084842
6D1M,FQY,default,6.300000190734863,Ki,nM,0.9988707304000854,-2.203463554382324,-2.20065943739799,11.185699472610859,-2.203463554382324,11.189524288177491,-0.0028041169843340263,0.003824815566632722
6D1M,FQY,crystal_pocket,6.300000190734863,Ki,nM,0.9975473284721376,-1.6044345299402871,-2.20065943739799,11.185699472610859,-1.6044345299402871,10.372448698838552,0.5962249074577031,-0.8132507737723067
6D1M,FQY,diffdock_pocket,6.300000190734863,Ki,nM,0.9990256428718568,-2.2260406017303467,-2.20065943739799,11.185699472610859,-2.2260406017303467,11.220319380760193,-0.025381164332356487,0.03461990814933458
6EQU,BVE,default,419.0,Ki,nM,0.9037890434265136,0.1939646167059739,-0.3777859770337047,8.699300072673974,0.1939646167059739,7.919432262813053,0.5717505937396786,-0.7798678098609217
6EQU,BVE,crystal_pocket,419.0,Ki,nM,0.9314191937446594,0.0160927101969718,-0.3777859770337047,8.699300072673974,0.0160927101969718,8.162049543291332,0.3938786872306765,-0.5372505293826428
6EQU,BVE,diffdock_pocket,419.0,Ki,nM,0.9466322859128316,-0.4540511618057887,-0.3777859770337047,8.699300072673974,-0.4540511618057887,8.803325784703096,-0.076265184772084,0.10402571202912192
6G6T,ENN,default,0.1400000005960464,Kd,nM,0.9988094369570414,-2.364283005396525,-3.8538719624727644,13.440681356812851,-2.364283005396525,11.40888201936086,1.4895889570762395,-2.031799337451991
6G6T,ENN,crystal_pocket,0.1400000005960464,Kd,nM,0.998920738697052,-2.1730215152104697,-3.8538719624727644,13.440681356812851,-2.1730215152104697,11.148001346747082,1.6808504472622947,-2.2926800100657694
6G6T,ENN,diffdock_pocket,0.1400000005960464,Kd,nM,0.9985750714937844,-2.172207792599996,-3.8538719624727644,13.440681356812851,-2.172207792599996,11.146891429106397,1.6816641698727683,-2.293789927706454
6GDC,FB2,default,430.0,Ki,nM,0.981778919696808,-0.0601845309138298,-0.36653154442041347,8.683949026589445,-0.0601845309138298,8.266091700166465,0.30634701350658367,-0.4178573264229808
6GDC,FB2,crystal_pocket,430.0,Ki,nM,0.8957023819287618,0.6771227717399597,-0.36653154442041347,8.683949026589445,0.6771227717399597,7.260404539346696,1.043654316160373,-1.4235444872427498
6GDC,FB2,diffdock_pocket,430.0,Ki,nM,0.9832941889762878,-0.089433267712593,-0.36653154442041347,8.683949026589445,-0.089433267712593,8.305986977159977,0.2770982767078205,-0.37796204942946865
6GM9,4J8,default,8138.0,Ki,nM,0.9915307958920796,-0.2156376565496126,0.9105176855172664,6.942053876954449,-0.2156376565496126,8.478129763533673,-1.126155342066879,1.5360758865792237
6GM9,4J8,crystal_pocket,8138.0,Ki,nM,0.9671314358711244,0.2799293100833893,0.9105176855172664,6.942053876954449,0.2799293100833893,7.802176421046258,-0.6305883754338771,0.8601225440918085
6GM9,4J8,diffdock_pocket,8138.0,Ki,nM,0.991449256738027,-0.2041738058129946,0.9105176855172664,6.942053876954449,-0.2041738058129946,8.462493071128925,-1.114691491330261,1.5204391941744761
6GOT,F6W,default,25.0,Kd,nM,0.997552772363027,-1.6649465560913086,-1.6020599913279623,10.369209828171341,-1.6649465560913086,10.454987102508547,-0.06288656476334631,0.08577727433720561
6GOT,F6W,crystal_pocket,25.0,Kd,nM,0.9983524084091188,-1.7978397607803345,-1.6020599913279623,10.369209828171341,-1.7978397607803345,10.636253433704377,-0.1957797694523722,0.2670436055330363
6GOT,F6W,diffdock_pocket,25.0,Kd,nM,0.9978737831115724,-1.8063044548034668,-1.6020599913279623,10.369209828171341,-1.8063044548034668,10.647799276351929,-0.2042444634755045,0.27858944818058795
6H2Z,FKE,default,0.5,Ki,nM,0.9985801180203756,-2.6638996601104736,-3.3010299956639813,12.686604914085672,-2.6638996601104736,11.817559136390686,0.6371303355535076,-0.8690457776949856
6H2Z,FKE,crystal_pocket,0.5,Ki,nM,0.9992199142773946,-2.6591975688934326,-3.3010299956639813,12.686604914085672,-2.6591975688934326,11.811145483970643,0.6418324267705486,-0.8754594301150291
6H2Z,FKE,diffdock_pocket,0.5,Ki,nM,0.999306321144104,-2.7872580687204995,-3.3010299956639813,12.686604914085672,-2.7872580687204995,11.985820005734762,0.5137719269434817,-0.7007849083509097
6H33,FKQ,default,0.6000000238418579,Ki,nM,0.9988006353378296,-2.590979814529419,-3.2218487323590446,12.578601670937736,-2.590979814529419,11.718096467018128,0.6308689178296256,-0.8605052039196082
6H33,FKQ,crystal_pocket,0.6000000238418579,Ki,nM,0.9992953340212504,-2.6196436882019043,-3.2218487323590446,12.578601670937736,-2.6196436882019043,11.757193990707398,0.6022050441571403,-0.8214076802303385
6H33,FKQ,diffdock_pocket,0.6000000238418579,Ki,nM,0.9992960492769876,-2.558347225189209,-3.2218487323590446,12.578601670937736,-2.558347225189209,11.673585615158082,0.6635015071698356,-0.9050160557796545
6H34,FKK,default,0.5,Ki,nM,0.995758056640625,-2.303849140803019,-3.3010299956639813,12.686604914085672,-2.303849140803019,11.326450228055318,0.9971808548609622,-1.360154686030354
6H34,FKK,crystal_pocket,0.5,Ki,nM,0.9955971837043762,-2.408191680908203,-3.3010299956639813,12.686604914085672,-2.408191680908203,11.46877345275879,0.8928383147557781,-1.2178314613268828
6H34,FKK,diffdock_pocket,0.5,Ki,nM,0.9956896503766378,-2.406493663787842,-3.3010299956639813,12.686604914085672,-2.406493663787842,11.466457357406616,0.8945363318761395,-1.2201475566790556
6H3Q,FMH,default,73.0,Ki,nM,0.9976911346117656,-1.8424817323684688,-1.136677139879544,9.7344276187957,-1.8424817323684688,10.697145082950593,-0.7058045924889247,0.9627174641548937
6H3Q,FMH,crystal_pocket,73.0,Ki,nM,0.9976043899854024,-1.8058221340179443,-1.136677139879544,9.7344276187957,-1.8058221340179443,10.647141390800478,-0.6691449941384002,0.9127137720047784
6H3Q,FMH,diffdock_pocket,73.0,Ki,nM,0.9976366559664408,-1.771073540051778,-1.136677139879544,9.7344276187957,-1.771073540051778,10.599744308630626,-0.634396400172234,0.8653166898349269
6HQX,4JC,default,125400.0,Kd,nM,0.9972162445386252,-0.8564416170120239,2.0982975364946976,5.3219221602212325,-0.8564416170120239,9.352186365604402,-2.9547391535067216,4.030264205383169
6HQX,4JC,crystal_pocket,125400.0,Kd,nM,0.9927371939023336,-0.4308998274306456,2.0982975364946976,5.3219221602212325,-0.4308998274306456,8.771747364615402,-2.529197363925343,3.4498252043941697
6HQX,4JC,diffdock_pocket,125400.0,Kd,nM,0.9967541893323264,-0.8210608959197998,2.0982975364946976,5.3219221602212325,-0.8210608959197998,9.303927062034608,-2.9193584324144974,3.982004901813376
6HR3,4JE,default,60600.0,Kd,nM,0.9961502552032472,-0.9778521259625752,1.7824726241662863,5.752707340637186,-0.9778521259625752,9.517790299812953,-2.7603247501288615,3.765082959175767
6HR3,4JE,crystal_pocket,60600.0,Kd,nM,0.9962842663129172,-0.9592565099398296,1.7824726241662863,5.752707340637186,-0.9592565099398296,9.492425879557928,-2.741729134106116,3.7397185389207417
6HR3,4JE,diffdock_pocket,60600.0,Kd,nM,0.9957777857780457,-0.9747838775316874,1.7824726241662863,5.752707340637186,-0.9747838775316874,9.513605208953223,-2.7572565016979738,3.760897868316037
6HX5,GXE,default,490.0,Ki,nM,0.7836956779162089,-0.1692099869251251,-0.3098039199714864,8.606572546841107,-0.1692099869251251,8.414802422165872,0.14059393304636128,-0.19177012467523546
6HX5,GXE,crystal_pocket,490.0,Ki,nM,0.8319039543469747,-0.0922204107046127,-0.3098039199714864,8.606572546841107,-0.0922204107046127,8.309788640201093,0.21758350926687367,-0.2967839066400142
6HX5,GXE,diffdock_pocket,490.0,Ki,nM,0.8316799998283386,-0.16398885846138,-0.3098039199714864,8.606572546841107,-0.16398885846138,8.407680802941323,0.14581506151010637,-0.19889174389978415
6HXD,6YP,default,0.0049999998882412,Ki,nM,0.997314453125,-1.1649630069732666,-5.301030005371228,15.414604927326355,-1.1649630069732666,9.773009541511536,4.136066998397961,-5.641595385814819
6HXD,6YP,crystal_pocket,0.0049999998882412,Ki,nM,0.9975205063819884,-1.2209817171096802,-5.301030005371228,15.414604927326355,-1.2209817171096802,9.849419062137605,4.080048288261548,-5.5651858651887505
6HXD,6YP,diffdock_pocket,0.0049999998882412,Ki,nM,0.9975993037223816,-1.2135574618975322,-5.301030005371228,15.414604927326355,-1.2135574618975322,9.839292378028235,4.087472543473695,-5.57531254929812
6I1U,3W8,default,23.0,Ki,nM,0.9957440892855326,-0.9832990368207296,-1.6382721639824072,10.418603231672003,-0.9832990368207296,9.525219886223475,0.6549731271616775,-0.8933833454485285
6I1U,3W8,crystal_pocket,23.0,Ki,nM,0.9936000307401022,-0.8726214369138082,-1.6382721639824072,10.418603231672003,-0.8726214369138082,9.374255639950436,0.7656507270685989,-1.0443475917215679
6I1U,3W8,diffdock_pocket,23.0,Ki,nM,0.996040403842926,-1.0500839749972026,-1.6382721639824072,10.418603231672003,-1.0500839749972026,9.616314541896186,0.5881881889852045,-0.8022886897758177
6I2F,3W6,default,13.0,Ki,nM,0.9957248965899148,-1.5573222637176514,-1.8860566476931633,10.756581267453475,-1.5573222637176514,10.308187567710878,0.3287343839755119,-0.44839369974259746
6I2F,3W6,crystal_pocket,13.0,Ki,nM,0.9955748120943704,-1.6106950839360554,-1.8860566476931633,10.756581267453475,-1.6106950839360554,10.38098809448878,0.27536156375710785,-0.3755931729646953
6I2F,3W6,diffdock_pocket,13.0,Ki,nM,0.9956122835477194,-1.6166344086329143,-1.8860566476931633,10.756581267453475,-1.6166344086329143,10.389089333375296,0.269422239060249,-0.3674919340781795
6I3E,H1Z,default,7.300000190734863,Ki,nM,0.9952431718508402,-1.162201921145121,-2.1366771285322703,11.098427603318017,-1.162201921145121,9.769243420441946,0.9744752073871492,-1.3291841828760713
6I3E,H1Z,crystal_pocket,7.300000190734863,Ki,nM,0.9871786832809448,-0.7325973510742188,-2.1366771285322703,11.098427603318017,-0.7325973510742188,9.183262786865235,1.4040797774580516,-1.9151648164527817
6I3E,H1Z,diffdock_pocket,7.300000190734863,Ki,nM,0.994847039381663,-1.2012482086817424,-2.1366771285322703,11.098427603318017,-1.2012482086817424,9.822502556641897,0.9354289198505279,-1.2759250466761198
6LV1,BCT,default,85000000.0,Ki,nM,0.545420785744985,0.2870403826236725,4.929418925714293,1.4602725853257046,0.2870403826236725,7.792476918101311,-4.64237854309062,6.332204332775607
6LV1,BCT,crystal_pocket,85000000.0,Ki,nM,0.5574778119723002,0.6877096692721049,4.929418925714293,1.4602725853257046,0.6877096692721049,7.245964011112849,-4.241709256442188,5.785691425787144
6LV1,BCT,diffdock_pocket,85000000.0,Ki,nM,0.5467967490355173,0.6060658593972524,4.929418925714293,1.4602725853257046,0.6060658593972524,7.357326167782149,-4.323353066317041,5.897053582456444
6LV2,BCT,default,85000000.0,Ki,nM,0.5255696177482605,0.4720268150170644,4.929418925714293,1.4602725853257046,0.4720268150170644,7.540155424316725,-4.457392110697229,6.07988283899102
6LV2,BCT,crystal_pocket,85000000.0,Ki,nM,0.5730161070823669,0.5557643870512644,4.929418925714293,1.4602725853257046,0.5557643870512644,7.425937376062075,-4.373654538663028,5.965664790736371
6LV2,BCT,diffdock_pocket,85000000.0,Ki,nM,0.5872725049654642,0.5826798578103384,4.929418925714293,1.4602725853257046,0.5826798578103384,7.3892246739467,-4.346739067903955,5.928952088620996
6LV4,BCT,default,85000000.0,Ki,nM,0.5164588689804077,0.4366092036167781,4.929418925714293,1.4602725853257046,0.4366092036167781,7.588465046266715,-4.4928097220975145,6.12819246094101
6LV4,BCT,crystal_pocket,85000000.0,Ki,nM,0.5612583259741465,0.6613682558139166,4.929418925714293,1.4602725853257046,0.6613682558139166,7.281893699069819,-4.268050669900377,5.821621113744115
6LV4,BCT,diffdock_pocket,85000000.0,Ki,nM,0.5982146263122559,0.5480283399422964,4.929418925714293,1.4602725853257046,0.5480283399422964,7.436489344318709,-4.381390585771997,5.976216758993004
6LV6,BCT,default,85000000.0,Ki,nM,0.5582827428976694,0.2445565611124038,4.929418925714293,1.4602725853257046,0.2445565611124038,7.850424850642682,-4.684862364601889,6.390152265316978
6LV6,BCT,crystal_pocket,85000000.0,Ki,nM,0.5287059048811594,0.576028565565745,4.929418925714293,1.4602725853257046,0.576028565565745,7.398297036568324,-4.3533903601485475,5.938024451242619
6LV6,BCT,diffdock_pocket,85000000.0,Ki,nM,0.5747954150040945,0.4804387986660003,4.929418925714293,1.4602725853257046,0.4804387986660003,7.528681478619576,-4.4489801270482925,6.068408893293871
6LV8,BCT,default,73000000.0,Ki,nM,0.5573209722836813,0.2657337188720703,4.863322860120456,1.5504276187956982,0.2657337188720703,7.821539207458497,-4.597589141248386,6.271111588662799
6LV8,BCT,crystal_pocket,73000000.0,Ki,nM,0.5312731862068176,0.6343500117460886,4.863322860120456,1.5504276187956982,0.6343500117460886,7.318746583978335,-4.228972848374367,5.768318965182637
6LV8,BCT,diffdock_pocket,73000000.0,Ki,nM,0.6834358175595602,0.3046322762966156,4.863322860120456,1.5504276187956982,0.3046322762966156,7.768481575131417,-4.55869058382384,6.2180539563357184
6ODZ,M8J,default,0.699999988079071,Ki,nM,0.996518075466156,-1.6432407299677532,-3.1549019673817345,12.487286283508686,-1.6432407299677532,10.425380355676017,1.5116612374139813,-2.061905927832669
6ODZ,M8J,crystal_pocket,0.699999988079071,Ki,nM,0.9771261413892112,-0.5413879106442133,-3.1549019673817345,12.487286283508686,-0.5413879106442133,8.922453110118708,2.6135140567375212,-3.564833173389978
6ODZ,M8J,diffdock_pocket,0.699999988079071,Ki,nM,0.9961367249488832,-1.248673439025879,-3.1549019673817345,12.487286283508686,-1.248673439025879,9.887190570831299,1.9062285283558555,-2.600095712677387
6OE0,M8S,default,1.2000000476837158,Ki,nM,0.9932159384091696,-1.7801988124847412,-2.9208187366950633,12.167996756852066,-1.7801988124847412,10.612191180229187,1.140619924210322,-1.5558055766228787
6OE0,M8S,crystal_pocket,1.2000000476837158,Ki,nM,0.9954711000124612,-2.2438692251841226,-2.9208187366950633,12.167996756852066,-2.2438692251841226,11.244637623151144,0.6769495115109407,-0.9233591337009219
6OE0,M8S,diffdock_pocket,1.2000000476837158,Ki,nM,0.9933147430419922,-1.8257642984390257,-2.9208187366950633,12.167996756852066,-1.8257642984390257,10.674342503070832,1.0950544382560377,-1.4936542537812336
6OE1,SO4,default,183000000.0,Ki,nM,0.6488389372825623,0.5025590558846792,5.26245108973043,1.0060167136076938,0.5025590558846792,7.498509447773299,-4.759892033845751,6.492492734165605
6OE1,SO4,crystal_pocket,183000000.0,Ki,nM,0.2511774076071257,0.9585200746854148,5.26245108973043,1.0060167136076938,0.9585200746854148,6.876578618129094,-4.3039310150450145,5.8705619045214
6OE1,SO4,diffdock_pocket,183000000.0,Ki,nM,0.799419621626536,0.3903577824433644,5.26245108973043,1.0060167136076938,0.3903577824433644,7.651551984747252,-4.872093307287066,6.6455352711395586
6PDV,NO2,default,63000000.0,Ki,nM,0.6412981748580933,0.6094827850659689,4.799340549453582,1.6376994905453142,0.6094827850659689,7.352665481170019,-4.189857764387614,5.714965990624705
6PDV,NO2,crystal_pocket,63000000.0,Ki,nM,0.6701072454452515,0.7988498012224833,4.799340549453582,1.6376994905453142,0.7988498012224833,7.094368871132533,-4.0004907482310985,5.456669380587218
6PDV,NO2,diffdock_pocket,63000000.0,Ki,nM,0.6800953348477682,0.728762149810791,4.799340549453582,1.6376994905453142,0.728762149810791,7.189968427658082,-4.070578399642791,5.552268937112768
6PGX,OJ4,default,0.6200000047683716,Ki,nM,0.8927057385444641,-0.954404592514038,-3.207608307161621,12.559177730968452,-0.954404592514038,9.485807864189148,2.253203714647583,-3.073369866779304
6PGX,OJ4,crystal_pocket,0.6200000047683716,Ki,nM,0.9389285445213318,-1.4266726573308308,-3.207608307161621,12.559177730968452,-1.4266726573308308,10.129981504599254,1.7809356498307902,-2.429196226369198
6PGX,OJ4,diffdock_pocket,0.6200000047683716,Ki,nM,0.9096383849779764,-1.0566494464874268,-3.207608307161621,12.559177730968452,-1.0566494464874268,9.625269845008852,2.1509588606741943,-2.9339078859596004
6R6F,EA3,default,10.0,Kd,nM,0.9949580232302347,-2.412055015563965,-2.0,10.912,-2.412055015563965,11.47404304122925,-0.41205501556396484,0.5620430412292485
6R6F,EA3,crystal_pocket,10.0,Kd,nM,0.9955522020657858,-2.503967046737671,-2.0,10.912,-2.503967046737671,11.599411051750184,-0.5039670467376709,0.6874110517501837
6R6F,EA3,diffdock_pocket,10.0,Kd,nM,0.9959346254666648,-2.4485056400299072,-2.0,10.912,-2.4485056400299072,11.523761693000795,-0.4485056400299072,0.6117616930007941
6R6J,JTW,default,5.0,Kd,nM,0.9961918791135153,-2.468801498413086,-2.3010299956639813,11.322604914085671,-2.468801498413086,11.55144524383545,-0.16777150274910468,0.22884032974977941
6R6J,JTW,crystal_pocket,5.0,Kd,nM,0.9965696533521016,-2.530167500178019,-2.3010299956639813,11.322604914085671,-2.530167500178019,11.635148470242818,-0.2291375045140378,0.3125435561571468
6R6J,JTW,diffdock_pocket,5.0,Kd,nM,0.9964157938957214,-2.4979512691497803,-2.3010299956639813,11.322604914085671,-2.4979512691497803,11.591205531120302,-0.19692127348579902,0.2686006170346307
6RFH,4SO,default,46.0,Ki,nM,0.9959010481834412,-0.8396905064582825,-1.337242168318426,10.007998317586333,-0.8396905064582825,9.329337850809098,0.49755166186014343,-0.6786604667772345
6RFH,4SO,crystal_pocket,46.0,Ki,nM,0.9954698085784912,-0.7561211784680685,-1.337242168318426,10.007998317586333,-0.7561211784680685,9.215349287430445,0.5811209898503574,-0.7926490301558875
6RFH,4SO,diffdock_pocket,46.0,Ki,nM,0.9966784516970316,-0.8663361271222433,-1.337242168318426,10.007998317586333,-0.8663361271222433,9.36568247739474,0.4709060411961826,-0.6423158401915927
6RG3,K1W,default,8.100000381469727,Ki,nM,0.9923261404037476,-2.1095898548762,-2.09151496066824,11.03682640635148,-2.1095898548762,11.061480562051138,-0.018074894207960046,0.024654155699657565
6RG3,K1W,crystal_pocket,8.100000381469727,Ki,nM,0.9931806325912476,-2.1262850761413574,-2.09151496066824,11.03682640635148,-2.1262850761413574,11.084252843856813,-0.03477011547311726,0.04742643750533304
6RG3,K1W,diffdock_pocket,8.100000381469727,Ki,nM,0.9925917585690816,-2.038245677947998,-2.09151496066824,11.03682640635148,-2.038245677947998,10.96416710472107,0.05326928272024212,-0.07265930163040935
6RG4,K45,default,328.0,Ki,nM,0.9867679079373678,-1.5870342652002971,-0.4841261562883209,8.844348077177271,-1.5870342652002971,10.348714737733207,-1.102908108911976,1.5043666605559363
6RG4,K45,crystal_pocket,328.0,Ki,nM,0.9886253476142884,-1.6046799421310425,-0.4841261562883209,8.844348077177271,-1.6046799421310425,10.372783441066742,-1.1205537858427217,1.5284353638894714
6RG4,K45,diffdock_pocket,328.0,Ki,nM,0.9910952051480612,-1.6765549580256145,-0.4841261562883209,8.844348077177271,-1.6765549580256145,10.47082096274694,-1.1924288017372935,1.6264728855696688
6RG5,S2O,default,392000.0,Kd,nM,0.9887285033861796,-0.5170320073763529,2.593286067020457,4.646757804584097,-0.5170320073763529,8.889231658061346,-3.11031807439681,4.242473853477249
6RG5,S2O,crystal_pocket,392000.0,Kd,nM,0.881011426448822,0.7246450384457906,2.593286067020457,4.646757804584097,0.7246450384457906,7.195584167559942,-1.8686410285746664,2.548826362975845
6RG5,S2O,diffdock_pocket,392000.0,Kd,nM,0.9879256288210552,-0.4846017360687256,2.593286067020457,4.646757804584097,-0.4846017360687256,8.844996767997742,-3.0778878030891827,4.198238963413645
6RH4,4NZ,default,400.0,IC50,nM,0.9882441560427347,-0.9549763003985088,-0.3979400086720376,8.72679017182866,-0.9549763003985088,9.486587673743568,-0.5570362917264712,0.7597975019149086
6RH4,4NZ,crystal_pocket,400.0,IC50,nM,0.9566091100374856,-0.4038362999757131,-0.3979400086720376,8.72679017182866,-0.4038362999757131,8.734832713166872,-0.005896291303675472,0.008042541338213027
6RH4,4NZ,diffdock_pocket,400.0,IC50,nM,0.9867511789004008,-0.9339606960614524,-0.3979400086720376,8.72679017182866,-0.9339606960614524,9.457922389427821,-0.5360206873894148,0.7311322175991624
6RIG,K4N,default,89.0,Ki,nM,0.9911839763323466,-0.9631883104642232,-1.0506099933550872,9.61703203093634,-0.9631883104642232,9.497788855473202,0.08742168289086405,-0.11924317546313823
6RIG,K4N,crystal_pocket,89.0,Ki,nM,0.9743317564328512,-0.2048246264457702,-1.0506099933550872,9.61703203093634,-0.2048246264457702,8.463380790472032,0.8457853669093169,-1.153651240464308
6RIG,K4N,diffdock_pocket,89.0,Ki,nM,0.9918687343597412,-0.9639166394869486,-1.0506099933550872,9.61703203093634,-0.9639166394869486,9.498782296260199,0.08669335386813859,-0.11824973467614086
6RKN,FBS,default,435.0,Kd,nM,0.9836333791414896,-0.7605196038881937,-0.3615107430453627,8.677100653513875,-0.7605196038881937,9.221348739703497,-0.39900886084283105,0.5442480861896222
6RKN,FBS,crystal_pocket,435.0,Kd,nM,0.945850431919098,0.0951470881700515,-0.3615107430453627,8.677100653513875,0.0951470881700515,8.05421937173605,0.4566578312154142,-0.6228812817778255
6RKN,FBS,diffdock_pocket,435.0,Kd,nM,0.981685757637024,-0.7654273311297098,-0.3615107430453627,8.677100653513875,-0.7654273311297098,9.228042879660926,-0.40391658808434716,0.5509422261470505
6RL9,SAN,default,628.0,Ki,nM,0.9787895878156028,-0.4245878358681996,-0.20204035626280387,8.459583045942464,-0.4245878358681996,8.763137808124224,-0.22254747960539573,0.3035547621817596
6RL9,SAN,crystal_pocket,628.0,Ki,nM,0.959433098634084,0.1012935638427734,-0.20204035626280387,8.459583045942464,0.1012935638427734,8.045835578918458,0.30333392010557725,-0.413747467024006
6RL9,SAN,diffdock_pocket,628.0,Ki,nM,0.976600468158722,-0.3640738725662231,-0.20204035626280387,8.459583045942464,-0.3640738725662231,8.680596762180329,-0.16203351630341922,0.2210137162378647
6RRI,KFH,default,29.0,Kd,nM,0.9944861531257628,-1.890124758084615,-1.537602002101044,10.281289130865826,-1.890124758084615,10.762130170027415,-0.3525227559835711,0.4808410391615894
6RRI,KFH,crystal_pocket,29.0,Kd,nM,0.8963539799054464,-0.8332679470380148,-1.537602002101044,10.281289130865826,-0.8332679470380148,9.320577479759852,0.7043340550630292,-0.9607116511059743
6RRI,KFH,diffdock_pocket,29.0,Kd,nM,0.9956282377243042,-1.9906004667282104,-1.537602002101044,10.281289130865826,-1.9906004667282104,10.89917903661728,-0.45299846462716653,0.6178899057514542
6SBH,L4K,default,0.0007999999797903,Ki,nM,0.9991250236829122,-1.565868576367696,-6.096910023979258,16.50018527270771,-1.565868576367696,10.319844738165537,4.531041447611562,-6.180340534542173
6SBH,L4K,crystal_pocket,0.0007999999797903,Ki,nM,0.9990164240201316,-1.5545552174250286,-6.096910023979258,16.50018527270771,-1.5545552174250286,10.30441331656774,4.542354806554229,-6.195771956139971
6SBH,L4K,diffdock_pocket,0.0007999999797903,Ki,nM,0.9987473686536154,-1.500566045443217,-6.096910023979258,16.50018527270771,-1.500566045443217,10.23077208598455,4.596343978536041,-6.2694131867231615
6SBL,FLC,default,2160000.0,Ki,nM,0.4607389569282532,1.61495308081309,3.334453751150931,3.6358050834301303,1.61495308081309,5.981203997770946,-1.719500670337841,2.3453989143408154
6SBL,FLC,crystal_pocket,2160000.0,Ki,nM,0.4889646818240483,-0.5495904088020325,3.334453751150931,3.6358050834301303,-0.5495904088020325,8.933641317605973,-3.8840441599529636,5.297836234175843
6SBL,FLC,diffdock_pocket,2160000.0,Ki,nM,0.4818389515082041,2.2321225007375083,3.334453751150931,3.6358050834301303,2.2321225007375083,5.139384908994039,-1.1023312504134228,1.5035798255639086
6SBM,FLC,default,2160000.0,Ki,nM,0.5005408028761545,1.4391896724700928,3.334453751150931,3.6358050834301303,1.4391896724700928,6.220945286750794,-1.8952640786808383,2.585140203320664
6SBM,FLC,crystal_pocket,2160000.0,Ki,nM,0.4251027355591456,-0.442374050617218,3.334453751150931,3.6358050834301303,-0.442374050617218,8.787398205041885,-3.776827801768149,5.151593121611755
6SBM,FLC,diffdock_pocket,2160000.0,Ki,nM,0.4789278209209442,2.271117925643921,3.334453751150931,3.6358050834301303,2.271117925643921,5.086195149421692,-1.0633358255070102,1.4503900659915616
6SD7,L7T,default,27.0,Kd,nM,0.992508312066396,-1.8849788904190063,-1.5686362358410126,10.32361982568714,-1.8849788904190063,10.755111206531526,-0.3163426545779937,0.43149138084438476
6SD7,L7T,crystal_pocket,27.0,Kd,nM,0.9952509601910908,-1.8885958592096963,-1.5686362358410126,10.32361982568714,-1.8885958592096963,10.760044751962026,-0.31995962336868367,0.43642492627488494
6SD7,L7T,diffdock_pocket,27.0,Kd,nM,0.99376380443573,-1.9299668073654173,-1.5686362358410126,10.32361982568714,-1.9299668073654173,10.81647472524643,-0.3613305715244046,0.49285489955928874
6SDS,L8N,default,38.0,Ki,nM,0.994825025399526,-1.4091196060180664,-1.4202164033831899,10.121175174214672,-1.4091196060180664,10.106039142608644,0.011096797365123479,-0.015136031606028055
6SDS,L8N,crystal_pocket,38.0,Ki,nM,0.9961107770601908,-1.4404472907384236,-1.4202164033831899,10.121175174214672,-1.4404472907384236,10.14877010456721,-0.020230887355233707,0.027594930352538682
6SDS,L8N,diffdock_pocket,38.0,Ki,nM,0.9963853557904562,-1.5007319450378418,-1.4202164033831899,10.121175174214672,-1.5007319450378418,10.230998373031618,-0.08051554165465191,0.10982319881694558
6SFQ,7Q1,default,3500.0,Kd,nM,0.6900138656298319,-0.0272506773471832,0.5440680443502757,7.441891187506225,-0.0272506773471832,8.221169923901558,-0.5713187216974589,0.7792787363953328
6SFQ,7Q1,crystal_pocket,3500.0,Kd,nM,0.6860401829083761,0.0362656265497207,0.5440680443502757,7.441891187506225,0.0362656265497207,8.134533685386181,-0.507802417800555,0.6926424978799561
6SFQ,7Q1,diffdock_pocket,3500.0,Kd,nM,0.6629512906074524,0.2578315412004788,0.5440680443502757,7.441891187506225,0.2578315412004788,7.8323177778025475,-0.2862365031497969,0.39042659029632265
6SG0,FUN,default,65.0,Ki,nM,0.9922044277191162,-1.4625766674677532,-1.1870866433571443,9.803186181539145,-1.4625766674677532,10.178954574426017,-0.27549002411060886,0.37576839288687225
6SG0,FUN,crystal_pocket,65.0,Ki,nM,0.9927660822868348,-1.526381532351176,-1.1870866433571443,9.803186181539145,-1.526381532351176,10.265984410127006,-0.3392948889940317,0.4627982285878609
6SG0,FUN,diffdock_pocket,65.0,Ki,nM,0.9931380947430928,-1.569853663444519,-1.1870866433571443,9.803186181539145,-1.569853663444519,10.325280396938325,-0.38276702008737473,0.5220942153991803
6T4P,MHK,default,133.0,Ki,nM,0.9681561986605326,0.0323009192943573,-0.8761483590329142,9.379066361720895,0.0323009192943573,8.139941546082497,0.9084492783272715,-1.239124815638398
6T4P,MHK,crystal_pocket,133.0,Ki,nM,0.9867934584617616,-0.2408658315738042,-0.8761483590329142,9.379066361720895,-0.2408658315738042,8.512540994266669,0.6352825274591101,-0.8665253674542264
6T4P,MHK,diffdock_pocket,133.0,Ki,nM,0.9888416727383932,-0.3674113154411316,-0.8761483590329142,9.379066361720895,-0.3674113154411316,8.685149034261704,0.5087370435917826,-0.6939173274591912
6T81,AZI,default,1500000.0,Ki,nM,0.3190189699331919,1.2677745819091797,3.1760912590556813,3.8518115226480507,1.2677745819091797,6.454755470275879,-1.9083166771465017,2.6029439476278284
6T81,AZI,crystal_pocket,1500000.0,Ki,nM,0.0631505460275245,1.2455692291259766,3.1760912590556813,3.8518115226480507,1.2455692291259766,6.485043571472168,-1.9305220299297048,2.6332320488241177
6T81,AZI,diffdock_pocket,1500000.0,Ki,nM,0.3678838908672333,1.096514344215393,3.1760912590556813,3.8518115226480507,1.096514344215393,6.688354434490204,-2.0795769148402883,2.8365429118421535
6UFB,CL,default,200000000.0,Ki,nM,0.3528494164347648,0.6580767432848612,5.301029995663981,0.9533950859143296,0.6580767432848612,7.286383322159449,-4.64295325237912,6.33298823624512
6UFD,CL,default,200000000.0,Ki,nM,0.3411603296796481,0.6781704624493917,5.301029995663981,0.9533950859143296,0.6781704624493917,7.258975489219031,-4.62285953321459,6.305580403304702
6UX1,SAL,default,7100.0,Ki,nM,0.6070119142532349,1.556736707687378,0.8512583487190752,7.022883612347181,1.556736707687378,6.060611130714417,0.7054783589683027,-0.9622724816327644
6UX1,SAL,crystal_pocket,7100.0,Ki,nM,0.3232480635245641,2.2525970935821533,0.8512583487190752,7.022883612347181,2.2525970935821533,5.111457564353943,1.401338744863078,-1.9114260479932383
6UX1,SAL,diffdock_pocket,7100.0,Ki,nM,0.6282007694244385,1.5373684962590537,0.8512583487190752,7.022883612347181,1.5373684962590537,6.08702937110265,0.6861101475399785,-0.935854241244531
6WKA,U4V,default,33.0,Ki,nM,0.9674421747525532,-1.1900434692700703,-1.4814860601221125,10.204746986006562,-1.1900434692700703,9.807219292084376,0.29144259085204216,-0.3975276939221857
6WKA,U4V,crystal_pocket,33.0,Ki,nM,0.971248745918274,-1.389371116956075,-1.4814860601221125,10.204746986006562,-1.389371116956075,10.079102203528088,0.09211494316603752,-0.12564478247847433
6WKA,U4V,diffdock_pocket,33.0,Ki,nM,0.9641735355059304,-1.1716785430908203,-1.4814860601221125,10.204746986006562,-1.1716785430908203,9.78216953277588,0.30980751703129217,-0.42257745323068185
6WQ4,U7A,default,369.0,Ki,nM,0.9269187649091084,-0.5452834169069926,-0.4329736338409397,8.774576036559042,-0.5452834169069926,8.927766580661139,-0.11230978306605288,0.1531905441020971
6WQ4,U7A,crystal_pocket,369.0,Ki,nM,0.9368498126665752,-0.5912741621335348,-0.4329736338409397,8.774576036559042,-0.5912741621335348,8.990497957150142,-0.1583005282925951,0.21592192059110005
6WQ4,U7A,diffdock_pocket,369.0,Ki,nM,0.9173197547594706,-0.698023796081543,-0.4329736338409397,8.774576036559042,-0.698023796081543,9.136104457855225,-0.2650501622406033,0.36152842129618357
6WQ5,U7G,default,57.0,Ki,nM,0.987872819105784,-1.8644249439239504,-1.2441251443275085,9.880986696862722,-1.8644249439239504,10.727075623512269,-0.6202997995964419,0.8460889266495464
6WQ5,U7G,crystal_pocket,57.0,Ki,nM,0.9886038502057394,-1.9166703621546428,-1.2441251443275085,9.880986696862722,-1.9166703621546428,10.798338373978934,-0.6725452178271343,0.917351677116212
6WQ5,U7G,diffdock_pocket,57.0,Ki,nM,0.9891607761383056,-1.8489115238189695,-1.2441251443275085,9.880986696862722,-1.8489115238189695,10.705915318489076,-0.604786379491461,0.8249286216263538
6WQ7,U6V,default,30.0,Ki,nM,0.9475513497988384,-1.3223515550295513,-1.5228787452803376,10.26120660856238,-1.3223515550295513,9.987687521060309,0.20052719025078636,-0.27351908750207166
6WQ7,U6V,crystal_pocket,30.0,Ki,nM,0.9523423314094543,-1.377407789230347,-1.5228787452803376,10.26120660856238,-1.377407789230347,10.062784224510194,0.14547095604999072,-0.19842238405218637
6WQ7,U6V,diffdock_pocket,30.0,Ki,nM,0.9505094091097512,-1.324435472488403,-1.5228787452803376,10.26120660856238,-1.324435472488403,9.990529984474183,0.19844327279193452,-0.2706766240881979
6WQ8,U77,default,2.400000095367432,Ki,nM,0.9747744599978128,-1.585420568784078,-2.619788741031082,11.757391842766395,-1.585420568784078,10.346513655821484,1.034368172247004,-1.4108781869449114
6WQ8,U77,crystal_pocket,2.400000095367432,Ki,nM,0.9581393003463744,-1.1405581434567769,-2.619788741031082,11.757391842766395,-1.1405581434567769,9.739721307675044,1.4792305975743052,-2.0176705350913515
6WQ8,U77,diffdock_pocket,2.400000095367432,Ki,nM,0.9793171683947244,-1.563698172569275,-2.619788741031082,11.757391842766395,-1.563698172569275,10.316884307384491,1.0560905684618072,-1.4405075353819043
6WQ9,U7J,default,73.0,Ki,nM,0.9077850580215454,-1.150710125764211,-1.136677139879544,9.7344276187957,-1.150710125764211,9.753568611542384,-0.014032985884666838,0.019140992746685015
6WQ9,U7J,crystal_pocket,73.0,Ki,nM,0.936282515525818,-1.503840963045756,-1.136677139879544,9.7344276187957,-1.503840963045756,10.235239073594412,-0.367163823166212,0.500811454798713
6WQ9,U7J,diffdock_pocket,73.0,Ki,nM,0.9538669387499492,-1.531869928042094,-1.136677139879544,9.7344276187957,-1.531869928042094,10.273470581849418,-0.3951927881625499,0.5390429630537188
6XXT,O42,default,3.700000047683716,Ki,nM,0.9964284698168436,-1.8570952415466309,-2.431798270336039,11.500972840738358,-1.8570952415466309,10.717077909469605,0.5747030287894082,-0.7838949312687529
6YPW,P75,default,9.300000190734863,Ki,nM,0.9743295709292094,-1.6350977818171184,-2.031517042539065,10.954989246023285,-1.6350977818171184,10.414273374398551,0.3964192607219468,-0.5407158716247338
6YPW,P75,crystal_pocket,9.300000190734863,Ki,nM,0.983044683933258,-1.692768136660258,-2.031517042539065,10.954989246023285,-1.692768136660258,10.492935738404594,0.3387489058788071,-0.46205350761869113
6YPW,P75,diffdock_pocket,9.300000190734863,Ki,nM,0.9767278432846068,-1.590447187423706,-2.031517042539065,10.954989246023285,-1.590447187423706,10.353369963645935,0.4410698551153591,-0.6016192823773494
6YRI,DHC,default,1610.0,Ki,nM,0.6471525530020396,1.0960102279980977,0.20682587603184974,7.901889505092557,1.0960102279980977,6.689042049010595,0.8891843519662479,-1.2128474560819615
6YRI,DHC,crystal_pocket,1610.0,Ki,nM,0.784227987130483,1.0165945291519165,0.20682587603184974,7.901889505092557,1.0165945291519165,6.7973650622367865,0.8097686531200667,-1.1045244428557703
6YRI,DHC,diffdock_pocket,1610.0,Ki,nM,0.7785732746124268,1.0124355554580688,0.20682587603184974,7.901889505092557,1.0124355554580688,6.803037902355195,0.8056096794262191,-1.098851602737362
6ZR8,QOZ,default,43.0,Ki,nM,0.989052673180898,-1.124495764573415,-1.3665315444204136,10.047949026589444,-1.124495764573415,9.71781222287814,0.24203577984699853,-0.33013680371130505
6ZR8,QOZ,crystal_pocket,43.0,Ki,nM,0.991923213005066,-1.3335388898849487,-1.3665315444204136,10.047949026589444,-1.3335388898849487,10.00294704580307,0.03299265453546485,-0.04500198078637396
6ZR8,QOZ,diffdock_pocket,43.0,Ki,nM,0.99252587556839,-1.321121017138163,-1.3665315444204136,10.047949026589444,-1.321121017138163,9.986009067376454,0.04541052728225048,-0.06193995921299056
7ASJ,RWH,default,1.600000023841858,Ki,nM,0.9953397512435912,-1.8159213066101076,-2.795880010872583,11.997580334830204,-1.8159213066101076,10.660916662216188,0.9799587042624756,-1.3366636726140158
7ASJ,RWH,crystal_pocket,1.600000023841858,Ki,nM,0.9952035943667094,-1.8834989468256635,-2.795880010872583,11.997580334830204,-1.8834989468256635,10.753092563470206,0.9123810640469197,-1.2444877713599976
7ASJ,RWH,diffdock_pocket,1.600000023841858,Ki,nM,0.9969380100568136,-2.0637636184692383,-2.795880010872583,11.997580334830204,-2.0637636184692383,10.998973575592041,0.7321163924033449,-0.9986067592381627
7JNR,VFG,default,2.700000047683716,Ki,nM,0.9988699555397034,-1.993599931399028,-2.5686362281710964,11.687619815225375,-1.993599931399028,10.903270306428274,0.5750362967720684,-0.7843495087971011
7JNR,VFG,crystal_pocket,2.700000047683716,Ki,nM,0.9992040197054544,-2.044741153717041,-2.5686362281710964,11.687619815225375,-2.044741153717041,10.973026933670045,0.5238950744540554,-0.7145928815553297
7JNR,VFG,diffdock_pocket,2.700000047683716,Ki,nM,0.9990079402923584,-2.0119791825612388,-2.5686362281710964,11.687619815225375,-2.0119791825612388,10.928339605013532,0.5566570456098576,-0.759280210211843
7JNV,VFJ,default,0.5199999809265137,Ki,nM,0.9988472660382588,-2.027182340621948,-3.283996672295028,12.66337146101042,-2.027182340621948,10.949076712608338,1.25681433167308,-1.7142947484020823
7JNV,VFJ,crystal_pocket,0.5199999809265137,Ki,nM,0.9383031725883484,-0.1858894526958465,-3.283996672295028,12.66337146101042,-0.1858894526958465,8.437553213477136,3.0981072195991812,-4.225818247533285
7JNV,VFJ,diffdock_pocket,0.5199999809265137,Ki,nM,0.9991570115089417,-2.213768561681112,-3.283996672295028,12.66337146101042,-2.213768561681112,11.203580318133039,1.070228110613916,-1.459791142877382
7JNW,VFM,default,0.5899999737739563,Ki,nM,0.998034119606018,-1.870230158170064,-3.229148007662646,12.58855788245185,-1.870230158170064,10.734993935743969,1.358917849492582,-1.8535639467078813
7JNW,VFM,crystal_pocket,0.5899999737739563,Ki,nM,0.998548984527588,-1.9032684564590452,-3.229148007662646,12.58855788245185,-1.9032684564590452,10.780058174610138,1.3258795512036008,-1.8084997078417118
7JNW,VFM,diffdock_pocket,0.5899999737739563,Ki,nM,0.9982576370239258,-1.8032488822937007,-3.229148007662646,12.58855788245185,-1.8032488822937007,10.64363147544861,1.4258991253689453,-1.9449264070032406
7JNX,VGS,default,0.6600000262260437,Ki,nM,0.9956563909848531,-1.6609281301498413,-3.1804560472008196,12.52214204838192,-1.6609281301498413,10.449505969524385,1.5195279170509783,-2.072636078857535
7JNX,VGS,crystal_pocket,0.6600000262260437,Ki,nM,0.99639630317688,-1.691530426343282,-3.1804560472008196,12.52214204838192,-1.691530426343282,10.491247501532238,1.4889256208575377,-2.030894546849682
7JNX,VGS,diffdock_pocket,0.6600000262260437,Ki,nM,0.9959777593612672,-1.6218560934066772,-3.1804560472008196,12.52214204838192,-1.6218560934066772,10.396211711406709,1.5585999537941424,-2.1259303369752107
7JNZ,VGV,default,0.5299999713897705,Ki,nM,0.9984382390975952,-2.1317639350891118,-3.2757241538431074,12.652087745842,-2.1317639350891118,11.09172600746155,1.1439602187539957,-1.5603617383804504
7JNZ,VGV,crystal_pocket,0.5299999713897705,Ki,nM,0.9989558657010396,-2.244910717010498,-3.2757241538431074,12.652087745842,-2.244910717010498,11.24605821800232,1.0308134368326094,-1.4060295278396797
7JNZ,VGV,diffdock_pocket,0.5299999713897705,Ki,nM,0.9985554814338684,-2.1792609691619877,-3.2757241538431074,12.652087745842,-2.1792609691619877,11.156511961936951,1.0964631846811197,-1.495575783905048
7K6I,VYV,default,445.0,Ki,nM,0.9942559202512106,-1.4472781419754028,-0.3516399890190684,8.66363694502201,-1.4472781419754028,10.15808738565445,-1.0956381529563344,1.4944504406324413
7K6I,VYV,crystal_pocket,445.0,Ki,nM,0.99556565284729,-1.7279691298802693,-0.3516399890190684,8.66363694502201,-1.7279691298802693,10.540949893156688,-1.3763291408612008,1.8773129481346782
7K6I,VYV,diffdock_pocket,445.0,Ki,nM,0.9928908149401346,-1.3627850612004595,-0.3516399890190684,8.66363694502201,-1.3627850612004595,10.042838823477428,-1.011145072181391,1.3792018784554188
7K6J,VYY,default,51.0,Ki,nM,0.9911866386731466,-1.5022143920262654,-1.2924298239020637,9.946874279802415,-1.5022143920262654,10.233020430723826,-0.20978456812420165,0.28614615092141094
7K6J,VYY,crystal_pocket,51.0,Ki,nM,0.9904774228731792,-1.3779656489690144,-1.2924298239020637,9.946874279802415,-1.3779656489690144,10.063545145193736,-0.08553582506695068,0.11667086539132043
7K6J,VYY,diffdock_pocket,51.0,Ki,nM,0.990530490875244,-1.3623088399569194,-1.2924298239020637,9.946874279802415,-1.3623088399569194,10.042189257701239,-0.06987901605485569,0.09531497789882337
7K6K,VZ1,default,475.0,Ki,nM,0.985166092713674,-1.2960714101791382,-0.3233063903751335,8.624989916471684,-1.2960714101791382,9.951841403484345,-0.9727650198040048,1.3268514870126609
7K6K,VZ1,crystal_pocket,475.0,Ki,nM,0.9846786459287008,-1.3463340202967329,-0.3233063903751335,8.624989916471684,-1.3463340202967329,10.020399603684744,-1.0230276299215995,1.3954096872130606
7K6K,VZ1,diffdock_pocket,475.0,Ki,nM,0.9906193216641744,-1.695011576016744,-0.3233063903751335,8.624989916471684,-1.695011576016744,10.49599578968684,-1.3717051856416105,1.8710058732151555
7K6L,VZD,default,458.0,Ki,nM,0.9880456328392028,-1.5373382170995076,-0.3391345219961308,8.646579488002724,-1.5373382170995076,10.28092932812373,-1.1982036951033768,1.634349840121006
7K6L,VZD,crystal_pocket,458.0,Ki,nM,0.9925127228101096,-1.654740532239278,-0.3391345219961308,8.646579488002724,-1.654740532239278,10.441066085974375,-1.3156060102431473,1.7944865979716518
7K6L,VZD,diffdock_pocket,458.0,Ki,nM,0.9902756214141846,-1.4195430278778076,-0.3391345219961308,8.646579488002724,-1.4195430278778076,10.12025669002533,-1.0804085058816768,1.473677202022607
7OYP,4J8,default,715.0,IC50,nM,0.9923268556594848,-0.1977569175263246,-0.14569395819891942,8.382726558983327,-0.1977569175263246,8.453740435505907,-0.05206295932740518,0.07101387652257962
7OYP,4J8,crystal_pocket,715.0,IC50,nM,0.9286770224571228,0.0909399986267089,-0.14569395819891942,8.382726558983327,0.0909399986267089,8.05995784187317,0.23663395682562832,-0.32276871711015787
7OYP,4J8,diffdock_pocket,715.0,IC50,nM,0.9920771718025208,-0.152019922931989,-0.14569395819891942,8.382726558983327,-0.152019922931989,8.391355174879234,-0.006325964733069567,0.008628615895906577
7QGX,MLI,default,1620000.0,Ki,nM,0.5559613108634949,2.1221632957458496,3.2095150145426308,3.806221520163852,2.1221632957458496,5.289369264602661,-1.0873517187967812,1.4831477444388095
7QGX,MLI,crystal_pocket,1620000.0,Ki,nM,0.7274833917617798,0.8189644813537598,3.2095150145426308,3.806221520163852,0.8189644813537598,7.066932447433472,-2.390550533188871,3.26071092726962
7QGX,MLI,diffdock_pocket,1620000.0,Ki,nM,0.5940137108167013,2.1811875899632773,3.2095150145426308,3.806221520163852,2.1811875899632773,5.20886012729009,-1.0283274245793534,1.4026386071262382
7RNY,65M,default,9.300000190734863,Ki,nM,0.9948936700820924,-1.7094032764434814,-2.031517042539065,10.954989246023285,-1.7094032764434814,10.51562606906891,0.32211376609558373,-0.4393631769543749
7RNY,65M,crystal_pocket,9.300000190734863,Ki,nM,0.996252179145813,-1.758857250213623,-2.031517042539065,10.954989246023285,-1.758857250213623,10.583081289291382,0.27265979232544213,-0.3719079567319028
7RNY,65M,diffdock_pocket,9.300000190734863,Ki,nM,0.9976083238919576,-2.226895570755005,-2.031517042539065,10.954989246023285,-2.226895570755005,11.221485558509828,-0.1953785282159397,0.2664963124865434
7RNZ,AZI,default,1510000.0,Ki,nM,0.3153294622898102,1.3407352368036909,3.1789769472931693,3.8478754438921174,1.3407352368036909,6.355237136999766,-1.8382417104894784,2.5073616931076486
7RNZ,AZI,crystal_pocket,1510000.0,Ki,nM,0.1175351079847217,1.702003002166748,3.1789769472931693,3.8478754438921174,1.702003002166748,5.862467905044556,-1.4769739451264212,2.014592461152439
7RNZ,AZI,diffdock_pocket,1510000.0,Ki,nM,0.3716915746529897,1.430732687314351,3.1789769472931693,3.8478754438921174,1.430732687314351,6.232480614503226,-1.7482442599788182,2.3846051706111084
7Y2G,BCT,default,73000000.0,Ki,nM,0.4913908342520396,0.5503418346246084,4.863322860120456,1.5504276187956982,0.5503418346246084,7.433333737572035,-4.312981025495848,5.8829061187763365
7Y2G,BCT,crystal_pocket,73000000.0,Ki,nM,0.6885710755983988,0.1627261340618133,4.863322860120456,1.5504276187956982,0.1627261340618133,7.962041553139687,-4.7005967260586425,6.411613934343989
7Y2G,BCT,diffdock_pocket,73000000.0,Ki,nM,0.6653704841931661,0.3407589495182037,4.863322860120456,1.5504276187956982,0.3407589495182037,7.7192047928571705,-4.522563910602252,6.168777174061472
7Y2H,BCT,default,73000000.0,Ki,nM,0.497084230184555,0.4394841094811757,4.863322860120456,1.5504276187956982,0.4394841094811757,7.584543674667677,-4.4238387506392804,6.034116055871979
7Y2H,BCT,crystal_pocket,73000000.0,Ki,nM,0.6883550683657328,0.2445410192012787,4.863322860120456,1.5504276187956982,0.2445410192012787,7.850446049809457,-4.618781840919177,6.300018431013759
7Y2H,BCT,diffdock_pocket,73000000.0,Ki,nM,0.5716263552506765,0.367576003074646,4.863322860120456,1.5504276187956982,0.367576003074646,7.682626331806183,-4.49574685704581,6.132198713010485
8C0Q,SWU,default,32.0,Ki,nM,0.9604915181795756,-0.7221558690071106,-1.494850021680094,10.22297542957165,-0.7221558690071106,9.1690206053257,0.7726941526729834,-1.0539548242459489
8C0Q,SWU,crystal_pocket,32.0,Ki,nM,0.9813549717267356,-0.9193451404571532,-1.494850021680094,10.22297542957165,-0.9193451404571532,9.437986771583558,0.5755048812229407,-0.7849886579880909
8C0Q,SWU,diffdock_pocket,32.0,Ki,nM,0.9850667715072632,-0.910814901192983,-1.494850021680094,10.22297542957165,-0.910814901192983,9.42635152522723,0.5840351204871109,-0.7966239043444201
8C0R,SXL,default,104.0,Ki,nM,0.966099202632904,-0.6951339344183604,-0.9829666607012196,9.524766525196464,-0.6951339344183604,9.132162686546645,0.2878327262828593,-0.3926038386498192
8C0R,SXL,crystal_pocket,104.0,Ki,nM,0.9829133152961732,-1.2392847935358684,-0.9829666607012196,9.524766525196464,-1.2392847935358684,9.874384458382925,-0.25631813283464877,0.3496179331864617
8C0R,SXL,diffdock_pocket,104.0,Ki,nM,0.9688155651092528,-0.9117472767829896,-0.9829666607012196,9.524766525196464,-0.9117472767829896,9.427623285531999,0.07121938391823002,-0.09714323966446514
8FAU,SO4,default,300000000.0,Ki,nM,0.651561955610911,0.4953407148520152,5.477121254719663,0.7132066085623803,0.4953407148520152,7.5083552649418515,-4.981780539867647,6.795148656379471
8FAU,SO4,crystal_pocket,300000000.0,Ki,nM,0.2783587624629338,1.4507299661636353,5.477121254719663,0.7132066085623803,1.4507299661636353,6.205204326152802,-4.026391288556027,5.491997717590421
8FAU,SO4,diffdock_pocket,300000000.0,Ki,nM,0.798362116018931,0.3605468273162842,5.477121254719663,0.7132066085623803,0.3605468273162842,7.692214127540589,-5.116574427403378,6.979007518978208
8J2O,SO4,default,183000000.0,Ki,nM,0.5832824110984802,0.6005831360816956,5.26245108973043,1.0060167136076938,0.6005831360816956,7.3648046023845675,-4.661867953648734,6.358787888776874
8J2O,SO4,crystal_pocket,183000000.0,Ki,nM,0.6083103617032369,1.1535557707150776,5.26245108973043,1.0060167136076938,1.1535557707150776,6.610549928744635,-4.108895319015352,5.604533215136941
8J2O,SO4,diffdock_pocket,183000000.0,Ki,nM,0.7845372955004374,0.3878999054431915,5.26245108973043,1.0060167136076938,0.3878999054431915,7.654904528975488,-4.874551184287238,6.648887815367794
8OMB,VRN,default,9.0,IC50,nM,0.97775004307429,-1.2959650754928589,-2.0457574905606752,10.974413217124761,-1.2959650754928589,9.95169636297226,0.7497924150678164,-1.0227168541525007
8OMB,VRN,crystal_pocket,9.0,IC50,nM,0.9839797616004944,-1.4130013386408489,-2.0457574905606752,10.974413217124761,-1.4130013386408489,10.111333825906119,0.6327561519198264,-0.8630793912186423
8OMB,VRN,diffdock_pocket,9.0,IC50,nM,0.9838993350664774,-1.3183866739273071,-2.0457574905606752,10.974413217124761,-1.3183866739273071,9.982279423236848,0.7273708166333681,-0.9921337938879127
8ZWV,V7Z,default,125893.0,Kd,nM,0.9535043239593506,-0.0446073152124881,2.100001582801352,5.319597841058957,-0.0446073152124881,8.244844377949834,-2.14460889801384,2.925246536890877
8ZWV,V7Z,crystal_pocket,125893.0,Kd,nM,0.9614139199256896,-0.1534041911363601,2.100001582801352,5.319597841058957,-0.1534041911363601,8.393243316709995,-2.253405773937712,3.0736454756510385
8ZWV,V7Z,diffdock_pocket,125893.0,Kd,nM,0.9648261268933614,-0.1867259989182154,2.100001582801352,5.319597841058957,-0.1867259989182154,8.438694262524447,-2.286727581719567,3.11909642146549
